series,frac,X,scenario,label,kelly_mult,leverage,n_obs,cagr,ann_vol,sharpe,sortino,max_dd,calmar,final_wealth,log_final_wealth,final_wealth_raw,worst_day,best_day,worst_month,mdd_peak,mdd_trough,mdd_recovery,mdd_recovered,mdd_duration_days,mdd_recovery_days,mdd_duration_tdays,mdd_recovery_tdays,longest_underwater_days,n_dd_20,n_dd_35,n_dd_50,pct_days_below_20,q01,q05,q50,q95,q99,skew,kurt,wiped_out
mkt,full,0,full_x0,"Full Kelly, original",1.0,2.6163616454101675,26233,0.14903182447736774,0.4571129145667999,0.46614813037710473,0.6570431657481695,-0.9966754611485887,0.14952893924529906,1054300.8838567971,13.868388435899895,1054300.8838568085,-0.4559934709595332,0.4099838698357733,-0.6104393148826501,1929-09-03,1932-07-08,1954-02-04,True,8920.0,7881.0,7107,6262,8920.0,32,14,9,0.6196393855068044,-0.08061012769786792,-0.041238513997480644,0.0017698169872461004,0.03924542468115251,0.07803557703322302,-0.16136801291767994,16.134456146026313,False
mkt,half,0,half_x0,"Half Kelly, original",0.5,1.3081808227050837,26233,0.11820138587007545,0.228546674180072,0.46614813037710473,0.6570431657481695,-0.9175848811609626,0.12881793095862984,69785.7099319718,11.153184539022357,69785.70993197126,-0.2278467354797666,0.20499193491788664,-0.36494235466291225,1929-09-03,1932-07-08,1945-10-01,True,5872.0,4833.0,4798,3953,5872.0,19,9,4,0.3467007204665879,-0.04027106384893396,-0.020538438916469816,0.0009232723290820335,0.019691894258305746,0.03905178851661153,-0.16403206846925103,16.12979217984354,False
mkt,quarter,0,quarter_x0,"Quarter Kelly, original",0.25,0.6540904113525419,26233,0.08124897953109812,0.1142700235401623,0.46614813037710473,0.6570431657481695,-0.6806677551014767,0.11936657631003131,2436.7573240471997,7.798423468874926,2436.7573240471665,-0.11377336773988331,0.10249596745894332,-0.19975284637958501,1929-09-03,1932-06-01,1943-06-05,True,5023.0,4021.0,4112,3297,5023.0,7,2,1,0.125986353066748,-0.020048575628523035,-0.010203810417099654,0.0005232723290820335,0.009942174252558637,0.019612850554249703,-0.16933866312555826,16.116793934321954,False
mkt,unlev,0,unlev_x0,"Unlevered 1.00x, original",,1.0,26233,0.10244467074804008,0.17470275413524233,0.46614813037710473,0.6570431657481696,-0.8407399476860208,0.12185060437534798,16923.50490197985,9.736458757215637,16923.504901979693,-0.1741,0.1567,-0.2911037495299549,1929-09-03,1932-07-08,1945-02-06,True,5635.0,4596.0,4613,3768,5635.0,16,5,2,0.25540349940914114,-0.0307,-0.0157,0.0007999999999999999,0.0151,0.029900000000000003,-0.16567074074665789,16.126307820442385,False
mkt,full,5,full_x5,"Full Kelly, -5 best days",1.0,2.6163616454101675,26228,0.13341353066468856,0.4515708614653815,0.4369483393778779,0.608357655529064,-0.9983022859126001,0.13364041387797515,268910.05437755515,12.502132232326078,268270.03100221104,-0.4559934709595332,0.25588016892111437,-0.6196019052243699,1929-09-03,1933-03-31,1955-06-06,True,9407.0,8102.0,7439,6388,9407.0,32,14,9,0.6539576025621473,-0.08063129131432203,-0.041238513997480644,0.0017698169872461004,0.03922385202356302,0.07759030470414087,-0.45594065057188754,13.495830520286244,False
mkt,half,5,half_x5,"Half Kelly, -5 best days",0.5,1.3081808227050837,26228,0.11005607291584057,0.22577696258526309,0.4369483393778779,0.608357655529064,-0.9372781957183903,0.11742092520512175,33635.24218546113,10.42332967083399,33568.4859639827,-0.2278467354797666,0.12794008446055719,-0.36494235466291225,1929-09-03,1932-07-08,1950-11-22,True,7750.0,6711.0,6244,5401,7750.0,18,8,4,0.38851608967515633,-0.040279145657161015,-0.020538438916469816,0.0009194994524877961,0.019691894258305746,0.03885297043434099,-0.45850675032202265,13.493738743723181,False
mkt,quarter,5,quarter_x5,"Quarter Kelly, -5 best days",0.25,0.6540904113525419,26228,0.07716018160310333,0.11288656233983775,0.4369483393778779,0.608357655529064,-0.7227408803528812,0.10676050532167151,1669.3584985908417,7.4201946990326455,1666.999216417182,-0.11377336773988331,0.06397004223027859,-0.19975284637958501,1929-09-03,1932-06-01,1945-11-07,True,5909.0,4907.0,4822,4009,5909.0,7,2,1,0.19723196583803568,-0.020053575628523036,-0.010203810417099654,0.0005232723290820335,0.009942174252558637,0.019454490817055536,-0.46356526568051354,13.486410084905106,False
mkt,unlev,5,unlev_x5,"Unlevered 1.00x, -5 best days",,1.0,26228,0.09619772988090666,0.17258617010172575,0.43694833937787786,0.6083576555290641,-0.8711707447236291,0.11042350820839893,9596.631633306002,9.169167444355482,9579.874823757666,-0.1741,0.0978,-0.2911037495299549,1929-09-03,1932-07-08,1950-02-04,True,7459.0,6420.0,6022,5179,7459.0,15,5,2,0.29373188958365104,-0.0307,-0.015700000000000002,0.0007999999999999999,0.0151,0.0297,-0.46007638716268795,13.491927115721047,False
mkt,full,10,full_x10,"Full Kelly, -10 best days",1.0,2.6163616454101675,26223,0.12112844591009542,0.44832714553251646,0.4129792954883247,0.5708003578496096,-0.9983022859126001,0.12133443709323534,90595.85952293735,11.414163790356936,90202.52686188214,-0.4559934709595332,0.22683855465706151,-0.6659872846565488,1929-09-03,1933-03-31,1955-09-06,True,9499.0,8194.0,7502,6451,9499.0,32,14,10,0.6667048011287801,-0.08065245493077611,-0.041238513997480644,0.0017698169872461004,0.039183788516611494,0.07718266853959994,-0.5905465595082936,12.834811687223826,False
mkt,half,10,half_x10,"Half Kelly, -10 best days",0.5,1.3081808227050837,26223,0.10370224575623813,0.22415556534920547,0.4129792954883247,0.5708003578496096,-0.9372781957183903,0.11064190571162712,18963.50663742744,9.850271707939411,18892.433778675,-0.2278467354797666,0.11341927732853076,-0.40357156127674365,1929-09-03,1932-07-08,1951-01-29,True,7818.0,6779.0,6297,5454,7818.0,18,8,4,0.4030812645387637,-0.040287227465388056,-0.020538438916469816,0.0009157265758935587,0.019622712340576255,0.03859133426979997,-0.5931209809101889,12.833050823675977,False
mkt,quarter,10,quarter_x10,"Quarter Kelly, -10 best days",0.25,0.6540904113525419,26223,0.07398650366757743,0.11207637250718284,0.4129792954883247,0.5708003578496096,-0.7227408803528812,0.10236933550991777,1243.427393116084,7.125626872408126,1240.054474606318,-0.11377336773988331,0.05670963866426538,-0.22205050782129854,1929-09-03,1932-06-01,1946-01-28,True,5991.0,4989.0,4886,4073,5991.0,7,2,1,0.2084429699119094,-0.020058575628523034,-0.010203810417099654,0.0005232723290820335,0.00988053808801762,0.019346686186985408,-0.5981709159161375,12.826499037879987,False
mkt,unlev,10,unlev_x10,"Unlevered 1.00x, -10 best days",,1.0,26223,0.09133584991370292,0.17134697039235033,0.41297929548832457,0.5708003578496094,-0.8711707447236291,0.10484265049864407,6157.421215938184,8.725413335099713,6136.97490994831,-0.1741,0.0867,-0.3227558174124975,1929-09-03,1932-07-08,1950-05-19,True,7563.0,6524.0,6107,5264,7563.0,16,6,2,0.3222362048583305,-0.0307,-0.015700000000000002,0.0007000000000000001,0.015000000000000001,0.029500000000000002,-0.5946915630379411,12.831462274357898,False
mkt,full,15,full_x15,"Full Kelly, -15 best days",1.0,2.6163616454101675,26218,0.11014383010958007,0.44573122314263264,0.3910033995040853,0.537245135271482,-0.9988432039699907,0.11027139161762693,33901.73911635607,10.431221593420107,33700.13197832404,-0.4559934709595332,0.20695420615194426,-0.6659872846565488,1929-09-03,1933-03-31,1958-12-29,True,10709.0,9404.0,8331,7282,10709.0,29,13,10,0.6998626897551301,-0.08067361854723022,-0.041238513997480644,0.0017698169872461004,0.03908954309193026,0.0763872818980048,-0.6903549306586595,12.463557177182416,False
mkt,half,15,half_x15,"Half Kelly, -15 best days",0.5,1.3081808227050837,26218,0.09802217721164207,0.22285801620602916,0.3910033995040853,0.537245135271482,-0.9487014261584555,0.10332247270730892,11329.678306570278,9.335180960553672,11269.363347607166,-0.2278467354797666,0.10347710307597213,-0.40357156127674365,1929-09-03,1932-07-08,1954-02-03,True,8919.0,7880.0,7097,6256,8919.0,18,8,4,0.42329697154626594,-0.04029530927361511,-0.020538438916469816,0.0009157265758935587,0.019622712340576255,0.03831921995728687,-0.6929356887301578,12.462001331659412,False
mkt,quarter,15,quarter_x15,"Quarter Kelly, -15 best days",0.25,0.6540904113525419,26218,0.07115014850078952,0.11142804840507747,0.3910033995040853,0.537245135271482,-0.7499012113187288,0.09487936201045652,954.9227360241249,6.861630432520992,951.1834631066652,-0.11377336773988331,0.051738551537986066,-0.22205050782129854,1929-09-03,1932-06-01,1950-11-18,True,7746.0,6744.0,6236,5425,7746.0,7,2,1,0.2508963307651232,-0.020063575628523032,-0.010203810417099654,0.0005232723290820335,0.009853776786598493,0.019234030970358966,-0.6979792582464186,12.455912464995087,False
mkt,unlev,15,unlev_x15,"Unlevered 1.00x, -15 best days",,1.0,26218,0.08699000179790367,0.1703553013628215,0.39100339950408525,0.5372451352714819,-0.8897231034298232,0.09777199385130388,4134.336050837699,8.327082026448707,4114.697546958638,-0.1741,0.0791,-0.3227558174124975,1929-09-03,1932-07-08,1951-09-10,True,8042.0,7003.0,6464,5623,8042.0,16,7,2,0.3491875810511862,-0.0307,-0.015700000000000002,0.0007000000000000001,0.015,0.029300000000000003,-0.6945070187684586,12.460547936429695,False
mkt,full,25,full_x25,"Full Kelly, -25 best days",1.0,2.6163616454101675,26208,0.09071306328602848,0.4416236635019503,0.3509634412327219,0.4776908385979405,-0.9996351193058328,0.09074617481328737,5816.345904286592,8.668427492047046,5768.495018737023,-0.4559934709595332,0.1779125918878914,-0.6659872846565488,1929-09-03,1942-04-28,1965-10-19,True,13195.0,8575.0,10038,6276,13195.0,26,12,9,0.7544642857142857,-0.08071594578013844,-0.041238513997480644,0.0017698169872461004,0.038983788516611495,0.07535121538781282,-0.8374062373726502,12.079550677559547,False
mkt,half,25,half_x25,"Half Kelly, -25 best days",0.5,1.3081808227050837,26208,0.08796070178791635,0.220806099885591,0.3509634412327219,0.4776908385979405,-0.9666290223841699,0.0909973730883469,4519.661161252731,8.416192305691702,4483.555684306919,-0.2278467354797666,0.0889562959439457,-0.40357156127674365,1929-09-03,1933-03-31,1956-02-24,True,9670.0,8365.0,7608,6564,9670.0,18,8,4,0.4564255189255189,-0.040311472890069214,-0.020538438916469816,0.0009157265758935587,0.019536862504829767,0.03773994687739486,-0.839872682442237,12.07902734635619,False
mkt,quarter,25,quarter_x25,"Quarter Kelly, -25 best days",0.25,0.6540904113525419,26208,0.06612486921744083,0.11040401595850988,0.3509634412327219,0.4776908385979405,-0.7932943894114208,0.08335476728443991,597.155015248887,6.392176736720867,593.5283641500879,-0.11377336773988331,0.04447814797197285,-0.22205050782129854,1929-09-03,1933-03-31,1954-05-26,True,9031.0,7726.0,7167,6123,9031.0,7,2,1,0.29174297924297926,-0.020073575628523035,-0.010203810417099654,0.0005232723290820335,0.009815129046882365,0.018899162457932207,-0.8446581195818518,12.075043917509248,False
mkt,unlev,25,unlev_x25,"Unlevered 1.00x, -25 best days",,1.0,26208,0.07929039648719821,0.16878766865564576,0.350963441232722,0.4776908385979406,-0.9192167762494251,0.08625864816209919,2033.3219653879441,7.617426170684845,2018.6147297129976,-0.1741,0.068,-0.3227558174124975,1929-09-03,1933-03-31,1955-02-10,True,9291.0,7986.0,7347,6303,9291.0,16,7,2,0.39285714285714285,-0.0307,-0.015700000000000002,0.0007000000000000001,0.015,0.028893000000000026,-0.8413686550403947,12.078217108409481,False
mkt,full,35,full_x35,"Full Kelly, -35 best days",1.0,2.6163616454101675,26198,0.07393916150632132,0.4385353025407751,0.31526927143839195,0.4260221478790625,-0.9998759484461253,0.07394833491217363,1237.967474306803,7.121226180126218,1226.261095036734,-0.4559934709595332,0.16058296886364326,-0.6666875637627108,1929-09-03,1942-04-28,1983-04-15,True,19582.0,14962.0,14418,10663,19582.0,20,8,7,0.8241850522940682,-0.08074857484317417,-0.041238513997480644,0.0017698169872461004,0.03882215235207048,0.07404418548017147,-0.9380918663042629,11.952469874066097,False
mkt,half,35,half_x35,"Half Kelly, -35 best days",0.5,1.3081808227050837,26198,0.07925451252374885,0.21926396692199698,0.31526927143839195,0.4260221478790625,-0.9809429873292511,0.08079420878427389,2026.5841813733455,7.614106985483572,2006.1008949747552,-0.2278467354797666,0.08039148443182163,-0.41435750018826545,1929-09-03,1933-03-31,1959-07-29,True,10921.0,9616.0,8464,7427,10921.0,16,8,4,0.4962592564317887,-0.04032348559145955,-0.020538438916469816,0.0009157265758935587,0.019465698888375748,0.03702451728255376,-0.9404208351642671,11.95276196930767,False
mkt,quarter,35,quarter_x35,"Quarter Kelly, -35 best days",0.25,0.6540904113525419,26198,0.061772800608035666,0.10963504446886957,0.31526927143839195,0.4260221478790625,-0.8446753923864045,0.07313199977746851,396.9545694063939,5.983821839394444,393.79806004326093,-0.11377336773988331,0.04029574221591081,-0.23214764022765266,1929-09-03,1933-03-31,1955-09-23,True,9516.0,8211.0,7496,6459,9516.0,7,2,2,0.33353691121459655,-0.02008150017099115,-0.010203810417099654,0.0005232723290820335,0.009811356170288128,0.018580865101474504,-0.9449101839373476,11.950400549812413,False
mkt,unlev,35,unlev_x35,"Unlevered 1.00x, -35 best days",,1.0,26198,0.07262481933789408,0.16760980766657335,0.31526927143839195,0.4260221478790624,-0.9475689786502984,0.07664330615945203,1095.5085237591059,6.998973939707319,1085.3262662356033,-0.1741,0.0615,-0.33405706860493634,1929-09-03,1933-03-31,1958-10-03,True,10622.0,9317.0,8259,7222,10622.0,15,7,2,0.41881059622871974,-0.030702999999999998,-0.015700000000000002,0.0007000000000000001,0.0149,0.028302999999999887,-0.9418285606662583,11.952452894265912,False
mkt,full,50,full_x50,"Full Kelly, -50 best days",1.0,2.6163616454101675,26183,0.051223172095907855,0.43465595800414714,0.2653247140256499,0.35525629231900285,-0.9999701470405278,0.05122470130483989,146.4906492137515,4.986961598527563,145.10483313813853,-0.4559934709595332,0.14154516501669007,-0.7162476003671908,1929-09-03,1942-04-28,1987-07-30,True,21149.0,16529.0,15492,11747,21149.0,12,4,4,0.8820226864759577,-0.08076357484317417,-0.041238513997480644,0.0017698169872461004,0.03865051618752924,0.07283485374240266,-1.0595915329657128,11.887663050080684,False
mkt,half,50,half_x50,"Half Kelly, -50 best days",0.5,1.3081808227050837,26183,0.06739329976476943,0.21732599512302592,0.2653247140256499,0.35525629231900285,-0.9883578687474169,0.06818714343841821,672.4178681712783,6.51087997490428,664.124918461421,-0.2278467354797666,0.07077258250834503,-0.43874754893248213,1929-09-03,1934-07-26,1966-01-05,True,13273.0,11486.0,10074,8657,13273.0,15,7,5,0.5627697360883016,-0.04032697644082185,-0.020538438916469816,0.0009157265758935587,0.01936107617603524,0.03646742687120133,-1.0618343683534686,11.888464181155557,False
mkt,quarter,50,quarter_x50,"Quarter Kelly, -50 best days",0.25,0.6540904113525419,26183,0.055823214538684475,0.10866782056744385,0.2653247140256499,0.35525629231900285,-0.8764374790168089,0.06369332197124566,226.52499837325016,5.422855306926792,224.19570758236566,-0.11377336773988331,0.03542088221303727,-0.2415367167663185,1929-09-03,1933-03-31,1961-01-04,True,11446.0,10141.0,8815,7784,11446.0,7,2,2,0.37692395829354924,-0.02008612288333173,-0.010203810417099654,0.0005232723290820335,0.009745947129152874,0.018258442608138855,-1.0661248761559277,11.88708830640652,False
mkt,unlev,50,unlev_x50,"Unlevered 1.00x, -50 best days",,1.0,26183,0.06352975968871448,0.166129199479056,0.2653247140256499,0.3552562923190028,-0.9632953334445661,0.06595044892571399,468.1920317398731,6.148878535988173,462.73697146439844,-0.1741,0.05410000000000001,-0.35124937506478227,1929-09-03,1934-07-26,1964-01-03,True,12540.0,10753.0,9568,8151,12540.0,14,7,3,0.4783256311347057,-0.030718000000000002,-0.015700000000000002,0.0007000000000000001,0.0148,0.027899999999999998,-1.0631845926278294,11.888463473510399,False
mkt,full,75,full_x75,"Full Kelly, -75 best days",1.0,2.6163616454101675,26158,0.01937383729644546,0.4299396781827125,0.1922754570892733,0.2545300538370219,-0.9999931441557762,0.01937397012136661,6.79099985102669,1.915598184194789,6.75390934677983,-0.4559934709595332,0.1203526356888677,-0.747577193773274,1929-09-03,1942-04-28,1997-06-19,True,24761.0,20141.0,17977,14244,24761.0,8,3,3,0.9389479317990672,-0.08078857484317417,-0.041238513997480644,0.0016698169872461004,0.03834648928312844,0.07086826797682719,-1.1951747594662003,11.984607864314947,False
mkt,half,75,half_x75,"Half Kelly, -75 best days",0.5,1.3081808227050837,26158,0.050633494722427834,0.2149696158372386,0.1922754570892733,0.2545300538370219,-0.9942839256319486,0.050924583428466993,138.51057837056078,4.9309467008375245,136.57161811289265,-0.2278467354797666,0.06017631784443385,-0.47156732452763994,1929-09-03,1942-04-28,1980-08-07,True,18601.0,13981.0,13715,9982,18601.0,7,4,4,0.7265463720467926,-0.04033279452309236,-0.020543061628810387,0.0009157265758935587,0.01923025809376473,0.03548144851993147,-1.1973528838732483,11.985684318457974,False
mkt,quarter,75,quarter_x75,"Quarter Kelly, -75 best days",0.25,0.6540904113525419,26158,0.04738204361865606,0.10749146691884642,0.19227545708927327,0.2545300538370218,-0.9068995518914633,0.05224618704445748,101.64818452726685,4.6215176798781386,100.31395187387635,-0.11377336773988331,0.030088158922216925,-0.26441623011896676,1929-09-03,1942-04-28,1965-10-08,True,13184.0,8564.0,10001,6268,13184.0,7,3,2,0.4526339934245737,-0.020093827403899353,-0.010231421554265058,0.0005232723290820335,0.009653492882341349,0.017753976035342064,-1.2014831497736667,11.984769981434717,False
mkt,unlev,75,unlev_x75,"Unlevered 1.00x, -75 best days",,1.0,26158,0.050654126281133076,0.1643287839655875,0.19227545708927332,0.25453005383702193,-0.9777055084222952,0.051809185736175996,138.78237709129021,4.932907073810735,136.8388450779381,-0.1741,0.046,-0.38066766115969664,1929-09-03,1942-04-28,1972-03-06,True,15525.0,10905.0,11588,7855,15525.0,10,5,2,0.5898004434589801,-0.030743,-0.015700000000000002,0.0007000000000000001,0.0147,0.027143000000000028,-1.1986581077448109,11.985838516679237,False
mkt,full,100,full_x100,"Full Kelly, -100 best days",1.0,2.6163616454101675,26133,-0.00803839536107363,0.4263115503038832,0.12654430900379854,0.16602197691968595,-0.9999983156513647,-0.008038408900556692,0.44676714901052983,-0.8057177395337651,0.448141454599602,-0.4559934709595332,0.10910228061360398,-0.7731775517877604,1929-09-03,1942-04-28,,False,35303.0,30683.0,25187,21467,35303.0,4,1,1,0.963226571767497,-0.08081357484317417,-0.04126316846329704,0.0016698169872461004,0.03803724385844743,0.06828703894520537,-1.2931494376590298,12.152934979578514,False
mkt,half,100,half_x100,"Half Kelly, -100 best days",0.5,1.3081808227050837,26133,0.03605989389014122,0.21315769114802152,0.12654430900379854,0.16602197691968595,-0.9972202076093055,0.03616041232917824,34.345884792787174,3.5364822092436614,33.885973424879595,-0.2278467354797666,0.05455114030680199,-0.4998188529141414,1929-09-03,1942-04-28,1985-11-27,True,20539.0,15919.0,15042,11322,20539.0,4,3,3,0.824819194122374,-0.04033861260536287,-0.020569256998740324,0.0009157265758935587,0.01909944001149422,0.03414351947260268,-1.2952231429145555,12.154173171089695,False
mkt,quarter,100,quarter_x100,"Quarter Kelly, -100 best days",0.25,0.6540904113525419,26133,0.040005150494963004,0.10658770414615071,0.12654430900379854,0.16602197691968595,-0.9354055394619469,0.042767707488641026,50.19463381192508,3.9159081248070886,49.45092245999738,-0.11377336773988331,0.02731393398885998,-0.28465428792335545,1929-09-03,1942-04-28,1972-04-11,True,15561.0,10941.0,11599,7879,15561.0,6,4,2,0.543144682967895,-0.02010153192446698,-0.010234628499370162,0.0005232723290820335,0.009615129046882364,0.01707175973630134,-1.2991207617612062,12.153488851183003,False
mkt,unlev,100,unlev_x100,"Unlevered 1.00x, -100 best days",,1.0,26133,0.03943106508314389,0.16294473518551317,0.1265443090037985,0.16602197691968593,-0.9871973468021961,0.039942434216291164,47.50269106158097,3.8607863633638337,46.80869960258727,-0.1741,0.0417,-0.4063148592405069,1929-09-03,1942-04-28,1980-11-13,True,18699.0,14079.0,13768,10048,18699.0,7,3,2,0.7374583859488004,-0.030768,-0.015700000000000002,0.0007000000000000001,0.0146,0.026099999999999998,-1.2964600524237957,12.154411533515862,False
mkt,full,150,full_x150,"Full Kelly, -150 best days",1.0,2.6163616454101675,26083,-0.05599685753144859,0.4203888357234971,0.004827980430448349,0.006240095217547617,-0.9999998562424323,-0.055996865581421786,0.003173892246914835,-5.7527966061262665,0.0032800317406498363,-0.4559934709595332,0.09795192553834027,-0.7948309635251117,1929-09-03,1942-04-28,,False,35303.0,30683.0,25137,21442,35303.0,4,1,1,0.9634244527086608,-0.08092595288164371,-0.04130015016202166,0.0016698169872461004,0.037413971529365396,0.0639461296383907,-1.4489254224776147,12.530526972510915,False
mkt,half,150,half_x150,"Half Kelly, -150 best days",0.5,1.3081808227050837,26083,0.01014669519126615,0.21019907995593123,0.004827980430448349,0.006240095217547617,-0.9992123600411188,0.01015469343358463,2.7396840896381556,1.0078426180004199,2.723941153841857,-0.2278467354797666,0.04902596276917014,-0.5249128096782889,1929-09-03,1942-04-28,1996-10-02,True,24501.0,19881.0,17751,14056,24501.0,3,2,2,0.919526128129433,-0.04035987073143436,-0.020569256998740324,0.0008849084936230502,0.01871377694255231,0.032025159328812745,-1.450886200225509,12.531819427812662,False
mkt,quarter,150,quarter_x150,"Quarter Kelly, -150 best days",0.25,0.6540904113525419,26083,0.02677552427503629,0.1051112446346275,0.004827980430448349,0.006240095217547617,-0.9658988413648403,0.02772083693278043,13.983079739122335,2.6378480086186085,13.773752981308187,-0.11377336773988331,0.024562981384585066,-0.3030943036373841,1929-09-03,1942-04-28,1982-11-03,True,19419.0,14799.0,14235,10540,19419.0,3,2,2,0.7479967795115593,-0.020129393710793544,-0.010234628499370162,0.0004924542468115251,0.00942267480007084,0.01606535329181072,-1.454518622438847,12.531055540742699,False
mkt,unlev,150,unlev_x150,"Unlevered 1.00x, -150 best days",,1.0,26083,0.019396072700722813,0.16068443194521378,0.004827980430448402,0.006240095217547687,-0.995145867849915,0.019490683051952413,6.805803733887361,1.917775738443902,6.731580218601019,-0.1741,0.037500000000000006,-0.42936837681709616,1929-09-03,1942-04-28,1991-02-13,True,22443.0,17823.0,16326,12631,22443.0,3,2,2,0.8457232680289843,-0.030817999999999998,-0.015700000000000002,0.0007,0.0144,0.0245,-1.45204697394378,12.53205998193829,False
mkt,full,200,full_x200,"Full Kelly, -200 best days",1.0,2.6163616454101675,26033,-0.09742946295910367,0.41559997602444404,-0.10768558556819487,-0.1374625370215006,-0.9999999858167749,-0.09742946434096769,3.5947789249001e-05,-10.233442970848035,3.886473186061575e-05,-0.4559934709595332,0.08879465977940468,-0.7948309635251117,1929-09-03,1942-04-28,,False,35303.0,30683.0,25087,21418,35303.0,4,1,1,0.9633542042791842,-0.08114922521072575,-0.04133851399748065,0.0015698169872461003,0.03689069920028336,0.061564775094485824,-1.5724598788985913,12.917272308330347,False
mkt,half,200,half_x200,"Half Kelly, -200 best days",0.5,1.3081808227050837,26033,-0.012701734960413472,0.2078078675999916,-0.10768558556819487,-0.1374625370215006,-0.999758923395977,-0.012704797789919463,0.27911280045424747,-1.2761392761656891,0.28184161651362516,-0.2278467354797666,0.04444732988970234,-0.5249128096782889,1929-09-03,1942-04-28,,False,35303.0,30683.0,25087,21418,35303.0,1,1,1,0.9621634079821765,-0.040398234566893336,-0.020581584231648523,0.0008849084936230502,0.01854534960014168,0.030863205629513422,-1.5742601839421735,12.918428686403553,False
mkt,quarter,200,quarter_x200,"Quarter Kelly, -200 best days",0.25,0.6540904113525419,26033,0.014990590040674833,0.10391893501165725,-0.1076855855681949,-0.13746253702150063,-0.9812624810355219,0.015276840122181508,4.416769010284844,1.4854084356356172,4.367032444377432,-0.11377336773988331,0.022273664944851168,-0.3030943036373841,1929-09-03,1942-04-28,1987-06-15,True,21104.0,16484.0,15369,11700,21104.0,3,2,2,0.8243767525832597,-0.020179393710793542,-0.010246955732278362,0.0004924542468115251,0.009326447676665078,0.01546126288045818,-1.577539655560601,12.917208060507495,False
mkt,unlev,200,unlev_x200,"Unlevered 1.00x, -200 best days",,1.0,26033,0.0016446810990633194,0.1588580767006215,-0.10768558556819487,-0.13746253702150055,-0.9980458617687995,0.0016479013260457915,1.178278010233692,0.16405405928149835,1.1768052053272944,-0.1741,0.034,-0.42936837681709616,1929-09-03,1942-04-28,1997-10-07,True,24871.0,20251.0,17974,14305,24871.0,3,2,2,0.9303192102331655,-0.030867999999999996,-0.015700000000000002,0.0007,0.014199999999999999,0.0236,-1.575316730152997,12.918554683030711,False
mkt,full,300,full_x300,"Full Kelly, -300 best days",1.0,2.6163616454101675,25933,-0.16575105979915755,0.4084022635903195,-0.3092122897289875,-0.3871254288104909,-0.999999999261433,-0.16575105992157582,1.3897163491896324e-08,-18.09158108296512,1.709147275326626e-08,-0.4559934709595332,0.07378139840056672,-0.8105616694357715,1929-09-03,2011-12-19,,False,35303.0,5246.0,24989,3584,35303.0,4,1,1,0.9652951837427216,-0.08134429431756246,-0.041477131860746266,0.0015698169872461003,0.0359441545421193,0.056775047705400636,-1.7530221249047282,13.640772577542705,False
mkt,half,300,half_x300,"Half Kelly, -300 best days",0.5,1.3081808227050837,25933,-0.051420996361382844,0.204213141488076,-0.3092122897289875,-0.3871254288104909,-0.9999434349057137,-0.051423905159426755,0.005143307012600056,-5.270059018734791,0.0054628167065661135,-0.2278467354797666,0.03689069920028336,-0.5438736762985505,1929-09-03,1942-04-28,,False,35303.0,30683.0,24989,21357,35303.0,1,1,1,0.9620946284656615,-0.04060070001347498,-0.020643220396189536,0.0007924542468115252,0.018022077271059648,0.028477662066373765,-1.7546317030198408,13.641465759897752,False
mkt,quarter,300,quarter_x300,"Quarter Kelly, -300 best days",0.25,0.6540904113525419,25933,-0.0052659905609023245,0.10212582383399844,-0.3092122897289875,-0.3871254288104909,-0.9909889612046002,-0.005313874086449188,0.5903178081619945,-0.5270942292047719,0.5938868942837771,-0.11377336773988331,0.01854912247673592,-0.31731776011670676,1929-09-03,1942-04-28,1998-07-16,True,25153.0,20533.0,18111,14479,25153.0,3,2,2,0.9291636139281996,-0.020292653338485244,-0.010269219458234908,0.00046163616454101674,0.009061038635529824,0.014293761926350158,-1.7574802754804493,13.638987441983577,False
mkt,unlev,300,unlev_x300,"Unlevered 1.00x, -300 best days",,1.0,25933,-0.02863689101516393,0.15611217193227522,-0.30921228972898757,-0.3871254288104909,-0.9993581405716443,-0.02865528367916561,0.05499237630591712,-2.900560715976967,0.05684710584823622,-0.1741,0.028200000000000003,-0.4469552014121886,1929-09-03,1942-04-28,,False,35303.0,30683.0,24989,21357,35303.0,1,1,1,0.9620175066517564,-0.031036,-0.015700000000000002,0.0007,0.0138,0.0218,-1.7555624783301174,13.641251173119315,False
mkt,full,500,full_x500,"Full Kelly, -500 best days",1.0,2.6163616454101675,25733,-0.2683923745328029,0.39884699642584587,-0.6549152384054832,-0.7976348666948909,-0.9999999999999967,-0.2683923745328038,2.8239738677112726e-14,-31.198046235971773,5.118076381515252e-14,-0.4559934709595332,0.05965304551535181,-0.8105616694357715,1929-09-03,2022-12-28,,False,35303.0,1219.0,24789,829,35303.0,4,1,1,0.9650254536975867,-0.0813688471722562,-0.04160015016202166,0.0014081808227050837,0.033914083527066416,0.049965060282027955,-1.9861720154233102,14.854382814076288,False
mkt,half,500,half_x500,"Half Kelly, -500 best days",0.5,1.3081808227050837,25733,-0.11242635097623137,0.19944139749378875,-0.6549152384054832,-0.7976348666948909,-0.9999982972579764,-0.1124265424096297,6.748886782849605e-06,-11.906132987740131,8.468115732219998e-06,-0.2278467354797666,0.029826522757675906,-0.5438736762985505,1929-09-03,2022-12-28,,False,35303.0,1219.0,24789,829,35303.0,1,1,1,0.9618000233163642,-0.0406844235861281,-0.02073089316328134,0.0007540904113525419,0.01700635069516609,0.024986253713667098,-1.9875051174032083,14.85383998635703,False
mkt,quarter,500,quarter_x500,"Quarter Kelly, -500 best days",0.25,0.6540904113525419,25733,-0.037970021283887684,0.09974601867055699,-0.6549152384054832,-0.7976348666948909,-0.997334253255718,-0.038071510288489124,0.020975593118872152,-3.864395749609252,0.022578875753410464,-0.11377336773988331,0.015017034255432191,-0.31731776011670676,1929-09-03,1942-04-28,,False,35303.0,30683.0,24789,21231,35303.0,1,1,1,0.9616057202813508,-0.020341004472553895,-0.010300037540505416,0.0004270452056762709,0.0085685843887183,0.012548674111642249,-1.9897294963003425,14.848344813436395,False
mkt,unlev,500,unlev_x500,"Unlevered 1.00x, -500 best days",,1.0,25733,-0.07689701025827216,0.152467373890071,-0.6549152384054833,-0.7976348666948909,-0.9998994095982873,-0.07690474613757975,0.00033955836113745106,-7.987864722536095,0.000395398548052868,-0.1741,0.0228,-0.4469552014121886,1929-09-03,1942-04-28,,False,35303.0,30683.0,24789,21231,35303.0,1,1,1,0.9617223021023589,-0.0311,-0.0158,0.0006000000000000001,0.013000000000000001,0.0191,-1.9882536458401159,14.852772924962427,False
scv,full,0,full_x0,"Full Kelly, original",1.0,2.78009325764397,26233,0.23037185788218614,0.5842328561922139,0.5956293781096133,0.8471708592905232,-0.9992356515754022,0.23054807694159052,973543849.24462,20.6964534246431,973543849.2446172,-0.44537093987456405,0.74228489979094,-0.72298508116512,1929-02-05,1932-05-31,1950-12-27,True,7995.0,6784.0,6445,5461,7995.0,42,20,14,0.6221553005756109,-0.10665558109352846,-0.051053715940649044,0.0027020839318795736,0.04906964133453366,0.10397548783588449,0.2718084647011923,24.821696170766582,False
scv,half,0,half_x0,"Half Kelly, original",0.5,1.390046628821985,26233,0.17665601313258292,0.292103996474128,0.5956293781096133,0.8471708592905232,-0.9588493844300482,0.18423749965443156,11296901.158790214,16.24003901233824,11296901.158789927,-0.22268546993728203,0.37114244989547,-0.45870460322554873,1929-02-05,1932-05-31,1937-01-08,True,2894.0,1683.0,2355,1371,2894.0,25,12,6,0.3542103457477223,-0.05327779054676423,-0.025453455172595202,0.0014510419659397868,0.024603825330149137,0.052029220747182366,0.26660302339737063,24.818289319426615,False
scv,quarter,0,quarter_x0,"Quarter Kelly, original",0.25,0.6950233144109925,26233,0.11372951802957862,0.14604462824446368,0.5956293781096133,0.8471708592905232,-0.7699131429018381,0.14771733549180213,46776.994935606526,10.75314679984494,46776.99493560977,-0.11134273496864101,0.185571224947735,-0.2592060313524748,1929-02-05,1932-05-31,1936-01-23,True,2543.0,1332.0,2067,1083,2543.0,12,4,3,0.1616284832081729,-0.026619392941941013,-0.01265793131660336,0.0007950233144109925,0.01236290800219237,0.026050892798289926,0.2561598111908423,24.80798379467382,False
scv,unlev,0,unlev_x0,"Unlevered 1.00x, original",,1.0,26233,0.1439311681031498,0.2101344195421973,0.5956293781096134,0.8471708592905233,-0.8895053111818321,0.16181035266885269,676201.4897934666,13.424246372438146,676201.4897934415,-0.1602,0.267,-0.3533865159247134,1929-02-05,1932-05-31,1936-10-02,True,2796.0,1585.0,2278,1294,2796.0,20,8,4,0.25681393664468416,-0.0383,-0.0183,0.0011,0.0177,0.03746800000000003,0.26253458860306217,24.814823403682386,False
scv,full,5,full_x5,"Full Kelly, -5 best days",1.0,2.78009325764397,26228,0.20411527736255058,0.570654432626303,0.562052431459811,0.7807542367769436,-0.9998247885567791,0.20415104696212386,113009126.32772332,18.542979137377543,112610424.85670342,-0.44537093987456405,0.37753666438805117,-0.72298508116512,1929-02-05,1940-05-21,1956-03-07,True,9892.0,5769.0,7798,4436,9892.0,38,19,14,0.6612017691017233,-0.10665558109352846,-0.051053715940649044,0.0027020839318795736,0.048929641334533876,0.10377047851012004,-0.5359799215900787,12.456716750849239,False
scv,half,5,half_x5,"Half Kelly, -5 best days",0.5,1.390046628821985,26228,0.16264762373331307,0.2853173385847191,0.562052431459811,0.7807542367769436,-0.9588493844300482,0.16962791693295273,3417442.5941770375,15.044403049831866,3407657.258656217,-0.22268546993728203,0.18876833219402558,-0.45870460322554873,1929-02-05,1932-05-31,1945-06-21,True,5980.0,4769.0,4889,3905,5980.0,23,11,5,0.3814625590971481,-0.05327779054676423,-0.02546320633831575,0.0014510419659397868,0.024525816004384738,0.051921739255059995,-0.5411701473436815,12.46120315851738,False
scv,quarter,5,quarter_x5,"Quarter Kelly, -5 best days",0.25,0.6950233144109925,26228,0.10666901039828336,0.14265397385225442,0.562052431459811,0.7807542367769436,-0.7699131429018381,0.1385468106132634,24791.511439686466,10.118256592903885,24743.7461925022,-0.11134273496864101,0.09438416609701279,-0.2592060313524748,1929-02-05,1932-05-31,1937-01-13,True,2899.0,1688.0,2356,1372,2899.0,12,4,3,0.17561384779624828,-0.026619392941941013,-0.01265793131660336,0.0007907698172493437,0.012301912665074568,0.025975106329481995,-0.5514955027091398,12.468316452679796,False
scv,unlev,5,unlev_x5,"Unlevered 1.00x, -5 best days",,1.0,26228,0.13378912008969518,0.20525356907256753,0.562052431459811,0.7807542367769436,-0.8895053111818321,0.15040845558520347,277953.3020199441,12.535208400217302,277290.0070021595,-0.1602,0.1358,-0.3533865159247134,1929-02-05,1932-05-31,1944-12-04,True,5781.0,4570.0,4725,3741,5781.0,19,7,3,0.2811880433124905,-0.0383,-0.0183,0.0011,0.0177,0.037372999999999955,-0.5452064912774804,12.46427279981142,False
scv,full,10,full_x10,"Full Kelly, -10 best days",1.0,2.78009325764397,26223,0.1888937439845859,0.5669257359646858,0.5401648852905355,0.7453731318369315,-0.9999378629402986,0.18890548201579982,31735759.121491887,17.272954651076027,31527483.443538092,-0.44537093987456405,0.24798431858184214,-0.7643215716663103,1929-02-05,1940-05-21,1959-01-15,True,10936.0,6813.0,8513,5155,10936.0,37,18,13,0.6935133279945086,-0.10665558109352846,-0.051053715940649044,0.0027020839318795736,0.048929641334533876,0.10220710777796123,-0.658733446423441,11.818748401913204,False
scv,half,10,half_x10,"Half Kelly, -10 best days",0.5,1.390046628821985,26223,0.15481142871626047,0.28345421695234624,0.5401648852905355,0.7453731318369315,-0.9605533069999599,0.1611690133052313,1739787.7786991198,14.369273697487342,1730284.0454013543,-0.22268546993728203,0.12399215929092107,-0.45870460322554873,1929-02-05,1940-05-21,1946-05-10,True,6303.0,2180.0,5136,1778,6303.0,23,11,5,0.38984860618540973,-0.05327779054676423,-0.0254729575040363,0.0014510419659397868,0.02448461227407893,0.051114553888980674,-0.663914804991042,11.824339333080644,False
scv,quarter,10,quarter_x10,"Quarter Kelly, -10 best days",0.25,0.6950233144109925,26223,0.1028086878238026,0.1417236741060925,0.5401648852905355,0.7453731318369315,-0.7699131429018381,0.13353283908924055,17490.555813961408,9.769416346464908,17425.54047305849,-0.11134273496864101,0.061996079645460535,-0.2592060313524748,1929-02-05,1932-05-31,1945-01-04,True,5812.0,4601.0,4746,3762,5812.0,11,3,2,0.19589673187659687,-0.026619392941941013,-0.01265793131660336,0.0007865163200876948,0.012301912665074568,0.025568276944490393,-0.674207650212627,11.833731512264922,False
scv,unlev,10,unlev_x10,"Unlevered 1.00x, -10 best days",,1.0,26223,0.1281850515221819,0.20391393863672344,0.5401648852905356,0.7453731318369314,-0.8895053111818321,0.14410824748406523,169489.46505905545,12.040546050827146,168713.31688278457,-0.1602,0.0892,-0.3533865159247134,1929-02-05,1932-05-31,1945-09-25,True,6076.0,4865.0,4954,3970,6076.0,19,7,3,0.2963047706212104,-0.0383,-0.0183,0.0011,0.017689999999999782,0.03677799999999988,-0.6679408151920946,11.828286813117217,False
scv,full,15,full_x15,"Full Kelly, -15 best days",1.0,2.78009325764397,26218,0.1760295992135127,0.5643849739702936,0.5211030636674912,0.715776435123275,-0.9999676075167051,0.1760353014340737,10712035.023502843,16.186878435905562,10613345.715752924,-0.44537093987456405,0.2372419548770306,-0.8100678774349465,1929-02-05,1940-05-21,1961-04-03,True,11745.0,7622.0,9068,5713,11745.0,35,17,13,0.7121824700587382,-0.10665558109352846,-0.051053715940649044,0.0027020839318795736,0.04885163200876948,0.10008335727518293,-0.727882859378574,11.640983002106227,False
scv,half,15,half_x15,"Half Kelly, -15 best days",0.5,1.390046628821985,26218,0.14821837022475634,0.2821848664598885,0.5211030636674912,0.715776435123275,-0.9720170446665267,0.15248536127841888,982336.1349114703,13.797688825010466,974616.4831712029,-0.22268546993728203,0.1186709774385153,-0.5172828466303572,1929-02-05,1940-05-21,1950-11-18,True,7956.0,3833.0,6403,3048,7956.0,22,10,4,0.4104432069570524,-0.05327779054676423,-0.025476857970324524,0.0014510419659397868,0.024464820667266938,0.050041678637591465,-0.7330558477324021,11.647126386597236,False
scv,quarter,15,quarter_x15,"Quarter Kelly, -15 best days",0.25,0.6950233144109925,26218,0.09957027177345035,0.1410900531155544,0.5211030636674912,0.715776435123275,-0.7951764779937995,0.12521782840541562,13040.71778210212,9.475831878605476,12970.250728692812,-0.11134273496864101,0.059385488719257654,-0.3015828649197416,1929-02-05,1933-04-03,1945-06-15,True,5974.0,4456.0,4877,3655,5974.0,10,3,2,0.21187733618124951,-0.026619392941941013,-0.01265793131660336,0.0007865163200876948,0.012267482652476139,0.025020839318795732,-0.7433232004189738,11.657633881045337,False
scv,unlev,15,unlev_x15,"Unlevered 1.00x, -15 best days",,1.0,26218,0.12347738139987424,0.2030013537118237,0.5211030636674912,0.7157764351232753,-0.90950458781104,0.13576334089424966,111647.8083686507,11.623104627596478,110908.24861160552,-0.1602,0.08539999999999999,-0.40530351873881487,1929-02-05,1933-04-03,1946-01-09,True,6182.0,4664.0,5033,3811,6182.0,19,7,3,0.3091769013654741,-0.0383,-0.0183,0.0011,0.0176,0.036000000000000004,-0.7370733048756481,11.651507262457363,False
scv,full,25,full_x25,"Full Kelly, -25 best days",1.0,2.78009325764397,26208,0.15218349813651197,0.5599244640051014,0.4847323041974235,0.660425365334977,-0.9999856369106833,0.15218568399308388,1385868.3791704164,14.141837489699059,1367316.1269739077,-0.44537093987456405,0.21768130207352285,-0.8100678774349465,1929-02-05,1940-05-21,1965-01-27,True,13140.0,9017.0,10024,6673,13140.0,32,15,11,0.743513431013431,-0.10665558109352846,-0.051053715940649044,0.0027020839318795736,0.04865163200876948,0.09924932929788972,-0.8456165907203554,11.405439439964821,False
scv,half,25,half_x25,"Half Kelly, -25 best days",0.5,1.390046628821985,26208,0.1359445975494522,0.2799567575305447,0.4847323041974235,0.660425365334977,-0.9817470739562768,0.13847211889475583,335983.8061654845,12.724818241847823,331934.02684555104,-0.22268546993728203,0.10884065103676142,-0.5172828466303572,1929-02-05,1940-05-21,1954-07-02,True,9278.0,5155.0,7363,4012,9278.0,19,10,4,0.455776862026862,-0.05327779054676423,-0.025476857970324524,0.0014510419659397868,0.024386811341502543,0.04962466464894486,-0.8507547552952887,11.41257479977195,False
scv,quarter,25,quarter_x25,"Quarter Kelly, -25 best days",0.25,0.6950233144109925,26208,0.09352881927923633,0.1399781867648938,0.4847323041974235,0.660425365334977,-0.8163427447918814,0.1145705279748405,7523.709231020386,8.925814544142586,7459.981845042279,-0.11134273496864101,0.05442032551838071,-0.3015828649197416,1929-02-05,1933-04-03,1946-01-29,True,6202.0,4684.0,5045,3825,6202.0,10,3,2,0.23981227106227107,-0.026619392941941013,-0.01265793131660336,0.0007865163200876948,0.012232410333633469,0.024842829993031328,-0.8609370725825597,11.425072666512863,False
scv,unlev,25,unlev_x25,"Unlevered 1.00x, -25 best days",,1.0,26208,0.11470293314400645,0.20139966980423424,0.4847323041974237,0.6604253653349772,-0.9226233744309922,0.12432259611322657,51039.836975974205,10.840361723969185,50515.26665084166,-0.1602,0.0783,-0.40530351873881487,1929-02-05,1940-05-21,1950-10-17,True,7924.0,3801.0,6372,3021,7924.0,17,6,3,0.35088522588522586,-0.0383,-0.0183,0.0011,0.0176,0.035699999999999996,-0.8547414881958123,11.417731034167709,False
scv,full,35,full_x35,"Full Kelly, -35 best days",1.0,2.78009325764397,26198,0.13028817614064617,0.5560535020535179,0.4501628092924979,0.6089674436504448,-0.9999945388875631,0.13028888766291097,204121.973780814,12.226473004839233,200819.23951523448,-0.44537093987456405,0.20544889173988937,-0.8100678774349465,1929-02-05,1941-12-10,1967-05-02,True,13965.0,9274.0,10588,6776,13965.0,30,14,10,0.7574624017100542,-0.10665858109352847,-0.051053715940649044,0.0027020839318795736,0.04847362268300509,0.09843198188014177,-0.9447649319713217,11.267156294794214,False
scv,half,35,half_x35,"Half Kelly, -35 best days",0.5,1.390046628821985,26198,0.124602441906507,0.27802237832014653,0.4501628092924979,0.6089674436504448,-0.9889712685401295,0.12599197354887667,123380.15167629773,11.723025532105533,121465.39690896451,-0.22268546993728203,0.10272444586994468,-0.5172828466303572,1929-02-05,1940-05-21,1955-06-08,True,9619.0,5496.0,7592,4246,9619.0,18,10,4,0.5050767234140011,-0.053280790546764226,-0.025476857970324524,0.0014425349716164887,0.024286811341502543,0.04921599094007088,-0.9499328818431678,11.274819148450796,False
scv,quarter,35,quarter_x35,"Quarter Kelly, -35 best days",0.25,0.6950233144109925,26198,0.08792550987794347,0.13901213610898536,0.4501628092924979,0.6089674436504448,-0.8431451153230525,0.10428277206380382,4505.089680937266,8.412963076822605,4454.804802128919,-0.11134273496864101,0.05136222293497234,-0.3015828649197416,1929-02-05,1940-05-21,1950-12-27,True,7995.0,3872.0,6422,3076,7995.0,10,3,2,0.29494617909764104,-0.026621478011884244,-0.01265793131660336,0.0007865163200876948,0.012193405670751271,0.024637578208537608,-0.9601615919284008,11.288368214537806,False
scv,unlev,35,unlev_x35,"Unlevered 1.00x, -35 best days",,1.0,26198,0.10657852195836974,0.20000870746739588,0.4501628092924979,0.608967443650445,-0.9464222162409313,0.1126120246645161,24589.959539897798,10.11009348982043,24260.49604993221,-0.1602,0.0739,-0.40530351873881487,1929-02-05,1940-05-21,1954-07-02,True,9278.0,5155.0,7357,4011,9278.0,16,6,3,0.3688831208489198,-0.038303,-0.0183,0.0011,0.0175,0.03540599999999977,-0.9539398048076718,11.280386023183707,False
scv,full,50,full_x50,"Full Kelly, -50 best days",1.0,2.78009325764397,26183,0.10102854181519812,0.5513077902577472,0.4021851396697547,0.53926235612941,-0.9999988684927121,0.10102865612985881,14885.470107527492,9.608140855586521,14615.352188680588,-0.44537093987456405,0.18181809904991564,-0.840799666557409,1929-02-05,1941-12-10,1968-12-02,True,14545.0,9854.0,10955,7152,14545.0,27,13,9,0.7754268036512241,-0.10667358109352845,-0.051053715940649044,0.0027020839318795736,0.048373622683005074,0.09535719873718819,-1.0602196418378036,11.20057768932982,False
scv,half,50,half_x50,"Half Kelly, -50 best days",0.5,1.390046628821985,26183,0.10934758649846646,0.27565188075920444,0.4021851396697547,0.53926235612941,-0.9951496721425903,0.10988054315793269,31558.3435486441,10.359593287797969,30941.32480382991,-0.22268546993728203,0.09090904952495782,-0.5578538757979475,1929-02-05,1940-05-21,1959-03-11,True,10991.0,6868.0,8528,5191,10991.0,16,9,4,0.5783905587595004,-0.05329579054676423,-0.025476857970324524,0.0014120373030575882,0.024186811341502537,0.047678599368594095,-1.065362308547206,11.209016489160883,False
scv,quarter,50,quarter_x50,"Quarter Kelly, -50 best days",0.25,0.6950233144109925,26183,0.08036632318926244,0.13782929148741987,0.4021851396697547,0.53926235612941,-0.8969501781584426,0.08959953980305253,2245.976615145257,7.716895723465587,2213.18370652845,-0.11134273496864101,0.04545452476247891,-0.31985916405110326,1929-02-05,1940-05-21,1954-12-10,True,9439.0,5316.0,7459,4122,9439.0,10,3,2,0.34281785891609057,-0.02663190336160041,-0.01265793131660336,0.0007865163200876948,0.012093405670751269,0.023839299684297047,-1.0755243131768706,11.224094848211461,False
scv,unlev,50,unlev_x50,"Unlevered 1.00x, -50 best days",,1.0,26183,0.09563215235366858,0.19830470952014528,0.4021851396697545,0.5392623561294098,-0.9705497092421567,0.09853400752480974,9114.731699079075,9.117647251581257,8957.702448970631,-0.1602,0.0654,-0.43375796281007317,1929-02-05,1940-05-21,1957-01-03,True,10194.0,6071.0,7978,4641,10194.0,15,7,3,0.453462170110377,-0.038318,-0.0183,0.0011,0.0174,0.034300000000000004,-1.0693457764488472,11.215183474950454,False
scv,full,75,full_x75,"Full Kelly, -75 best days",1.0,2.78009325764397,26158,0.05823790132097172,0.5448995023400762,0.3283127515816624,0.4348814893344893,-0.9999999107215476,0.05823790652036189,284.54978227452585,5.650908219891664,279.9895566952079,-0.44537093987456405,0.16124540894335027,-0.8840752459046005,1929-02-05,1941-12-10,1982-11-03,True,19629.0,14938.0,14451,10664,19629.0,21,8,6,0.8162703570609374,-0.10669858109352845,-0.051109734592177845,0.0027020839318795736,0.048017604031476285,0.0922990961537798,-1.2097674414069588,11.233437670176038,False
scv,half,75,half_x75,"Half Kelly, -75 best days",0.5,1.390046628821985,26158,0.08677742239054946,0.27245145825774797,0.3283127515816624,0.4348814893344893,-0.9987046453502556,0.08688997572462052,4054.394408036634,8.307556610892593,3959.2320279069186,-0.22268546993728203,0.08062270447167513,-0.6251062058464539,1929-02-05,1940-05-21,1966-01-07,True,13485.0,9362.0,10232,6911,13485.0,14,8,4,0.6528786604480464,-0.053320790546764224,-0.025476857970324524,0.001390046628821985,0.024047806678620342,0.0461495480768899,-1.2148511312664372,11.24281983011235,False
scv,quarter,75,quarter_x75,"Quarter Kelly, -75 best days",0.25,0.6950233144109925,26158,0.06911519423487342,0.13623286541785387,0.3283127515816624,0.4348814893344893,-0.9474716565865579,0.07294697815433732,789.8113351383929,6.671794100659412,774.8887562376649,-0.11134273496864101,0.040311352235837566,-0.3748443146345638,1929-02-05,1940-05-21,1961-01-23,True,11675.0,7552.0,8984,5663,11675.0,9,3,3,0.4528251395366618,-0.026649278944460685,-0.012676967857236803,0.0007645256458520918,0.012054401007869071,0.02307477403844495,-1.2248729648533374,11.259734426695283,False
scv,unlev,75,unlev_x75,"Unlevered 1.00x, -75 best days",,1.0,26158,0.07938215997129237,0.19600443425439007,0.32831275158166234,0.4348814893344893,-0.9887318787707051,0.08028684183824292,2050.653050974353,7.625913582853441,2006.427664863762,-0.1602,0.057999999999999996,-0.4978446371182087,1929-02-05,1940-05-21,1964-02-26,True,12804.0,8681.0,9761,6440,12804.0,12,6,2,0.5740882330453398,-0.038343,-0.0183,0.0011,0.0173,0.0332,-1.2187834532541115,11.24971107727702,False
scv,full,100,full_x100,"Full Kelly, -100 best days",1.0,2.78009325764397,26133,0.02101976364745206,0.5397606260940918,0.26036522356039127,0.34145865385865465,-0.9999999846867265,0.021019763969333458,7.977767097908395,2.076658560014773,7.914862753244013,-0.44537093987456405,0.14512086804901522,-0.8840752459046005,1929-02-05,1942-04-28,1986-03-07,True,20849.0,16019.0,15281,11393,20849.0,19,8,6,0.853786400336739,-0.10672358109352845,-0.05112732713156632,0.002602083931879573,0.04753959470571189,0.08857104895035353,-1.3248452201451975,11.351045719981759,False
scv,half,100,half_x100,"Half Kelly, -100 best days",0.5,1.390046628821985,26133,0.06686587078637156,0.2698852916941973,0.26036522356039127,0.34145865385865465,-0.9994633311162842,0.06690177488721889,640.0452354902613,6.461538854309499,624.4726393238143,-0.22268546993728203,0.07256043402450761,-0.6251062058464539,1929-02-05,1940-05-21,1968-09-30,True,14482.0,10359.0,10890,7581,14482.0,12,6,4,0.6812459342593655,-0.05334579054676422,-0.025492459835477398,0.001390046628821985,0.02380738989224434,0.044317524475176735,-1.329872535533787,11.361044996995908,False
scv,quarter,100,quarter_x100,"Quarter Kelly, -100 best days",0.25,0.6950233144109925,26133,0.059116183862428805,0.13495310554121157,0.26036522356039127,0.34145865385865465,-0.9664634636972831,0.06116753098588448,309.119454469847,5.733727786238201,302.43635503523853,-0.11134273496864101,0.036280217012253806,-0.3748443146345638,1929-02-05,1940-05-21,1965-02-23,True,13167.0,9044.0,9998,6689,13167.0,8,2,2,0.5465503386522788,-0.02666665452732096,-0.012688428985162262,0.0007645256458520918,0.011954401007869072,0.02217124372971066,-1.339763664814729,11.379135972614666,False
scv,unlev,100,unlev_x100,"Unlevered 1.00x, -100 best days",,1.0,26133,0.06498726785986303,0.19416018647764213,0.2603652235603913,0.3414586538586546,-0.9940607530174905,0.06537554939433322,536.7844755120911,6.285596664807242,524.0756359307554,-0.1602,0.052199999999999996,-0.4978446371182087,1929-02-05,1940-05-21,1967-04-28,True,13961.0,9838.0,10548,7239,13961.0,10,5,2,0.619025752879501,-0.038368,-0.0183,0.001,0.0172,0.0319,-1.3337567268202113,11.368404284937965,False
scv,full,150,full_x150,"Full Kelly, -150 best days",1.0,2.78009325764397,26083,-0.043110583883183964,0.5314453139971735,0.13459527022713982,0.17362597865276694,-0.9999999997204196,-0.04311058389523684,0.012286374689161649,-4.399264379459649,0.012599357794153804,-0.44537093987456405,0.1303863737835022,-0.8840752459046005,1929-02-05,1942-04-28,2001-06-29,True,26442.0,21612.0,19117,15260,26442.0,13,6,4,0.9325614384848369,-0.10675558109352844,-0.05115371594064905,0.002602083931879573,0.04682535833523069,0.08284677907779031,-1.5066067356051218,11.66512570652446,False
scv,half,150,half_x150,"Half Kelly, -150 best days",0.5,1.390046628821985,26083,0.031843167357618836,0.2657348665385358,0.13459527022713982,0.17362597865276694,-0.9999277078450357,0.03184546953523739,22.8590612328596,3.129347591594274,22.453668695926986,-0.22268546993728203,0.0651931868917511,-0.6251062058464539,1929-02-05,1942-04-28,1983-01-10,True,19697.0,14867.0,14451,10594,19697.0,8,5,3,0.7615304987923168,-0.05337779054676422,-0.025515862633206723,0.0013510419659397866,0.02348788756080324,0.041423389538895156,-1.5114330696051912,11.675976670645078,False
scv,quarter,150,quarter_x150,"Quarter Kelly, -150 best days",0.25,0.6950233144109925,26083,0.04134420076656327,0.1328852096112774,0.13459527022713982,0.17362597865276694,-0.9878877294771118,0.04185111276606981,57.07470868643319,4.044361088354363,55.76996578935147,-0.11134273496864101,0.03259659344587555,-0.3748443146345638,1929-02-05,1940-05-21,1976-02-19,True,17180.0,13057.0,12710,9431,17180.0,6,2,2,0.6486600467737607,-0.02668889527338211,-0.012688428985162262,0.000756018651528794,0.011745894013545772,0.020711694769447578,-1.5208918288513926,11.695650258493398,False
scv,unlev,150,unlev_x150,"Unlevered 1.00x, -150 best days",,1.0,26083,0.03951835260599644,0.19117845585400345,0.13459527022713982,0.17362597865276694,-0.9986129948479646,0.03957324089500054,47.90258079013667,3.8691693816739634,46.85442780726006,-0.1602,0.046900000000000004,-0.4978446371182087,1929-02-05,1940-05-21,1979-06-05,True,18382.0,14259.0,13541,10262,18382.0,8,4,2,0.6997661311965648,-0.0384,-0.0183,0.001,0.0169,0.0298,-1.5151534376398867,11.68397242482231,False
scv,full,200,full_x200,"Full Kelly, -200 best days",1.0,2.78009325764397,26033,-0.09747395603918355,0.5247888321347033,0.018604272623640384,0.02367548662811449,-0.9999999999877022,-0.09747395604038227,3.5771312228054324e-05,-10.238364320209557,3.867538589646741e-05,-0.44537093987456405,0.11509586086646036,-0.8840752459046005,1929-02-05,1942-04-28,,False,35513.0,30683.0,25257,21427,35513.0,6,2,1,0.9717666039257865,-0.10675558109352844,-0.05115371594064905,0.0025240746061151766,0.045871538751125505,0.07951066716861754,-1.64984921623868,12.010733791219064,False
scv,half,200,half_x200,"Half Kelly, -200 best days",0.5,1.390046628821985,26033,0.0013496697273149415,0.2624114178726517,0.018604272623640384,0.02367548662811449,-0.9999855090700893,0.00134968928556778,1.1441328646031732,0.13464702660121844,1.142958961172871,-0.22268546993728203,0.05754793043323018,-0.6251062058464539,1929-02-05,1942-04-28,1993-06-03,True,23494.0,18664.0,17046,13216,23494.0,7,4,2,0.8399723427956824,-0.05337779054676422,-0.025515862633206723,0.0013510419659397866,0.022960167510409742,0.03975533358430877,-1.654577509301415,12.022013972788447,False
scv,quarter,200,quarter_x200,"Quarter Kelly, -200 best days",0.25,0.6950233144109925,26033,0.025650292919330415,0.13122834853260174,0.018604272623640384,0.02367548662811449,-0.9945240418194597,0.025791526238424334,12.533251151352868,2.528385204633322,12.293969205168452,-0.11134273496864101,0.02880446288517399,-0.3748443146345638,1929-02-05,1942-04-28,1981-04-01,True,19048.0,14218.0,13970,10140,19048.0,6,2,2,0.6976145661276073,-0.02668889527338211,-0.0127057322491798,0.000756018651528794,0.011537387019222476,0.019877666792154386,-1.6638150968860093,12.042429052342026,False
scv,unlev,200,unlev_x200,"Unlevered 1.00x, -200 best days",,1.0,26033,0.01716881118060261,0.1887902788961851,0.01860427262364044,0.023675486628114566,-0.9995602549865027,0.017176364401198047,5.47077151175519,1.6994196506846604,5.400347485476706,-0.1602,0.0414,-0.4978446371182087,1929-02-05,1942-04-28,1985-01-29,True,20447.0,15617.0,14939,11109,20447.0,8,5,2,0.7493181730880036,-0.0384,-0.0183,0.001,0.01653999999999978,0.0286,-1.658215590264043,12.03031749639447,False
scv,full,300,full_x300,"Full Kelly, -300 best days",1.0,2.78009325764397,25933,-0.18531528746458398,0.5148420497408152,-0.18935138819986025,-0.2359358670318183,-0.9999999999999158,-0.18531528746459958,1.3003669463426749e-09,-20.460619345891143,1.6431804708283744e-09,-0.44537093987456405,0.09785928266906775,-0.8840752459046005,1928-11-28,1942-04-28,,False,35582.0,30683.0,25215,21379,35582.0,5,2,1,0.9735086569236109,-0.10675558109352844,-0.051231725266413446,0.0024240746061151763,0.04448149212230352,0.0733944620018008,-1.8588965684230332,12.69027811400308,False
scv,half,300,half_x300,"Half Kelly, -300 best days",0.5,1.390046628821985,25933,-0.04967683831674304,0.25744640833250065,-0.18935138819986025,-0.2359358670318183,-0.9999988657106629,-0.04967689466471496,0.006178566039072575,-5.086669066948771,0.00654863902403783,-0.22268546993728203,0.048929641334533876,-0.6251062058464539,1928-11-28,1942-04-28,,False,35582.0,30683.0,25215,21379,35582.0,2,1,1,0.9593182431650792,-0.05337779054676422,-0.025576857970324524,0.0013120373030575882,0.02224074606115176,0.0366972310009004,-1.8634238068264553,12.701727570264369,False
scv,quarter,300,quarter_x300,"Quarter Kelly, -300 best days",0.25,0.6950233144109925,25933,-0.001088388354958359,0.12875433364986089,-0.18935138819986025,-0.2359358670318183,-0.9984884986251268,-0.0010900359457890803,0.8969875855639067,-0.10871325697016229,0.8981034520381673,-0.11134273496864101,0.024464820667266938,-0.3748443146345638,1928-11-28,1942-04-28,1992-05-22,True,23186.0,18287.0,16785,12949,23186.0,4,2,2,0.7960128022211083,-0.02668889527338211,-0.01272743364804446,0.0007255209829698933,0.011181368367693683,0.0183486155004502,-1.8722201266969891,12.722265394632332,False
scv,unlev,300,unlev_x300,"Unlevered 1.00x, -300 best days",,1.0,25933,-0.02060879452255391,0.18522318931119167,-0.18935138819986014,-0.23593586703181818,-0.9999304286128253,-0.020610228404734015,0.12507057526227802,-2.078877098909406,0.12807962898996417,-0.1602,0.0352,-0.4978446371182087,1928-11-28,1942-04-28,1998-03-11,True,25305.0,20406.0,18250,14414,25305.0,6,3,2,0.8741757606138897,-0.0384,-0.0184,0.001,0.016,0.0264,-1.8668959807426202,12.710113171742877,False
scv,full,500,full_x500,"Full Kelly, -500 best days",1.0,2.78009325764397,25733,-0.31188778104403164,0.5019630077753255,-0.5429147372912732,-0.6569716894794168,-1.0,-0.31188778104403164,6.215610456782382e-17,-37.316882637624936,1.265841653008226e-16,-0.44537093987456405,0.07700858323673797,-0.8930092710989384,1928-11-28,2023-10-20,,False,35582.0,923.0,25015,615,35582.0,5,2,1,0.9733027629891579,-0.10703359041929285,-0.05143172526641345,0.0022460652803507793,0.041801398864659556,0.0650541822288689,-2.12339917912739,13.84600686689187,False
scv,half,500,half_x500,"Half Kelly, -500 best days",0.5,1.390046628821985,25733,-0.12779890307128564,0.2510220382880494,-0.5429147372912732,-0.6569716894794168,-0.9999999619006421,-0.12779890794034196,1.1796223361109861e-06,-13.650316224858194,1.5301547137801291e-06,-0.22268546993728203,0.038504291618368984,-0.6401485018525603,1928-11-28,1942-04-28,,False,35582.0,30683.0,25015,21259,35582.0,2,1,1,0.967318229510745,-0.053516795209646424,-0.025715862633206726,0.001212037303057588,0.02096630129748257,0.03252709111443445,-2.127456134347171,13.856310966414473,False
scv,quarter,500,quarter_x500,"Quarter Kelly, -500 best days",0.25,0.6950233144109925,25733,-0.043312239218429006,0.12555744640354263,-0.5429147372912732,-0.6569716894794168,-0.9997280700734302,-0.04332402031609227,0.01203056394217261,-4.420304872108206,0.013088071627473849,-0.11134273496864101,0.019343638814861196,-0.38767299369789743,1928-11-28,1942-04-28,,False,35582.0,30683.0,25015,21259,35582.0,1,1,1,0.9616834414953561,-0.026758397604823212,-0.012804030850315137,0.0006865163200876948,0.010494852047605988,0.016263545557217225,-2.135256800070129,13.874201802088411,False
scv,unlev,500,unlev_x500,"Unlevered 1.00x, -500 best days",,1.0,25733,-0.07945961737585626,0.1806100471491981,-0.542914737291273,-0.6569716894794165,-0.9999940329062674,-0.07946009152167037,0.00025726938947623985,-8.265386813976784,0.0003011660301585993,-0.1602,0.0277,-0.5125178498380824,1928-11-28,1942-04-28,,False,35582.0,30683.0,25015,21259,35582.0,1,1,1,0.9621109081723856,-0.0385,-0.018500000000000003,0.0009,0.0151,0.023399999999999997,-2.1305486762605526,13.863720469694464,False
