series,scenario,bin_lo,bin_hi,share
mkt,full_x0,-0.2,-0.195,0.0005336789539892502
mkt,full_x0,-0.195,-0.19,7.623985056989288e-05
mkt,full_x0,-0.19,-0.185,7.623985056989288e-05
mkt,full_x0,-0.185,-0.18,0.00015247970113978576
mkt,full_x0,-0.18,-0.175,0.00015247970113978576
mkt,full_x0,-0.175,-0.17,7.623985056989288e-05
mkt,full_x0,-0.17,-0.165,7.623985056989288e-05
mkt,full_x0,-0.165,-0.16,0.00015247970113978576
mkt,full_x0,-0.16,-0.155,3.811992528494644e-05
mkt,full_x0,-0.155,-0.15,0.00022871955170967865
mkt,full_x0,-0.15,-0.145,0.00019059962642473222
mkt,full_x0,-0.145,-0.14,0.00019059962642473222
mkt,full_x0,-0.14,-0.135,0.00019059962642473222
mkt,full_x0,-0.135,-0.13,0.00041931917813441084
mkt,full_x0,-0.13,-0.125,0.0002668394769946251
mkt,full_x0,-0.125,-0.12,0.0004574391034193573
mkt,full_x0,-0.12,-0.115,0.0003049594022795715
mkt,full_x0,-0.115,-0.11,0.0005336789539892502
mkt,full_x0,-0.11,-0.105,0.000609918804559143
mkt,full_x0,-0.105,-0.1,0.0004955590287043037
mkt,full_x0,-0.1,-0.095,0.0008386383562688217
mkt,full_x0,-0.095,-0.09,0.001219837609118286
mkt,full_x0,-0.09,-0.085,0.001296077459688179
mkt,full_x0,-0.085,-0.08,0.0015629169366828042
mkt,full_x0,-0.08,-0.075,0.002744634620516144
mkt,full_x0,-0.075,-0.07,0.002134715815957001
mkt,full_x0,-0.07,-0.065,0.0033545534250752867
mkt,full_x0,-0.065,-0.06,0.00396447222963443
mkt,full_x0,-0.06,-0.055,0.00503183013761293
mkt,full_x0,-0.055,-0.05,0.005832348568596805
mkt,full_x0,-0.05,-0.045,0.008805702740822628
mkt,full_x0,-0.045,-0.04,0.011283497884344146
mkt,full_x0,-0.04,-0.035,0.014943010711699005
mkt,full_x0,-0.035,-0.03,0.01799260473449472
mkt,full_x0,-0.03,-0.025,0.026378988297182937
mkt,full_x0,-0.025,-0.02,0.03575648991727976
mkt,full_x0,-0.02,-0.015,0.04414287347996798
mkt,full_x0,-0.015,-0.01,0.06251667746731217
mkt,full_x0,-0.01,-0.005,0.08416879502916175
mkt,full_x0,-0.005,0.0,0.11413105630312964
mkt,full_x0,0.0,0.005,0.12842602828498456
mkt,full_x0,0.005,0.01,0.10989974459650059
mkt,full_x0,0.01,0.015,0.0862653909198338
mkt,full_x0,0.015,0.02,0.06255479739259712
mkt,full_x0,0.02,0.025,0.04376167422711851
mkt,full_x0,0.025,0.03,0.03011474097510769
mkt,full_x0,0.03,0.035,0.021080318682575382
mkt,full_x0,0.035,0.04,0.016429687797811916
mkt,full_x0,0.04,0.045,0.011626577211908665
mkt,full_x0,0.045,0.05,0.007852704608698967
mkt,full_x0,0.05,0.055,0.005527389166317234
mkt,full_x0,0.055,0.06,0.004536271108908627
mkt,full_x0,0.06,0.065,0.003507033126215073
mkt,full_x0,0.065,0.07,0.0020584759653871076
mkt,full_x0,0.07,0.075,0.001982236114817215
mkt,full_x0,0.075,0.08,0.0015247970113978577
mkt,full_x0,0.08,0.085,0.0012579575344032325
mkt,full_x0,0.085,0.09,0.0009148782068387146
mkt,full_x0,0.09,0.095,0.0012579575344032325
mkt,full_x0,0.095,0.1,0.0008005184309838753
mkt,full_x0,0.1,0.105,0.0008386383562688217
mkt,full_x0,0.105,0.11,0.000686158655129036
mkt,full_x0,0.11,0.115,0.0004955590287043037
mkt,full_x0,0.115,0.12,0.00038119925284946444
mkt,full_x0,0.12,0.125,0.0003049594022795715
mkt,full_x0,0.125,0.13,0.00019059962642473222
mkt,full_x0,0.13,0.135,0.0002668394769946251
mkt,full_x0,0.135,0.14,0.00011435977585483933
mkt,full_x0,0.14,0.145,0.00019059962642473222
mkt,full_x0,0.145,0.15,0.00015247970113978576
mkt,full_x0,0.15,0.155,0.00011435977585483933
mkt,full_x0,0.155,0.16,0.00011435977585483933
mkt,full_x0,0.16,0.165,0.00019059962642473222
mkt,full_x0,0.165,0.17,0.0002668394769946251
mkt,full_x0,0.17,0.175,0.0
mkt,full_x0,0.175,0.18,7.623985056989288e-05
mkt,full_x0,0.18,0.185,7.623985056989288e-05
mkt,full_x0,0.185,0.19,3.811992528494644e-05
mkt,full_x0,0.19,0.195,7.623985056989288e-05
mkt,full_x0,0.195,0.2,0.0007242785804139824
mkt,half_x0,-0.2,-0.195,3.811992528494644e-05
mkt,half_x0,-0.195,-0.19,0.0
mkt,half_x0,-0.19,-0.185,0.0
mkt,half_x0,-0.185,-0.18,0.0
mkt,half_x0,-0.18,-0.175,0.0
mkt,half_x0,-0.175,-0.17,0.0
mkt,half_x0,-0.17,-0.165,0.0
mkt,half_x0,-0.165,-0.16,0.0
mkt,half_x0,-0.16,-0.155,3.811992528494644e-05
mkt,half_x0,-0.155,-0.15,3.811992528494644e-05
mkt,half_x0,-0.15,-0.145,3.811992528494644e-05
mkt,half_x0,-0.145,-0.14,0.0
mkt,half_x0,-0.14,-0.135,0.0
mkt,half_x0,-0.135,-0.13,0.0
mkt,half_x0,-0.13,-0.125,7.623985056989288e-05
mkt,half_x0,-0.125,-0.12,0.0
mkt,half_x0,-0.12,-0.115,7.623985056989288e-05
mkt,half_x0,-0.115,-0.11,7.623985056989288e-05
mkt,half_x0,-0.11,-0.105,0.00011435977585483933
mkt,half_x0,-0.105,-0.1,3.811992528494644e-05
mkt,half_x0,-0.1,-0.095,7.623985056989288e-05
mkt,half_x0,-0.095,-0.09,0.00022871955170967865
mkt,half_x0,-0.09,-0.085,0.00022871955170967865
mkt,half_x0,-0.085,-0.08,0.00022871955170967865
mkt,half_x0,-0.08,-0.075,0.0002668394769946251
mkt,half_x0,-0.075,-0.07,0.00038119925284946444
mkt,half_x0,-0.07,-0.065,0.000609918804559143
mkt,half_x0,-0.065,-0.06,0.0007242785804139824
mkt,half_x0,-0.06,-0.055,0.0008386383562688217
mkt,half_x0,-0.055,-0.05,0.0011054778332634468
mkt,half_x0,-0.05,-0.045,0.0020584759653871076
mkt,half_x0,-0.045,-0.04,0.002858994396370983
mkt,half_x0,-0.04,-0.035,0.004688750810048412
mkt,half_x0,-0.035,-0.03,0.007357145579994663
mkt,half_x0,-0.03,-0.025,0.010902298631494682
mkt,half_x0,-0.025,-0.02,0.019974840849311934
mkt,half_x0,-0.02,-0.015,0.03270689589448405
mkt,half_x0,-0.015,-0.01,0.061563679335188505
mkt,half_x0,-0.01,-0.005,0.10616399191857584
mkt,half_x0,-0.005,0.0,0.19734685320016773
mkt,half_x0,0.0,0.005,0.23840201273205505
mkt,half_x0,0.005,0.01,0.149468227042275
mkt,half_x0,0.01,0.015,0.07498189303548965
mkt,half_x0,0.015,0.02,0.03773872603209698
mkt,half_x0,0.02,0.025,0.01982236114817215
mkt,half_x0,0.025,0.03,0.009949300499371021
mkt,half_x0,0.03,0.035,0.005717988792741966
mkt,half_x0,0.035,0.04,0.003545153051500019
mkt,half_x0,0.04,0.045,0.002134715815957001
mkt,half_x0,0.045,0.05,0.0020965958906720545
mkt,half_x0,0.05,0.055,0.0014866770861129111
mkt,half_x0,0.055,0.06,0.0009148782068387146
mkt,half_x0,0.06,0.065,0.0004955590287043037
mkt,half_x0,0.065,0.07,0.00038119925284946444
mkt,half_x0,0.07,0.075,0.000343079327564518
mkt,half_x0,0.075,0.08,0.00022871955170967865
mkt,half_x0,0.08,0.085,0.0004574391034193573
mkt,half_x0,0.085,0.09,7.623985056989288e-05
mkt,half_x0,0.09,0.095,0.00011435977585483933
mkt,half_x0,0.095,0.1,7.623985056989288e-05
mkt,half_x0,0.1,0.105,0.00019059962642473222
mkt,half_x0,0.105,0.11,7.623985056989288e-05
mkt,half_x0,0.11,0.115,0.00011435977585483933
mkt,half_x0,0.115,0.12,3.811992528494644e-05
mkt,half_x0,0.12,0.125,3.811992528494644e-05
mkt,half_x0,0.125,0.13,7.623985056989288e-05
mkt,half_x0,0.13,0.135,0.0
mkt,half_x0,0.135,0.14,0.0
mkt,half_x0,0.14,0.145,3.811992528494644e-05
mkt,half_x0,0.145,0.15,0.00011435977585483933
mkt,half_x0,0.15,0.155,0.0
mkt,half_x0,0.155,0.16,0.0
mkt,half_x0,0.16,0.165,0.0
mkt,half_x0,0.165,0.17,0.0
mkt,half_x0,0.17,0.175,0.0
mkt,half_x0,0.175,0.18,0.0
mkt,half_x0,0.18,0.185,0.0
mkt,half_x0,0.185,0.19,0.0
mkt,half_x0,0.19,0.195,0.0
mkt,half_x0,0.195,0.2,3.811992528494644e-05
mkt,quarter_x0,-0.2,-0.195,0.0
mkt,quarter_x0,-0.195,-0.19,0.0
mkt,quarter_x0,-0.19,-0.185,0.0
mkt,quarter_x0,-0.185,-0.18,0.0
mkt,quarter_x0,-0.18,-0.175,0.0
mkt,quarter_x0,-0.175,-0.17,0.0
mkt,quarter_x0,-0.17,-0.165,0.0
mkt,quarter_x0,-0.165,-0.16,0.0
mkt,quarter_x0,-0.16,-0.155,0.0
mkt,quarter_x0,-0.155,-0.15,0.0
mkt,quarter_x0,-0.15,-0.145,0.0
mkt,quarter_x0,-0.145,-0.14,0.0
mkt,quarter_x0,-0.14,-0.135,0.0
mkt,quarter_x0,-0.135,-0.13,0.0
mkt,quarter_x0,-0.13,-0.125,0.0
mkt,quarter_x0,-0.125,-0.12,0.0
mkt,quarter_x0,-0.12,-0.115,0.0
mkt,quarter_x0,-0.115,-0.11,3.811992528494644e-05
mkt,quarter_x0,-0.11,-0.105,0.0
mkt,quarter_x0,-0.105,-0.1,0.0
mkt,quarter_x0,-0.1,-0.095,0.0
mkt,quarter_x0,-0.095,-0.09,0.0
mkt,quarter_x0,-0.09,-0.085,0.0
mkt,quarter_x0,-0.085,-0.08,0.0
mkt,quarter_x0,-0.08,-0.075,7.623985056989288e-05
mkt,quarter_x0,-0.075,-0.07,3.811992528494644e-05
mkt,quarter_x0,-0.07,-0.065,0.0
mkt,quarter_x0,-0.065,-0.06,7.623985056989288e-05
mkt,quarter_x0,-0.06,-0.055,0.00015247970113978576
mkt,quarter_x0,-0.055,-0.05,0.00015247970113978576
mkt,quarter_x0,-0.05,-0.045,0.0003049594022795715
mkt,quarter_x0,-0.045,-0.04,0.0004574391034193573
mkt,quarter_x0,-0.04,-0.035,0.0006480387298440895
mkt,quarter_x0,-0.035,-0.03,0.001296077459688179
mkt,quarter_x0,-0.03,-0.025,0.001982236114817215
mkt,quarter_x0,-0.025,-0.02,0.0048031105859032515
mkt,quarter_x0,-0.02,-0.015,0.012045896390043076
mkt,quarter_x0,-0.015,-0.01,0.030229100750962527
mkt,quarter_x0,-0.01,-0.005,0.0930888575458392
mkt,quarter_x0,-0.005,0.0,0.29855525483170053
mkt,quarter_x0,0.0,0.005,0.39213967140624406
mkt,quarter_x0,0.005,0.01,0.11451225555597912
mkt,quarter_x0,0.01,0.015,0.03041970037738726
mkt,quarter_x0,0.015,0.02,0.009415621545381772
mkt,quarter_x0,0.02,0.025,0.004269431631914002
mkt,quarter_x0,0.025,0.03,0.0023634353676666793
mkt,quarter_x0,0.03,0.035,0.0008767582815537682
mkt,quarter_x0,0.035,0.04,0.000609918804559143
mkt,quarter_x0,0.04,0.045,0.0005336789539892502
mkt,quarter_x0,0.045,0.05,0.00019059962642473222
mkt,quarter_x0,0.05,0.055,0.0002668394769946251
mkt,quarter_x0,0.055,0.06,0.00015247970113978576
mkt,quarter_x0,0.06,0.065,0.00011435977585483933
mkt,quarter_x0,0.065,0.07,0.0
mkt,quarter_x0,0.07,0.075,0.00015247970113978576
mkt,quarter_x0,0.075,0.08,0.0
mkt,quarter_x0,0.08,0.085,0.0
mkt,quarter_x0,0.085,0.09,0.0
mkt,quarter_x0,0.09,0.095,0.0
mkt,quarter_x0,0.095,0.1,0.0
mkt,quarter_x0,0.1,0.105,3.811992528494644e-05
mkt,quarter_x0,0.105,0.11,0.0
mkt,quarter_x0,0.11,0.115,0.0
mkt,quarter_x0,0.115,0.12,0.0
mkt,quarter_x0,0.12,0.125,0.0
mkt,quarter_x0,0.125,0.13,0.0
mkt,quarter_x0,0.13,0.135,0.0
mkt,quarter_x0,0.135,0.14,0.0
mkt,quarter_x0,0.14,0.145,0.0
mkt,quarter_x0,0.145,0.15,0.0
mkt,quarter_x0,0.15,0.155,0.0
mkt,quarter_x0,0.155,0.16,0.0
mkt,quarter_x0,0.16,0.165,0.0
mkt,quarter_x0,0.165,0.17,0.0
mkt,quarter_x0,0.17,0.175,0.0
mkt,quarter_x0,0.175,0.18,0.0
mkt,quarter_x0,0.18,0.185,0.0
mkt,quarter_x0,0.185,0.19,0.0
mkt,quarter_x0,0.19,0.195,0.0
mkt,quarter_x0,0.195,0.2,0.0
mkt,full_x10,-0.2,-0.195,0.0005338824695877664
mkt,full_x10,-0.195,-0.19,7.626892422682378e-05
mkt,full_x10,-0.19,-0.185,7.626892422682378e-05
mkt,full_x10,-0.185,-0.18,0.00015253784845364757
mkt,full_x10,-0.18,-0.175,0.00015253784845364757
mkt,full_x10,-0.175,-0.17,7.626892422682378e-05
mkt,full_x10,-0.17,-0.165,7.626892422682378e-05
mkt,full_x10,-0.165,-0.16,0.00015253784845364757
mkt,full_x10,-0.16,-0.155,3.813446211341189e-05
mkt,full_x10,-0.155,-0.15,0.00022880677268047135
mkt,full_x10,-0.15,-0.145,0.00019067231056705945
mkt,full_x10,-0.145,-0.14,0.00019067231056705945
mkt,full_x10,-0.14,-0.135,0.00019067231056705945
mkt,full_x10,-0.135,-0.13,0.0004194790832475308
mkt,full_x10,-0.13,-0.125,0.0002669412347938832
mkt,full_x10,-0.125,-0.12,0.0004576135453609427
mkt,full_x10,-0.12,-0.115,0.00030507569690729514
mkt,full_x10,-0.115,-0.11,0.0005338824695877664
mkt,full_x10,-0.11,-0.105,0.0006101513938145903
mkt,full_x10,-0.105,-0.1,0.0004957480074743545
mkt,full_x10,-0.1,-0.095,0.0008389581664950616
mkt,full_x10,-0.095,-0.09,0.0012203027876291806
mkt,full_x10,-0.09,-0.085,0.0012965717118560043
mkt,full_x10,-0.085,-0.08,0.0015635129466498876
mkt,full_x10,-0.08,-0.075,0.002745681272165656
mkt,full_x10,-0.075,-0.07,0.0021355298783510657
mkt,full_x10,-0.07,-0.065,0.003355832665980246
mkt,full_x10,-0.065,-0.06,0.003965984059794836
mkt,full_x10,-0.06,-0.055,0.005033748998970369
mkt,full_x10,-0.055,-0.05,0.0058345727033520195
mkt,full_x10,-0.05,-0.045,0.008809060748198146
mkt,full_x10,-0.045,-0.04,0.011287800785569919
mkt,full_x10,-0.04,-0.035,0.01494870914845746
mkt,full_x10,-0.035,-0.03,0.01799946611753041
mkt,full_x10,-0.03,-0.025,0.026389047782481027
mkt,full_x10,-0.025,-0.02,0.035770125462380356
mkt,full_x10,-0.02,-0.015,0.04415970712733097
mkt,full_x10,-0.015,-0.01,0.0625405178659955
mkt,full_x10,-0.01,-0.005,0.08420089234641345
mkt,full_x10,-0.005,0.0,0.1141745795675552
mkt,full_x10,0.0,0.005,0.12847500286008465
mkt,full_x10,0.005,0.01,0.10994165427296648
mkt,full_x10,0.01,0.015,0.08629828776265111
mkt,full_x10,0.015,0.02,0.06257865232810891
mkt,full_x10,0.02,0.025,0.04377836250619685
mkt,full_x10,0.025,0.03,0.030126225069595395
mkt,full_x10,0.03,0.035,0.021088357548716775
mkt,full_x10,0.035,0.04,0.016435953170880525
mkt,full_x10,0.04,0.045,0.011631010944590627
mkt,full_x10,0.045,0.05,0.00785569919536285
mkt,full_x10,0.05,0.055,0.0055294970064447245
mkt,full_x10,0.055,0.06,0.004538000991496015
mkt,full_x10,0.06,0.065,0.0035083705144338937
mkt,full_x10,0.065,0.07,0.002059260954124242
mkt,full_x10,0.07,0.075,0.001982992029897418
mkt,full_x10,0.075,0.08,0.0015253784845364756
mkt,full_x10,0.08,0.085,0.0012584372497425923
mkt,full_x10,0.085,0.09,0.0009152270907218854
mkt,full_x10,0.09,0.095,0.0012584372497425923
mkt,full_x10,0.095,0.1,0.0008008237043816497
mkt,full_x10,0.1,0.105,0.0008389581664950616
mkt,full_x10,0.105,0.11,0.000686420318041414
mkt,full_x10,0.11,0.115,0.0004957480074743545
mkt,full_x10,0.115,0.12,0.0003813446211341189
mkt,full_x10,0.12,0.125,0.00030507569690729514
mkt,full_x10,0.125,0.13,0.00019067231056705945
mkt,full_x10,0.13,0.135,0.0002669412347938832
mkt,full_x10,0.135,0.14,0.00011440338634023568
mkt,full_x10,0.14,0.145,0.00019067231056705945
mkt,full_x10,0.145,0.15,0.00015253784845364757
mkt,full_x10,0.15,0.155,0.00011440338634023568
mkt,full_x10,0.155,0.16,0.00011440338634023568
mkt,full_x10,0.16,0.165,0.00019067231056705945
mkt,full_x10,0.165,0.17,0.0002669412347938832
mkt,full_x10,0.17,0.175,0.0
mkt,full_x10,0.175,0.18,7.626892422682378e-05
mkt,full_x10,0.18,0.185,7.626892422682378e-05
mkt,full_x10,0.185,0.19,3.813446211341189e-05
mkt,full_x10,0.19,0.195,7.626892422682378e-05
mkt,full_x10,0.195,0.2,0.000343210159020707
mkt,half_x10,-0.2,-0.195,3.813446211341189e-05
mkt,half_x10,-0.195,-0.19,0.0
mkt,half_x10,-0.19,-0.185,0.0
mkt,half_x10,-0.185,-0.18,0.0
mkt,half_x10,-0.18,-0.175,0.0
mkt,half_x10,-0.175,-0.17,0.0
mkt,half_x10,-0.17,-0.165,0.0
mkt,half_x10,-0.165,-0.16,0.0
mkt,half_x10,-0.16,-0.155,3.813446211341189e-05
mkt,half_x10,-0.155,-0.15,3.813446211341189e-05
mkt,half_x10,-0.15,-0.145,3.813446211341189e-05
mkt,half_x10,-0.145,-0.14,0.0
mkt,half_x10,-0.14,-0.135,0.0
mkt,half_x10,-0.135,-0.13,0.0
mkt,half_x10,-0.13,-0.125,7.626892422682378e-05
mkt,half_x10,-0.125,-0.12,0.0
mkt,half_x10,-0.12,-0.115,7.626892422682378e-05
mkt,half_x10,-0.115,-0.11,7.626892422682378e-05
mkt,half_x10,-0.11,-0.105,0.00011440338634023568
mkt,half_x10,-0.105,-0.1,3.813446211341189e-05
mkt,half_x10,-0.1,-0.095,7.626892422682378e-05
mkt,half_x10,-0.095,-0.09,0.00022880677268047135
mkt,half_x10,-0.09,-0.085,0.00022880677268047135
mkt,half_x10,-0.085,-0.08,0.00022880677268047135
mkt,half_x10,-0.08,-0.075,0.0002669412347938832
mkt,half_x10,-0.075,-0.07,0.0003813446211341189
mkt,half_x10,-0.07,-0.065,0.0006101513938145903
mkt,half_x10,-0.065,-0.06,0.0007245547801548259
mkt,half_x10,-0.06,-0.055,0.0008389581664950616
mkt,half_x10,-0.055,-0.05,0.0011058994012889448
mkt,half_x10,-0.05,-0.045,0.002059260954124242
mkt,half_x10,-0.045,-0.04,0.002860084658505892
mkt,half_x10,-0.04,-0.035,0.004690538839949662
mkt,half_x10,-0.035,-0.03,0.007359951187888495
mkt,half_x10,-0.03,-0.025,0.0109064561644358
mkt,half_x10,-0.025,-0.02,0.019982458147427832
mkt,half_x10,-0.02,-0.015,0.0327193684933074
mkt,half_x10,-0.015,-0.01,0.0615871563131602
mkt,half_x10,-0.01,-0.005,0.10620447698585211
mkt,half_x10,-0.005,0.0,0.19742211036113336
mkt,half_x10,0.0,0.005,0.23849292605727795
mkt,half_x10,0.005,0.01,0.14952522594668802
mkt,half_x10,0.01,0.015,0.0750104869770812
mkt,half_x10,0.015,0.02,0.03775311749227777
mkt,half_x10,0.02,0.025,0.019829920298974183
mkt,half_x10,0.025,0.03,0.009953094611600504
mkt,half_x10,0.03,0.035,0.005720169317011784
mkt,half_x10,0.035,0.04,0.003546504976547306
mkt,half_x10,0.04,0.045,0.0021355298783510657
mkt,half_x10,0.045,0.05,0.002097395416237654
mkt,half_x10,0.05,0.055,0.0014872440224230638
mkt,half_x10,0.055,0.06,0.0009152270907218854
mkt,half_x10,0.06,0.065,0.0004957480074743545
mkt,half_x10,0.065,0.07,0.0003813446211341189
mkt,half_x10,0.07,0.075,0.000343210159020707
mkt,half_x10,0.075,0.08,0.00022880677268047135
mkt,half_x10,0.08,0.085,0.0004576135453609427
mkt,half_x10,0.085,0.09,7.626892422682378e-05
mkt,half_x10,0.09,0.095,0.00011440338634023568
mkt,half_x10,0.095,0.1,7.626892422682378e-05
mkt,half_x10,0.1,0.105,0.00019067231056705945
mkt,half_x10,0.105,0.11,7.626892422682378e-05
mkt,half_x10,0.11,0.115,7.626892422682378e-05
mkt,half_x10,0.115,0.12,0.0
mkt,half_x10,0.12,0.125,0.0
mkt,half_x10,0.125,0.13,0.0
mkt,half_x10,0.13,0.135,0.0
mkt,half_x10,0.135,0.14,0.0
mkt,half_x10,0.14,0.145,0.0
mkt,half_x10,0.145,0.15,0.0
mkt,half_x10,0.15,0.155,0.0
mkt,half_x10,0.155,0.16,0.0
mkt,half_x10,0.16,0.165,0.0
mkt,half_x10,0.165,0.17,0.0
mkt,half_x10,0.17,0.175,0.0
mkt,half_x10,0.175,0.18,0.0
mkt,half_x10,0.18,0.185,0.0
mkt,half_x10,0.185,0.19,0.0
mkt,half_x10,0.19,0.195,0.0
mkt,half_x10,0.195,0.2,0.0
mkt,quarter_x10,-0.2,-0.195,0.0
mkt,quarter_x10,-0.195,-0.19,0.0
mkt,quarter_x10,-0.19,-0.185,0.0
mkt,quarter_x10,-0.185,-0.18,0.0
mkt,quarter_x10,-0.18,-0.175,0.0
mkt,quarter_x10,-0.175,-0.17,0.0
mkt,quarter_x10,-0.17,-0.165,0.0
mkt,quarter_x10,-0.165,-0.16,0.0
mkt,quarter_x10,-0.16,-0.155,0.0
mkt,quarter_x10,-0.155,-0.15,0.0
mkt,quarter_x10,-0.15,-0.145,0.0
mkt,quarter_x10,-0.145,-0.14,0.0
mkt,quarter_x10,-0.14,-0.135,0.0
mkt,quarter_x10,-0.135,-0.13,0.0
mkt,quarter_x10,-0.13,-0.125,0.0
mkt,quarter_x10,-0.125,-0.12,0.0
mkt,quarter_x10,-0.12,-0.115,0.0
mkt,quarter_x10,-0.115,-0.11,3.813446211341189e-05
mkt,quarter_x10,-0.11,-0.105,0.0
mkt,quarter_x10,-0.105,-0.1,0.0
mkt,quarter_x10,-0.1,-0.095,0.0
mkt,quarter_x10,-0.095,-0.09,0.0
mkt,quarter_x10,-0.09,-0.085,0.0
mkt,quarter_x10,-0.085,-0.08,0.0
mkt,quarter_x10,-0.08,-0.075,7.626892422682378e-05
mkt,quarter_x10,-0.075,-0.07,3.813446211341189e-05
mkt,quarter_x10,-0.07,-0.065,0.0
mkt,quarter_x10,-0.065,-0.06,7.626892422682378e-05
mkt,quarter_x10,-0.06,-0.055,0.00015253784845364757
mkt,quarter_x10,-0.055,-0.05,0.00015253784845364757
mkt,quarter_x10,-0.05,-0.045,0.00030507569690729514
mkt,quarter_x10,-0.045,-0.04,0.0004576135453609427
mkt,quarter_x10,-0.04,-0.035,0.0006482858559280022
mkt,quarter_x10,-0.035,-0.03,0.0012965717118560043
mkt,quarter_x10,-0.03,-0.025,0.001982992029897418
mkt,quarter_x10,-0.025,-0.02,0.004804942226289898
mkt,quarter_x10,-0.02,-0.015,0.012050490027838158
mkt,quarter_x10,-0.015,-0.01,0.030240628455935628
mkt,quarter_x10,-0.01,-0.005,0.09312435648095184
mkt,quarter_x10,-0.005,0.0,0.29866910727224194
mkt,quarter_x10,0.0,0.005,0.3922892117606681
mkt,quarter_x10,0.005,0.01,0.11455592418868932
mkt,quarter_x10,0.01,0.015,0.03043130076650269
mkt,quarter_x10,0.015,0.02,0.009419212142012736
mkt,quarter_x10,0.02,0.025,0.004271059756702131
mkt,quarter_x10,0.025,0.03,0.002364336651031537
mkt,quarter_x10,0.03,0.035,0.0008770926286084734
mkt,quarter_x10,0.035,0.04,0.0006101513938145903
mkt,quarter_x10,0.04,0.045,0.0005338824695877664
mkt,quarter_x10,0.045,0.05,0.00019067231056705945
mkt,quarter_x10,0.05,0.055,0.0002669412347938832
mkt,quarter_x10,0.055,0.06,7.626892422682378e-05
mkt,quarter_x10,0.06,0.065,0.0
mkt,quarter_x10,0.065,0.07,0.0
mkt,quarter_x10,0.07,0.075,0.0
mkt,quarter_x10,0.075,0.08,0.0
mkt,quarter_x10,0.08,0.085,0.0
mkt,quarter_x10,0.085,0.09,0.0
mkt,quarter_x10,0.09,0.095,0.0
mkt,quarter_x10,0.095,0.1,0.0
mkt,quarter_x10,0.1,0.105,0.0
mkt,quarter_x10,0.105,0.11,0.0
mkt,quarter_x10,0.11,0.115,0.0
mkt,quarter_x10,0.115,0.12,0.0
mkt,quarter_x10,0.12,0.125,0.0
mkt,quarter_x10,0.125,0.13,0.0
mkt,quarter_x10,0.13,0.135,0.0
mkt,quarter_x10,0.135,0.14,0.0
mkt,quarter_x10,0.14,0.145,0.0
mkt,quarter_x10,0.145,0.15,0.0
mkt,quarter_x10,0.15,0.155,0.0
mkt,quarter_x10,0.155,0.16,0.0
mkt,quarter_x10,0.16,0.165,0.0
mkt,quarter_x10,0.165,0.17,0.0
mkt,quarter_x10,0.17,0.175,0.0
mkt,quarter_x10,0.175,0.18,0.0
mkt,quarter_x10,0.18,0.185,0.0
mkt,quarter_x10,0.185,0.19,0.0
mkt,quarter_x10,0.19,0.195,0.0
mkt,quarter_x10,0.195,0.2,0.0
mkt,full_x25,-0.2,-0.195,0.0005341880341880342
mkt,full_x25,-0.195,-0.19,7.631257631257631e-05
mkt,full_x25,-0.19,-0.185,7.631257631257631e-05
mkt,full_x25,-0.185,-0.18,0.00015262515262515263
mkt,full_x25,-0.18,-0.175,0.00015262515262515263
mkt,full_x25,-0.175,-0.17,7.631257631257631e-05
mkt,full_x25,-0.17,-0.165,7.631257631257631e-05
mkt,full_x25,-0.165,-0.16,0.00015262515262515263
mkt,full_x25,-0.16,-0.155,3.8156288156288156e-05
mkt,full_x25,-0.155,-0.15,0.00022893772893772894
mkt,full_x25,-0.15,-0.145,0.00019078144078144078
mkt,full_x25,-0.145,-0.14,0.00019078144078144078
mkt,full_x25,-0.14,-0.135,0.00019078144078144078
mkt,full_x25,-0.135,-0.13,0.00041971916971916975
mkt,full_x25,-0.13,-0.125,0.0002670940170940171
mkt,full_x25,-0.125,-0.12,0.0004578754578754579
mkt,full_x25,-0.12,-0.115,0.00030525030525030525
mkt,full_x25,-0.115,-0.11,0.0005341880341880342
mkt,full_x25,-0.11,-0.105,0.0006105006105006105
mkt,full_x25,-0.105,-0.1,0.000496031746031746
mkt,full_x25,-0.1,-0.095,0.0008394383394383395
mkt,full_x25,-0.095,-0.09,0.001221001221001221
mkt,full_x25,-0.09,-0.085,0.0012973137973137973
mkt,full_x25,-0.085,-0.08,0.0015644078144078145
mkt,full_x25,-0.08,-0.075,0.0027472527472527475
mkt,full_x25,-0.075,-0.07,0.002136752136752137
mkt,full_x25,-0.07,-0.065,0.003357753357753358
mkt,full_x25,-0.065,-0.06,0.003968253968253968
mkt,full_x25,-0.06,-0.055,0.005036630036630037
mkt,full_x25,-0.055,-0.05,0.005837912087912088
mkt,full_x25,-0.05,-0.045,0.008814102564102564
mkt,full_x25,-0.045,-0.04,0.011294261294261294
mkt,full_x25,-0.04,-0.035,0.014957264957264958
mkt,full_x25,-0.035,-0.03,0.018009768009768008
mkt,full_x25,-0.03,-0.025,0.026404151404151404
mkt,full_x25,-0.025,-0.02,0.03579059829059829
mkt,full_x25,-0.02,-0.015,0.04418498168498169
mkt,full_x25,-0.015,-0.01,0.06257631257631258
mkt,full_x25,-0.01,-0.005,0.08424908424908426
mkt,full_x25,-0.005,0.0,0.11423992673992674
mkt,full_x25,0.0,0.005,0.12854853479853479
mkt,full_x25,0.005,0.01,0.11000457875457875
mkt,full_x25,0.01,0.015,0.0863476800976801
mkt,full_x25,0.015,0.02,0.06261446886446886
mkt,full_x25,0.02,0.025,0.0438034188034188
mkt,full_x25,0.025,0.03,0.030143467643467644
mkt,full_x25,0.03,0.035,0.021100427350427352
mkt,full_x25,0.035,0.04,0.016445360195360196
mkt,full_x25,0.04,0.045,0.011637667887667888
mkt,full_x25,0.045,0.05,0.00786019536019536
mkt,full_x25,0.05,0.055,0.005532661782661783
mkt,full_x25,0.055,0.06,0.004540598290598291
mkt,full_x25,0.06,0.065,0.0035103785103785105
mkt,full_x25,0.065,0.07,0.0020604395604395605
mkt,full_x25,0.07,0.075,0.001984126984126984
mkt,full_x25,0.075,0.08,0.0015262515262515263
mkt,full_x25,0.08,0.085,0.0012591575091575092
mkt,full_x25,0.085,0.09,0.0009157509157509158
mkt,full_x25,0.09,0.095,0.0012591575091575092
mkt,full_x25,0.095,0.1,0.0008012820512820513
mkt,full_x25,0.1,0.105,0.0008394383394383395
mkt,full_x25,0.105,0.11,0.0006868131868131869
mkt,full_x25,0.11,0.115,0.000496031746031746
mkt,full_x25,0.115,0.12,0.00038156288156288156
mkt,full_x25,0.12,0.125,0.00030525030525030525
mkt,full_x25,0.125,0.13,0.00019078144078144078
mkt,full_x25,0.13,0.135,0.0002670940170940171
mkt,full_x25,0.135,0.14,0.00011446886446886447
mkt,full_x25,0.14,0.145,0.00019078144078144078
mkt,full_x25,0.145,0.15,0.00015262515262515263
mkt,full_x25,0.15,0.155,0.00011446886446886447
mkt,full_x25,0.155,0.16,0.00011446886446886447
mkt,full_x25,0.16,0.165,0.00019078144078144078
mkt,full_x25,0.165,0.17,0.0002670940170940171
mkt,full_x25,0.17,0.175,0.0
mkt,full_x25,0.175,0.18,3.8156288156288156e-05
mkt,full_x25,0.18,0.185,0.0
mkt,full_x25,0.185,0.19,0.0
mkt,full_x25,0.19,0.195,0.0
mkt,full_x25,0.195,0.2,0.0
mkt,half_x25,-0.2,-0.195,3.8156288156288156e-05
mkt,half_x25,-0.195,-0.19,0.0
mkt,half_x25,-0.19,-0.185,0.0
mkt,half_x25,-0.185,-0.18,0.0
mkt,half_x25,-0.18,-0.175,0.0
mkt,half_x25,-0.175,-0.17,0.0
mkt,half_x25,-0.17,-0.165,0.0
mkt,half_x25,-0.165,-0.16,0.0
mkt,half_x25,-0.16,-0.155,3.8156288156288156e-05
mkt,half_x25,-0.155,-0.15,3.8156288156288156e-05
mkt,half_x25,-0.15,-0.145,3.8156288156288156e-05
mkt,half_x25,-0.145,-0.14,0.0
mkt,half_x25,-0.14,-0.135,0.0
mkt,half_x25,-0.135,-0.13,0.0
mkt,half_x25,-0.13,-0.125,7.631257631257631e-05
mkt,half_x25,-0.125,-0.12,0.0
mkt,half_x25,-0.12,-0.115,7.631257631257631e-05
mkt,half_x25,-0.115,-0.11,7.631257631257631e-05
mkt,half_x25,-0.11,-0.105,0.00011446886446886447
mkt,half_x25,-0.105,-0.1,3.8156288156288156e-05
mkt,half_x25,-0.1,-0.095,7.631257631257631e-05
mkt,half_x25,-0.095,-0.09,0.00022893772893772894
mkt,half_x25,-0.09,-0.085,0.00022893772893772894
mkt,half_x25,-0.085,-0.08,0.00022893772893772894
mkt,half_x25,-0.08,-0.075,0.0002670940170940171
mkt,half_x25,-0.075,-0.07,0.00038156288156288156
mkt,half_x25,-0.07,-0.065,0.0006105006105006105
mkt,half_x25,-0.065,-0.06,0.000724969474969475
mkt,half_x25,-0.06,-0.055,0.0008394383394383395
mkt,half_x25,-0.055,-0.05,0.0011065323565323565
mkt,half_x25,-0.05,-0.045,0.0020604395604395605
mkt,half_x25,-0.045,-0.04,0.0028617216117216115
mkt,half_x25,-0.04,-0.035,0.004693223443223443
mkt,half_x25,-0.035,-0.03,0.007364163614163614
mkt,half_x25,-0.03,-0.025,0.010912698412698412
mkt,half_x25,-0.025,-0.02,0.019993894993894992
mkt,half_x25,-0.02,-0.015,0.03273809523809524
mkt,half_x25,-0.015,-0.01,0.061622405372405376
mkt,half_x25,-0.01,-0.005,0.10626526251526251
mkt,half_x25,-0.005,0.0,0.19753510378510378
mkt,half_x25,0.0,0.005,0.23862942612942614
mkt,half_x25,0.005,0.01,0.14961080586080586
mkt,half_x25,0.01,0.015,0.0750534188034188
mkt,half_x25,0.015,0.02,0.03777472527472527
mkt,half_x25,0.02,0.025,0.01984126984126984
mkt,half_x25,0.025,0.03,0.009958791208791208
mkt,half_x25,0.03,0.035,0.005723443223443223
mkt,half_x25,0.035,0.04,0.0035485347985347985
mkt,half_x25,0.04,0.045,0.002136752136752137
mkt,half_x25,0.045,0.05,0.0020985958485958485
mkt,half_x25,0.05,0.055,0.001488095238095238
mkt,half_x25,0.055,0.06,0.0009157509157509158
mkt,half_x25,0.06,0.065,0.000496031746031746
mkt,half_x25,0.065,0.07,0.00038156288156288156
mkt,half_x25,0.07,0.075,0.00034340659340659343
mkt,half_x25,0.075,0.08,0.00022893772893772894
mkt,half_x25,0.08,0.085,0.0004578754578754579
mkt,half_x25,0.085,0.09,3.8156288156288156e-05
mkt,half_x25,0.09,0.095,0.0
mkt,half_x25,0.095,0.1,0.0
mkt,half_x25,0.1,0.105,0.0
mkt,half_x25,0.105,0.11,0.0
mkt,half_x25,0.11,0.115,0.0
mkt,half_x25,0.115,0.12,0.0
mkt,half_x25,0.12,0.125,0.0
mkt,half_x25,0.125,0.13,0.0
mkt,half_x25,0.13,0.135,0.0
mkt,half_x25,0.135,0.14,0.0
mkt,half_x25,0.14,0.145,0.0
mkt,half_x25,0.145,0.15,0.0
mkt,half_x25,0.15,0.155,0.0
mkt,half_x25,0.155,0.16,0.0
mkt,half_x25,0.16,0.165,0.0
mkt,half_x25,0.165,0.17,0.0
mkt,half_x25,0.17,0.175,0.0
mkt,half_x25,0.175,0.18,0.0
mkt,half_x25,0.18,0.185,0.0
mkt,half_x25,0.185,0.19,0.0
mkt,half_x25,0.19,0.195,0.0
mkt,half_x25,0.195,0.2,0.0
mkt,quarter_x25,-0.2,-0.195,0.0
mkt,quarter_x25,-0.195,-0.19,0.0
mkt,quarter_x25,-0.19,-0.185,0.0
mkt,quarter_x25,-0.185,-0.18,0.0
mkt,quarter_x25,-0.18,-0.175,0.0
mkt,quarter_x25,-0.175,-0.17,0.0
mkt,quarter_x25,-0.17,-0.165,0.0
mkt,quarter_x25,-0.165,-0.16,0.0
mkt,quarter_x25,-0.16,-0.155,0.0
mkt,quarter_x25,-0.155,-0.15,0.0
mkt,quarter_x25,-0.15,-0.145,0.0
mkt,quarter_x25,-0.145,-0.14,0.0
mkt,quarter_x25,-0.14,-0.135,0.0
mkt,quarter_x25,-0.135,-0.13,0.0
mkt,quarter_x25,-0.13,-0.125,0.0
mkt,quarter_x25,-0.125,-0.12,0.0
mkt,quarter_x25,-0.12,-0.115,0.0
mkt,quarter_x25,-0.115,-0.11,3.8156288156288156e-05
mkt,quarter_x25,-0.11,-0.105,0.0
mkt,quarter_x25,-0.105,-0.1,0.0
mkt,quarter_x25,-0.1,-0.095,0.0
mkt,quarter_x25,-0.095,-0.09,0.0
mkt,quarter_x25,-0.09,-0.085,0.0
mkt,quarter_x25,-0.085,-0.08,0.0
mkt,quarter_x25,-0.08,-0.075,7.631257631257631e-05
mkt,quarter_x25,-0.075,-0.07,3.8156288156288156e-05
mkt,quarter_x25,-0.07,-0.065,0.0
mkt,quarter_x25,-0.065,-0.06,7.631257631257631e-05
mkt,quarter_x25,-0.06,-0.055,0.00015262515262515263
mkt,quarter_x25,-0.055,-0.05,0.00015262515262515263
mkt,quarter_x25,-0.05,-0.045,0.00030525030525030525
mkt,quarter_x25,-0.045,-0.04,0.0004578754578754579
mkt,quarter_x25,-0.04,-0.035,0.0006486568986568986
mkt,quarter_x25,-0.035,-0.03,0.0012973137973137973
mkt,quarter_x25,-0.03,-0.025,0.001984126984126984
mkt,quarter_x25,-0.025,-0.02,0.004807692307692308
mkt,quarter_x25,-0.02,-0.015,0.012057387057387058
mkt,quarter_x25,-0.015,-0.01,0.030257936507936508
mkt,quarter_x25,-0.01,-0.005,0.09317765567765568
mkt,quarter_x25,-0.005,0.0,0.29884004884004883
mkt,quarter_x25,0.0,0.005,0.39251373626373626
mkt,quarter_x25,0.005,0.01,0.11462148962148962
mkt,quarter_x25,0.01,0.015,0.030448717948717948
mkt,quarter_x25,0.015,0.02,0.009424603174603174
mkt,quarter_x25,0.02,0.025,0.004273504273504274
mkt,quarter_x25,0.025,0.03,0.0023656898656898655
mkt,quarter_x25,0.03,0.035,0.0008775946275946276
mkt,quarter_x25,0.035,0.04,0.0006105006105006105
mkt,quarter_x25,0.04,0.045,0.000496031746031746
mkt,quarter_x25,0.045,0.05,0.0
mkt,quarter_x25,0.05,0.055,0.0
mkt,quarter_x25,0.055,0.06,0.0
mkt,quarter_x25,0.06,0.065,0.0
mkt,quarter_x25,0.065,0.07,0.0
mkt,quarter_x25,0.07,0.075,0.0
mkt,quarter_x25,0.075,0.08,0.0
mkt,quarter_x25,0.08,0.085,0.0
mkt,quarter_x25,0.085,0.09,0.0
mkt,quarter_x25,0.09,0.095,0.0
mkt,quarter_x25,0.095,0.1,0.0
mkt,quarter_x25,0.1,0.105,0.0
mkt,quarter_x25,0.105,0.11,0.0
mkt,quarter_x25,0.11,0.115,0.0
mkt,quarter_x25,0.115,0.12,0.0
mkt,quarter_x25,0.12,0.125,0.0
mkt,quarter_x25,0.125,0.13,0.0
mkt,quarter_x25,0.13,0.135,0.0
mkt,quarter_x25,0.135,0.14,0.0
mkt,quarter_x25,0.14,0.145,0.0
mkt,quarter_x25,0.145,0.15,0.0
mkt,quarter_x25,0.15,0.155,0.0
mkt,quarter_x25,0.155,0.16,0.0
mkt,quarter_x25,0.16,0.165,0.0
mkt,quarter_x25,0.165,0.17,0.0
mkt,quarter_x25,0.17,0.175,0.0
mkt,quarter_x25,0.175,0.18,0.0
mkt,quarter_x25,0.18,0.185,0.0
mkt,quarter_x25,0.185,0.19,0.0
mkt,quarter_x25,0.19,0.195,0.0
mkt,quarter_x25,0.195,0.2,0.0
mkt,full_x100,-0.2,-0.195,0.0005357211188918226
mkt,full_x100,-0.195,-0.19,7.653158841311751e-05
mkt,full_x100,-0.19,-0.185,7.653158841311751e-05
mkt,full_x100,-0.185,-0.18,0.00015306317682623502
mkt,full_x100,-0.18,-0.175,0.00015306317682623502
mkt,full_x100,-0.175,-0.17,7.653158841311751e-05
mkt,full_x100,-0.17,-0.165,7.653158841311751e-05
mkt,full_x100,-0.165,-0.16,0.00015306317682623502
mkt,full_x100,-0.16,-0.155,3.8265794206558755e-05
mkt,full_x100,-0.155,-0.15,0.00022959476523935255
mkt,full_x100,-0.15,-0.145,0.00019132897103279377
mkt,full_x100,-0.145,-0.14,0.00019132897103279377
mkt,full_x100,-0.14,-0.135,0.00019132897103279377
mkt,full_x100,-0.135,-0.13,0.00042092373627214635
mkt,full_x100,-0.13,-0.125,0.0002678605594459113
mkt,full_x100,-0.125,-0.12,0.0004591895304787051
mkt,full_x100,-0.12,-0.115,0.00030612635365247004
mkt,full_x100,-0.115,-0.11,0.0005357211188918226
mkt,full_x100,-0.11,-0.105,0.0006122527073049401
mkt,full_x100,-0.105,-0.1,0.0004974553246852639
mkt,full_x100,-0.1,-0.095,0.0008418474725442927
mkt,full_x100,-0.095,-0.09,0.0012245054146098801
mkt,full_x100,-0.09,-0.085,0.0013010370030229978
mkt,full_x100,-0.085,-0.08,0.001568897562468909
mkt,full_x100,-0.08,-0.075,0.0027551371828722303
mkt,full_x100,-0.075,-0.07,0.0021428844755672903
mkt,full_x100,-0.07,-0.065,0.003367389890177171
mkt,full_x100,-0.065,-0.06,0.003979642597482111
mkt,full_x100,-0.06,-0.055,0.005051084835265756
mkt,full_x100,-0.055,-0.05,0.00585466651360349
mkt,full_x100,-0.05,-0.045,0.008839398461715072
mkt,full_x100,-0.045,-0.04,0.011326675085141392
mkt,full_x100,-0.04,-0.035,0.015000191328971032
mkt,full_x100,-0.035,-0.03,0.01806145486549573
mkt,full_x100,-0.03,-0.025,0.02647992959093866
mkt,full_x100,-0.025,-0.02,0.03589331496575211
mkt,full_x100,-0.02,-0.015,0.04431178969119504
mkt,full_x100,-0.015,-0.01,0.06275590249875636
mkt,full_x100,-0.01,-0.005,0.08449087360808173
mkt,full_x100,-0.005,0.0,0.11456778785443691
mkt,full_x100,0.0,0.005,0.12891746068189644
mkt,full_x100,0.005,0.01,0.1103202846975089
mkt,full_x100,0.01,0.015,0.08659549228944247
mkt,full_x100,0.015,0.02,0.06279416829296292
mkt,full_x100,0.02,0.025,0.043929131749129456
mkt,full_x100,0.025,0.03,0.03022997742318142
mkt,full_x100,0.03,0.035,0.021160984196226994
mkt,full_x100,0.035,0.04,0.016492557303026824
mkt,full_x100,0.04,0.045,0.011671067233000421
mkt,full_x100,0.045,0.05,0.007882753606551104
mkt,full_x100,0.05,0.055,0.00554854015995102
mkt,full_x100,0.055,0.06,0.004553629510580492
mkt,full_x100,0.06,0.065,0.0035204530670034056
mkt,full_x100,0.065,0.07,0.002066352887154173
mkt,full_x100,0.07,0.075,0.0019898212987410555
mkt,full_x100,0.075,0.08,0.0015306317682623502
mkt,full_x100,0.08,0.085,0.001262771208816439
mkt,full_x100,0.085,0.09,0.0009183790609574102
mkt,full_x100,0.09,0.095,0.001262771208816439
mkt,full_x100,0.095,0.1,0.0008035816783377339
mkt,full_x100,0.1,0.105,0.0008418474725442927
mkt,full_x100,0.105,0.11,0.0006505185015114989
mkt,full_x100,0.11,0.115,0.0
mkt,full_x100,0.115,0.12,0.0
mkt,full_x100,0.12,0.125,0.0
mkt,full_x100,0.125,0.13,0.0
mkt,full_x100,0.13,0.135,0.0
mkt,full_x100,0.135,0.14,0.0
mkt,full_x100,0.14,0.145,0.0
mkt,full_x100,0.145,0.15,0.0
mkt,full_x100,0.15,0.155,0.0
mkt,full_x100,0.155,0.16,0.0
mkt,full_x100,0.16,0.165,0.0
mkt,full_x100,0.165,0.17,0.0
mkt,full_x100,0.17,0.175,0.0
mkt,full_x100,0.175,0.18,0.0
mkt,full_x100,0.18,0.185,0.0
mkt,full_x100,0.185,0.19,0.0
mkt,full_x100,0.19,0.195,0.0
mkt,full_x100,0.195,0.2,0.0
mkt,half_x100,-0.2,-0.195,3.8265794206558755e-05
mkt,half_x100,-0.195,-0.19,0.0
mkt,half_x100,-0.19,-0.185,0.0
mkt,half_x100,-0.185,-0.18,0.0
mkt,half_x100,-0.18,-0.175,0.0
mkt,half_x100,-0.175,-0.17,0.0
mkt,half_x100,-0.17,-0.165,0.0
mkt,half_x100,-0.165,-0.16,0.0
mkt,half_x100,-0.16,-0.155,3.8265794206558755e-05
mkt,half_x100,-0.155,-0.15,3.8265794206558755e-05
mkt,half_x100,-0.15,-0.145,3.8265794206558755e-05
mkt,half_x100,-0.145,-0.14,0.0
mkt,half_x100,-0.14,-0.135,0.0
mkt,half_x100,-0.135,-0.13,0.0
mkt,half_x100,-0.13,-0.125,7.653158841311751e-05
mkt,half_x100,-0.125,-0.12,0.0
mkt,half_x100,-0.12,-0.115,7.653158841311751e-05
mkt,half_x100,-0.115,-0.11,7.653158841311751e-05
mkt,half_x100,-0.11,-0.105,0.00011479738261967628
mkt,half_x100,-0.105,-0.1,3.8265794206558755e-05
mkt,half_x100,-0.1,-0.095,7.653158841311751e-05
mkt,half_x100,-0.095,-0.09,0.00022959476523935255
mkt,half_x100,-0.09,-0.085,0.00022959476523935255
mkt,half_x100,-0.085,-0.08,0.00022959476523935255
mkt,half_x100,-0.08,-0.075,0.0002678605594459113
mkt,half_x100,-0.075,-0.07,0.00038265794206558755
mkt,half_x100,-0.07,-0.065,0.0006122527073049401
mkt,half_x100,-0.065,-0.06,0.0007270500899246164
mkt,half_x100,-0.06,-0.055,0.0008418474725442927
mkt,half_x100,-0.055,-0.05,0.001109708031990204
mkt,half_x100,-0.05,-0.045,0.002066352887154173
mkt,half_x100,-0.045,-0.04,0.002869934565491907
mkt,half_x100,-0.04,-0.035,0.004706692687406727
mkt,half_x100,-0.035,-0.03,0.00738529828186584
mkt,half_x100,-0.03,-0.025,0.010944017143075805
mkt,half_x100,-0.025,-0.02,0.020051276164236787
mkt,half_x100,-0.02,-0.015,0.03283205142922741
mkt,half_x100,-0.015,-0.01,0.06179925764359239
mkt,half_x100,-0.01,-0.005,0.10657023686526614
mkt,half_x100,-0.005,0.0,0.1981020166073547
mkt,half_x100,0.0,0.005,0.23931427696781846
mkt,half_x100,0.005,0.01,0.1500401790839169
mkt,half_x100,0.01,0.015,0.07526881720430108
mkt,half_x100,0.015,0.02,0.03788313626449317
mkt,half_x100,0.02,0.025,0.019898212987410555
mkt,half_x100,0.025,0.03,0.009987372287911836
mkt,half_x100,0.03,0.035,0.005739869130983814
mkt,half_x100,0.035,0.04,0.0035587188612099642
mkt,half_x100,0.04,0.045,0.0021428844755672903
mkt,half_x100,0.045,0.05,0.0021046186813607317
mkt,half_x100,0.05,0.055,0.0014923659740557916
mkt,half_x100,0.055,0.06,0.0
mkt,half_x100,0.06,0.065,0.0
mkt,half_x100,0.065,0.07,0.0
mkt,half_x100,0.07,0.075,0.0
mkt,half_x100,0.075,0.08,0.0
mkt,half_x100,0.08,0.085,0.0
mkt,half_x100,0.085,0.09,0.0
mkt,half_x100,0.09,0.095,0.0
mkt,half_x100,0.095,0.1,0.0
mkt,half_x100,0.1,0.105,0.0
mkt,half_x100,0.105,0.11,0.0
mkt,half_x100,0.11,0.115,0.0
mkt,half_x100,0.115,0.12,0.0
mkt,half_x100,0.12,0.125,0.0
mkt,half_x100,0.125,0.13,0.0
mkt,half_x100,0.13,0.135,0.0
mkt,half_x100,0.135,0.14,0.0
mkt,half_x100,0.14,0.145,0.0
mkt,half_x100,0.145,0.15,0.0
mkt,half_x100,0.15,0.155,0.0
mkt,half_x100,0.155,0.16,0.0
mkt,half_x100,0.16,0.165,0.0
mkt,half_x100,0.165,0.17,0.0
mkt,half_x100,0.17,0.175,0.0
mkt,half_x100,0.175,0.18,0.0
mkt,half_x100,0.18,0.185,0.0
mkt,half_x100,0.185,0.19,0.0
mkt,half_x100,0.19,0.195,0.0
mkt,half_x100,0.195,0.2,0.0
mkt,quarter_x100,-0.2,-0.195,0.0
mkt,quarter_x100,-0.195,-0.19,0.0
mkt,quarter_x100,-0.19,-0.185,0.0
mkt,quarter_x100,-0.185,-0.18,0.0
mkt,quarter_x100,-0.18,-0.175,0.0
mkt,quarter_x100,-0.175,-0.17,0.0
mkt,quarter_x100,-0.17,-0.165,0.0
mkt,quarter_x100,-0.165,-0.16,0.0
mkt,quarter_x100,-0.16,-0.155,0.0
mkt,quarter_x100,-0.155,-0.15,0.0
mkt,quarter_x100,-0.15,-0.145,0.0
mkt,quarter_x100,-0.145,-0.14,0.0
mkt,quarter_x100,-0.14,-0.135,0.0
mkt,quarter_x100,-0.135,-0.13,0.0
mkt,quarter_x100,-0.13,-0.125,0.0
mkt,quarter_x100,-0.125,-0.12,0.0
mkt,quarter_x100,-0.12,-0.115,0.0
mkt,quarter_x100,-0.115,-0.11,3.8265794206558755e-05
mkt,quarter_x100,-0.11,-0.105,0.0
mkt,quarter_x100,-0.105,-0.1,0.0
mkt,quarter_x100,-0.1,-0.095,0.0
mkt,quarter_x100,-0.095,-0.09,0.0
mkt,quarter_x100,-0.09,-0.085,0.0
mkt,quarter_x100,-0.085,-0.08,0.0
mkt,quarter_x100,-0.08,-0.075,7.653158841311751e-05
mkt,quarter_x100,-0.075,-0.07,3.8265794206558755e-05
mkt,quarter_x100,-0.07,-0.065,0.0
mkt,quarter_x100,-0.065,-0.06,7.653158841311751e-05
mkt,quarter_x100,-0.06,-0.055,0.00015306317682623502
mkt,quarter_x100,-0.055,-0.05,0.00015306317682623502
mkt,quarter_x100,-0.05,-0.045,0.00030612635365247004
mkt,quarter_x100,-0.045,-0.04,0.0004591895304787051
mkt,quarter_x100,-0.04,-0.035,0.0006505185015114989
mkt,quarter_x100,-0.035,-0.03,0.0013010370030229978
mkt,quarter_x100,-0.03,-0.025,0.0019898212987410555
mkt,quarter_x100,-0.025,-0.02,0.004821490070026403
mkt,quarter_x100,-0.02,-0.015,0.012091990969272567
mkt,quarter_x100,-0.015,-0.01,0.030344774805801094
mkt,quarter_x100,-0.01,-0.005,0.09344506945241648
mkt,quarter_x100,-0.005,0.0,0.2996977002257682
mkt,quarter_x100,0.0,0.005,0.39364022500286994
mkt,quarter_x100,0.005,0.01,0.1149504457965025
mkt,quarter_x100,0.01,0.015,0.030536103776833887
mkt,quarter_x100,0.015,0.02,0.009451651169020013
mkt,quarter_x100,0.02,0.025,0.0042857689511345805
mkt,quarter_x100,0.025,0.03,0.0014923659740557916
mkt,quarter_x100,0.03,0.035,0.0
mkt,quarter_x100,0.035,0.04,0.0
mkt,quarter_x100,0.04,0.045,0.0
mkt,quarter_x100,0.045,0.05,0.0
mkt,quarter_x100,0.05,0.055,0.0
mkt,quarter_x100,0.055,0.06,0.0
mkt,quarter_x100,0.06,0.065,0.0
mkt,quarter_x100,0.065,0.07,0.0
mkt,quarter_x100,0.07,0.075,0.0
mkt,quarter_x100,0.075,0.08,0.0
mkt,quarter_x100,0.08,0.085,0.0
mkt,quarter_x100,0.085,0.09,0.0
mkt,quarter_x100,0.09,0.095,0.0
mkt,quarter_x100,0.095,0.1,0.0
mkt,quarter_x100,0.1,0.105,0.0
mkt,quarter_x100,0.105,0.11,0.0
mkt,quarter_x100,0.11,0.115,0.0
mkt,quarter_x100,0.115,0.12,0.0
mkt,quarter_x100,0.12,0.125,0.0
mkt,quarter_x100,0.125,0.13,0.0
mkt,quarter_x100,0.13,0.135,0.0
mkt,quarter_x100,0.135,0.14,0.0
mkt,quarter_x100,0.14,0.145,0.0
mkt,quarter_x100,0.145,0.15,0.0
mkt,quarter_x100,0.15,0.155,0.0
mkt,quarter_x100,0.155,0.16,0.0
mkt,quarter_x100,0.16,0.165,0.0
mkt,quarter_x100,0.165,0.17,0.0
mkt,quarter_x100,0.17,0.175,0.0
mkt,quarter_x100,0.175,0.18,0.0
mkt,quarter_x100,0.18,0.185,0.0
mkt,quarter_x100,0.185,0.19,0.0
mkt,quarter_x100,0.19,0.195,0.0
mkt,quarter_x100,0.195,0.2,0.0
scv,full_x0,-0.2,-0.195,0.0018678763389623756
scv,full_x0,-0.195,-0.19,0.00022871955170967865
scv,full_x0,-0.19,-0.185,0.00011435977585483933
scv,full_x0,-0.185,-0.18,0.0002668394769946251
scv,full_x0,-0.18,-0.175,7.623985056989288e-05
scv,full_x0,-0.175,-0.17,0.0003049594022795715
scv,full_x0,-0.17,-0.165,0.00022871955170967865
scv,full_x0,-0.165,-0.16,0.00015247970113978576
scv,full_x0,-0.16,-0.155,0.0002668394769946251
scv,full_x0,-0.155,-0.15,0.0004955590287043037
scv,full_x0,-0.15,-0.145,0.00038119925284946444
scv,full_x0,-0.145,-0.14,0.00022871955170967865
scv,full_x0,-0.14,-0.135,0.00038119925284946444
scv,full_x0,-0.135,-0.13,0.000609918804559143
scv,full_x0,-0.13,-0.125,0.0006480387298440895
scv,full_x0,-0.125,-0.12,0.0008767582815537682
scv,full_x0,-0.12,-0.115,0.0010673579079785004
scv,full_x0,-0.115,-0.11,0.0009911180574086074
scv,full_x0,-0.11,-0.105,0.0014485571608279647
scv,full_x0,-0.105,-0.1,0.0011817176838333397
scv,full_x0,-0.1,-0.095,0.0015629169366828042
scv,full_x0,-0.095,-0.09,0.001905996264247322
scv,full_x0,-0.09,-0.085,0.0022871955170967865
scv,full_x0,-0.085,-0.08,0.0024777951435215185
scv,full_x0,-0.08,-0.075,0.0030495940227957155
scv,full_x0,-0.075,-0.07,0.003926352304349483
scv,full_x0,-0.07,-0.065,0.004231311706629055
scv,full_x0,-0.065,-0.06,0.005222429764037663
scv,full_x0,-0.06,-0.055,0.006785346700720466
scv,full_x0,-0.055,-0.05,0.008729462890252735
scv,full_x0,-0.05,-0.045,0.008920062516677468
scv,full_x0,-0.045,-0.04,0.013303853924446309
scv,full_x0,-0.04,-0.035,0.017039606602371058
scv,full_x0,-0.035,-0.03,0.019860481073457097
scv,full_x0,-0.03,-0.025,0.026264628521328097
scv,full_x0,-0.025,-0.02,0.034307932756451796
scv,full_x0,-0.02,-0.015,0.04242747684214539
scv,full_x0,-0.015,-0.01,0.058514085312392786
scv,full_x0,-0.01,-0.005,0.07456257385735524
scv,full_x0,-0.005,0.0,0.09350817672397362
scv,full_x0,0.0,0.005,0.11020470399878016
scv,full_x0,0.005,0.01,0.10242823924065109
scv,full_x0,0.01,0.015,0.08435939465558648
scv,full_x0,0.015,0.02,0.06629055007052186
scv,full_x0,0.02,0.025,0.045591430640795946
scv,full_x0,0.025,0.03,0.034117333130027065
scv,full_x0,0.03,0.035,0.025006670986924866
scv,full_x0,0.035,0.04,0.017077726527656007
scv,full_x0,0.04,0.045,0.014638051309419434
scv,full_x0,0.045,0.05,0.011321617809629094
scv,full_x0,0.05,0.055,0.008081424160408645
scv,full_x0,0.055,0.06,0.006442267373155949
scv,full_x0,0.06,0.065,0.004688750810048412
scv,full_x0,0.065,0.07,0.0049937102123279835
scv,full_x0,0.07,0.075,0.0036595128273548584
scv,full_x0,0.075,0.08,0.0031258338733656083
scv,full_x0,0.08,0.085,0.0024777951435215185
scv,full_x0,0.085,0.09,0.0014104372355430183
scv,full_x0,0.09,0.095,0.001372317310258072
scv,full_x0,0.095,0.1,0.001372317310258072
scv,full_x0,0.1,0.105,0.0008386383562688217
scv,full_x0,0.105,0.11,0.0014104372355430183
scv,full_x0,0.11,0.115,0.0006480387298440895
scv,full_x0,0.115,0.12,0.0008005184309838753
scv,full_x0,0.12,0.125,0.0004955590287043037
scv,full_x0,0.125,0.13,0.000686158655129036
scv,full_x0,0.13,0.135,0.0007623985056989289
scv,full_x0,0.135,0.14,0.0004574391034193573
scv,full_x0,0.14,0.145,0.000686158655129036
scv,full_x0,0.145,0.15,0.00019059962642473222
scv,full_x0,0.15,0.155,0.0004955590287043037
scv,full_x0,0.155,0.16,0.00019059962642473222
scv,full_x0,0.16,0.165,0.00038119925284946444
scv,full_x0,0.165,0.17,0.00011435977585483933
scv,full_x0,0.17,0.175,0.0003049594022795715
scv,full_x0,0.175,0.18,0.00011435977585483933
scv,full_x0,0.18,0.185,0.0003049594022795715
scv,full_x0,0.185,0.19,0.00011435977585483933
scv,full_x0,0.19,0.195,0.00022871955170967865
scv,full_x0,0.195,0.2,0.0014104372355430183
scv,half_x0,-0.2,-0.195,3.811992528494644e-05
scv,half_x0,-0.195,-0.19,0.0
scv,half_x0,-0.19,-0.185,0.0
scv,half_x0,-0.185,-0.18,0.0
scv,half_x0,-0.18,-0.175,0.0
scv,half_x0,-0.175,-0.17,0.00011435977585483933
scv,half_x0,-0.17,-0.165,3.811992528494644e-05
scv,half_x0,-0.165,-0.16,3.811992528494644e-05
scv,half_x0,-0.16,-0.155,0.00011435977585483933
scv,half_x0,-0.155,-0.15,0.0
scv,half_x0,-0.15,-0.145,0.00011435977585483933
scv,half_x0,-0.145,-0.14,3.811992528494644e-05
scv,half_x0,-0.14,-0.135,3.811992528494644e-05
scv,half_x0,-0.135,-0.13,0.00011435977585483933
scv,half_x0,-0.13,-0.125,0.00011435977585483933
scv,half_x0,-0.125,-0.12,0.00019059962642473222
scv,half_x0,-0.12,-0.115,3.811992528494644e-05
scv,half_x0,-0.115,-0.11,0.00022871955170967865
scv,half_x0,-0.11,-0.105,0.0003049594022795715
scv,half_x0,-0.105,-0.1,0.0003049594022795715
scv,half_x0,-0.1,-0.095,0.0002668394769946251
scv,half_x0,-0.095,-0.09,0.00038119925284946444
scv,half_x0,-0.09,-0.085,0.00038119925284946444
scv,half_x0,-0.085,-0.08,0.00038119925284946444
scv,half_x0,-0.08,-0.075,0.0007623985056989289
scv,half_x0,-0.075,-0.07,0.000609918804559143
scv,half_x0,-0.07,-0.065,0.0009911180574086074
scv,half_x0,-0.065,-0.06,0.0015247970113978577
scv,half_x0,-0.06,-0.055,0.0020584759653871076
scv,half_x0,-0.055,-0.05,0.0026302748446613046
scv,half_x0,-0.05,-0.045,0.0034689132009301264
scv,half_x0,-0.045,-0.04,0.004726870735333359
scv,half_x0,-0.04,-0.035,0.007014066252430146
scv,half_x0,-0.035,-0.03,0.009415621545381772
scv,half_x0,-0.03,-0.025,0.015362329889833416
scv,half_x0,-0.025,-0.02,0.021995196889414096
scv,half_x0,-0.02,-0.015,0.036900087675828155
scv,half_x0,-0.015,-0.01,0.06026760187550032
scv,half_x0,-0.01,-0.005,0.09991232417184462
scv,half_x0,-0.005,0.0,0.16707963252392025
scv,half_x0,0.0,0.005,0.2131666221934205
scv,half_x0,0.005,0.01,0.1515267030076621
scv,half_x0,0.01,0.015,0.08066176190294667
scv,half_x0,0.015,0.02,0.042122517439865816
scv,half_x0,0.02,0.025,0.026074028894903366
scv,half_x0,0.025,0.03,0.014638051309419434
scv,half_x0,0.03,0.035,0.009758700872946289
scv,half_x0,0.035,0.04,0.006823466626005413
scv,half_x0,0.04,0.045,0.003888232379064537
scv,half_x0,0.045,0.05,0.002744634620516144
scv,half_x0,0.05,0.055,0.0022109556665268937
scv,half_x0,0.055,0.06,0.0014866770861129111
scv,half_x0,0.06,0.065,0.0011817176838333397
scv,half_x0,0.065,0.07,0.001219837609118286
scv,half_x0,0.07,0.075,0.0008767582815537682
scv,half_x0,0.075,0.08,0.000686158655129036
scv,half_x0,0.08,0.085,0.0004955590287043037
scv,half_x0,0.085,0.09,0.00038119925284946444
scv,half_x0,0.09,0.095,0.0004574391034193573
scv,half_x0,0.095,0.1,0.0002668394769946251
scv,half_x0,0.1,0.105,0.00022871955170967865
scv,half_x0,0.105,0.11,0.00022871955170967865
scv,half_x0,0.11,0.115,0.00019059962642473222
scv,half_x0,0.115,0.12,0.00015247970113978576
scv,half_x0,0.12,0.125,0.00022871955170967865
scv,half_x0,0.125,0.13,0.0
scv,half_x0,0.13,0.135,7.623985056989288e-05
scv,half_x0,0.135,0.14,0.0
scv,half_x0,0.14,0.145,0.0
scv,half_x0,0.145,0.15,3.811992528494644e-05
scv,half_x0,0.15,0.155,0.0
scv,half_x0,0.155,0.16,0.0
scv,half_x0,0.16,0.165,0.0
scv,half_x0,0.165,0.17,0.0
scv,half_x0,0.17,0.175,0.0
scv,half_x0,0.175,0.18,0.0
scv,half_x0,0.18,0.185,0.0
scv,half_x0,0.185,0.19,3.811992528494644e-05
scv,half_x0,0.19,0.195,0.0
scv,half_x0,0.195,0.2,0.00019059962642473222
scv,quarter_x0,-0.2,-0.195,0.0
scv,quarter_x0,-0.195,-0.19,0.0
scv,quarter_x0,-0.19,-0.185,0.0
scv,quarter_x0,-0.185,-0.18,0.0
scv,quarter_x0,-0.18,-0.175,0.0
scv,quarter_x0,-0.175,-0.17,0.0
scv,quarter_x0,-0.17,-0.165,0.0
scv,quarter_x0,-0.165,-0.16,0.0
scv,quarter_x0,-0.16,-0.155,0.0
scv,quarter_x0,-0.155,-0.15,0.0
scv,quarter_x0,-0.15,-0.145,0.0
scv,quarter_x0,-0.145,-0.14,0.0
scv,quarter_x0,-0.14,-0.135,0.0
scv,quarter_x0,-0.135,-0.13,0.0
scv,quarter_x0,-0.13,-0.125,0.0
scv,quarter_x0,-0.125,-0.12,0.0
scv,quarter_x0,-0.12,-0.115,0.0
scv,quarter_x0,-0.115,-0.11,3.811992528494644e-05
scv,quarter_x0,-0.11,-0.105,0.0
scv,quarter_x0,-0.105,-0.1,0.0
scv,quarter_x0,-0.1,-0.095,0.0
scv,quarter_x0,-0.095,-0.09,0.0
scv,quarter_x0,-0.09,-0.085,0.00011435977585483933
scv,quarter_x0,-0.085,-0.08,7.623985056989288e-05
scv,quarter_x0,-0.08,-0.075,0.00011435977585483933
scv,quarter_x0,-0.075,-0.07,0.00015247970113978576
scv,quarter_x0,-0.07,-0.065,0.00015247970113978576
scv,quarter_x0,-0.065,-0.06,0.0003049594022795715
scv,quarter_x0,-0.06,-0.055,0.0002668394769946251
scv,quarter_x0,-0.055,-0.05,0.000609918804559143
scv,quarter_x0,-0.05,-0.045,0.0006480387298440895
scv,quarter_x0,-0.045,-0.04,0.0007623985056989289
scv,quarter_x0,-0.04,-0.035,0.001372317310258072
scv,quarter_x0,-0.035,-0.03,0.0024777951435215185
scv,quarter_x0,-0.03,-0.025,0.004726870735333359
scv,quarter_x0,-0.025,-0.02,0.008157664010978538
scv,quarter_x0,-0.02,-0.015,0.016239088171387184
scv,quarter_x0,-0.015,-0.01,0.03709068730225289
scv,quarter_x0,-0.01,-0.005,0.09583349216635535
scv,quarter_x0,-0.005,0.0,0.2624556855868562
scv,quarter_x0,0.0,0.005,0.36861967750543206
scv,quarter_x0,0.005,0.01,0.12488087523348454
scv,quarter_x0,0.01,0.015,0.04078832005489269
scv,quarter_x0,0.015,0.02,0.01681088705066138
scv,quarter_x0,0.02,0.025,0.006670986924865627
scv,quarter_x0,0.025,0.03,0.003697632752639805
scv,quarter_x0,0.03,0.035,0.0024015552929516257
scv,quarter_x0,0.035,0.04,0.0015629169366828042
scv,quarter_x0,0.04,0.045,0.0008767582815537682
scv,quarter_x0,0.045,0.05,0.0007242785804139824
scv,quarter_x0,0.05,0.055,0.0004574391034193573
scv,quarter_x0,0.055,0.06,0.000343079327564518
scv,quarter_x0,0.06,0.065,0.00022871955170967865
scv,quarter_x0,0.065,0.07,7.623985056989288e-05
scv,quarter_x0,0.07,0.075,3.811992528494644e-05
scv,quarter_x0,0.075,0.08,0.0
scv,quarter_x0,0.08,0.085,0.0
scv,quarter_x0,0.085,0.09,0.0
scv,quarter_x0,0.09,0.095,3.811992528494644e-05
scv,quarter_x0,0.095,0.1,3.811992528494644e-05
scv,quarter_x0,0.1,0.105,3.811992528494644e-05
scv,quarter_x0,0.105,0.11,0.0
scv,quarter_x0,0.11,0.115,0.0
scv,quarter_x0,0.115,0.12,0.0
scv,quarter_x0,0.12,0.125,0.0
scv,quarter_x0,0.125,0.13,0.0
scv,quarter_x0,0.13,0.135,0.0
scv,quarter_x0,0.135,0.14,3.811992528494644e-05
scv,quarter_x0,0.14,0.145,0.0
scv,quarter_x0,0.145,0.15,0.0
scv,quarter_x0,0.15,0.155,0.0
scv,quarter_x0,0.155,0.16,0.0
scv,quarter_x0,0.16,0.165,3.811992528494644e-05
scv,quarter_x0,0.165,0.17,0.0
scv,quarter_x0,0.17,0.175,0.0
scv,quarter_x0,0.175,0.18,0.0
scv,quarter_x0,0.18,0.185,0.0
scv,quarter_x0,0.185,0.19,3.811992528494644e-05
scv,quarter_x0,0.19,0.195,0.0
scv,quarter_x0,0.195,0.2,0.0
scv,full_x10,-0.2,-0.195,0.0018685886435571826
scv,full_x10,-0.195,-0.19,0.00022880677268047135
scv,full_x10,-0.19,-0.185,0.00011440338634023568
scv,full_x10,-0.185,-0.18,0.0002669412347938832
scv,full_x10,-0.18,-0.175,7.626892422682378e-05
scv,full_x10,-0.175,-0.17,0.00030507569690729514
scv,full_x10,-0.17,-0.165,0.00022880677268047135
scv,full_x10,-0.165,-0.16,0.00015253784845364757
scv,full_x10,-0.16,-0.155,0.0002669412347938832
scv,full_x10,-0.155,-0.15,0.0004957480074743545
scv,full_x10,-0.15,-0.145,0.0003813446211341189
scv,full_x10,-0.145,-0.14,0.00022880677268047135
scv,full_x10,-0.14,-0.135,0.0003813446211341189
scv,full_x10,-0.135,-0.13,0.0006101513938145903
scv,full_x10,-0.13,-0.125,0.0006482858559280022
scv,full_x10,-0.125,-0.12,0.0008770926286084734
scv,full_x10,-0.12,-0.115,0.0010677649391755328
scv,full_x10,-0.115,-0.11,0.000991496014948709
scv,full_x10,-0.11,-0.105,0.0014491095603096518
scv,full_x10,-0.105,-0.1,0.0011821683255157686
scv,full_x10,-0.1,-0.095,0.0015635129466498876
scv,full_x10,-0.095,-0.09,0.0019067231056705946
scv,full_x10,-0.09,-0.085,0.0022880677268047136
scv,full_x10,-0.085,-0.08,0.002478740037371773
scv,full_x10,-0.08,-0.075,0.003050756969072951
scv,full_x10,-0.075,-0.07,0.003927849597681425
scv,full_x10,-0.07,-0.065,0.00423292529458872
scv,full_x10,-0.065,-0.06,0.005224421309537429
scv,full_x10,-0.06,-0.055,0.006787934256187317
scv,full_x10,-0.055,-0.05,0.008732791823971324
scv,full_x10,-0.05,-0.045,0.008923464134538383
scv,full_x10,-0.045,-0.04,0.01330892727758075
scv,full_x10,-0.04,-0.035,0.017046104564695116
scv,full_x10,-0.035,-0.03,0.019868054761087595
scv,full_x10,-0.03,-0.025,0.026274644396140794
scv,full_x10,-0.025,-0.02,0.0343210159020707
scv,full_x10,-0.02,-0.015,0.042443656332227436
scv,full_x10,-0.015,-0.01,0.058536399344087255
scv,full_x10,-0.01,-0.005,0.07459100789383366
scv,full_x10,-0.005,0.0,0.09354383556419937
scv,full_x10,0.0,0.005,0.11024672996987378
scv,full_x10,0.005,0.01,0.10246729969873775
scv,full_x10,0.01,0.015,0.08439156465698051
scv,full_x10,0.015,0.02,0.06631582961522328
scv,full_x10,0.02,0.025,0.04560881668764062
scv,full_x10,0.025,0.03,0.034130343591503645
scv,full_x10,0.03,0.035,0.0250162071463982
scv,full_x10,0.035,0.04,0.017084239026808525
scv,full_x10,0.04,0.045,0.014643633451550167
scv,full_x10,0.045,0.05,0.011325935247683331
scv,full_x10,0.05,0.055,0.008084505968043321
scv,full_x10,0.055,0.06,0.00644472409716661
scv,full_x10,0.06,0.065,0.004690538839949662
scv,full_x10,0.065,0.07,0.004995614536856958
scv,full_x10,0.07,0.075,0.0036609083628875417
scv,full_x10,0.075,0.08,0.003127025893299775
scv,full_x10,0.08,0.085,0.002478740037371773
scv,full_x10,0.085,0.09,0.0014109750981962398
scv,full_x10,0.09,0.095,0.001372840636082828
scv,full_x10,0.095,0.1,0.001372840636082828
scv,full_x10,0.1,0.105,0.0008389581664950616
scv,full_x10,0.105,0.11,0.0014109750981962398
scv,full_x10,0.11,0.115,0.0006482858559280022
scv,full_x10,0.115,0.12,0.0008008237043816497
scv,full_x10,0.12,0.125,0.0004957480074743545
scv,full_x10,0.125,0.13,0.000686420318041414
scv,full_x10,0.13,0.135,0.0007626892422682378
scv,full_x10,0.135,0.14,0.0004576135453609427
scv,full_x10,0.14,0.145,0.000686420318041414
scv,full_x10,0.145,0.15,0.00019067231056705945
scv,full_x10,0.15,0.155,0.0004957480074743545
scv,full_x10,0.155,0.16,0.00019067231056705945
scv,full_x10,0.16,0.165,0.0003813446211341189
scv,full_x10,0.165,0.17,0.00011440338634023568
scv,full_x10,0.17,0.175,0.00030507569690729514
scv,full_x10,0.175,0.18,0.00011440338634023568
scv,full_x10,0.18,0.185,0.00030507569690729514
scv,full_x10,0.185,0.19,0.00011440338634023568
scv,full_x10,0.19,0.195,0.00022880677268047135
scv,full_x10,0.195,0.2,0.001029630477062121
scv,half_x10,-0.2,-0.195,3.813446211341189e-05
scv,half_x10,-0.195,-0.19,0.0
scv,half_x10,-0.19,-0.185,0.0
scv,half_x10,-0.185,-0.18,0.0
scv,half_x10,-0.18,-0.175,0.0
scv,half_x10,-0.175,-0.17,0.00011440338634023568
scv,half_x10,-0.17,-0.165,3.813446211341189e-05
scv,half_x10,-0.165,-0.16,3.813446211341189e-05
scv,half_x10,-0.16,-0.155,0.00011440338634023568
scv,half_x10,-0.155,-0.15,0.0
scv,half_x10,-0.15,-0.145,0.00011440338634023568
scv,half_x10,-0.145,-0.14,3.813446211341189e-05
scv,half_x10,-0.14,-0.135,3.813446211341189e-05
scv,half_x10,-0.135,-0.13,0.00011440338634023568
scv,half_x10,-0.13,-0.125,0.00011440338634023568
scv,half_x10,-0.125,-0.12,0.00019067231056705945
scv,half_x10,-0.12,-0.115,3.813446211341189e-05
scv,half_x10,-0.115,-0.11,0.00022880677268047135
scv,half_x10,-0.11,-0.105,0.00030507569690729514
scv,half_x10,-0.105,-0.1,0.00030507569690729514
scv,half_x10,-0.1,-0.095,0.0002669412347938832
scv,half_x10,-0.095,-0.09,0.0003813446211341189
scv,half_x10,-0.09,-0.085,0.0003813446211341189
scv,half_x10,-0.085,-0.08,0.0003813446211341189
scv,half_x10,-0.08,-0.075,0.0007626892422682378
scv,half_x10,-0.075,-0.07,0.0006101513938145903
scv,half_x10,-0.07,-0.065,0.000991496014948709
scv,half_x10,-0.065,-0.06,0.0015253784845364756
scv,half_x10,-0.06,-0.055,0.002059260954124242
scv,half_x10,-0.055,-0.05,0.0026312778858254204
scv,half_x10,-0.05,-0.045,0.003470236052320482
scv,half_x10,-0.045,-0.04,0.004728673302063074
scv,half_x10,-0.04,-0.035,0.0070167410288677875
scv,half_x10,-0.035,-0.03,0.009419212142012736
scv,half_x10,-0.03,-0.025,0.015368188231704992
scv,half_x10,-0.025,-0.02,0.02200358463943866
scv,half_x10,-0.02,-0.015,0.03691415932578271
scv,half_x10,-0.015,-0.01,0.060290584601304195
scv,half_x10,-0.01,-0.005,0.09995042519925257
scv,half_x10,-0.005,0.0,0.16714334744308432
scv,half_x10,0.0,0.005,0.2132479121381993
scv,half_x10,0.005,0.01,0.15158448690081228
scv,half_x10,0.01,0.015,0.08069252183197956
scv,half_x10,0.015,0.02,0.04213858063532014
scv,half_x10,0.02,0.025,0.026083972085573733
scv,half_x10,0.025,0.03,0.014643633451550167
scv,half_x10,0.03,0.035,0.009762422301033444
scv,half_x10,0.035,0.04,0.006826068718300728
scv,half_x10,0.04,0.045,0.0038897151355680127
scv,half_x10,0.045,0.05,0.002745681272165656
scv,half_x10,0.05,0.055,0.0022117988025778896
scv,half_x10,0.055,0.06,0.0014872440224230638
scv,half_x10,0.06,0.065,0.0011821683255157686
scv,half_x10,0.065,0.07,0.0012203027876291806
scv,half_x10,0.07,0.075,0.0008770926286084734
scv,half_x10,0.075,0.08,0.000686420318041414
scv,half_x10,0.08,0.085,0.0004957480074743545
scv,half_x10,0.085,0.09,0.0003813446211341189
scv,half_x10,0.09,0.095,0.0004576135453609427
scv,half_x10,0.095,0.1,0.0002669412347938832
scv,half_x10,0.1,0.105,0.00022880677268047135
scv,half_x10,0.105,0.11,0.00022880677268047135
scv,half_x10,0.11,0.115,0.00019067231056705945
scv,half_x10,0.115,0.12,0.00015253784845364757
scv,half_x10,0.12,0.125,0.00019067231056705945
scv,half_x10,0.125,0.13,0.0
scv,half_x10,0.13,0.135,0.0
scv,half_x10,0.135,0.14,0.0
scv,half_x10,0.14,0.145,0.0
scv,half_x10,0.145,0.15,0.0
scv,half_x10,0.15,0.155,0.0
scv,half_x10,0.155,0.16,0.0
scv,half_x10,0.16,0.165,0.0
scv,half_x10,0.165,0.17,0.0
scv,half_x10,0.17,0.175,0.0
scv,half_x10,0.175,0.18,0.0
scv,half_x10,0.18,0.185,0.0
scv,half_x10,0.185,0.19,0.0
scv,half_x10,0.19,0.195,0.0
scv,half_x10,0.195,0.2,0.0
scv,quarter_x10,-0.2,-0.195,0.0
scv,quarter_x10,-0.195,-0.19,0.0
scv,quarter_x10,-0.19,-0.185,0.0
scv,quarter_x10,-0.185,-0.18,0.0
scv,quarter_x10,-0.18,-0.175,0.0
scv,quarter_x10,-0.175,-0.17,0.0
scv,quarter_x10,-0.17,-0.165,0.0
scv,quarter_x10,-0.165,-0.16,0.0
scv,quarter_x10,-0.16,-0.155,0.0
scv,quarter_x10,-0.155,-0.15,0.0
scv,quarter_x10,-0.15,-0.145,0.0
scv,quarter_x10,-0.145,-0.14,0.0
scv,quarter_x10,-0.14,-0.135,0.0
scv,quarter_x10,-0.135,-0.13,0.0
scv,quarter_x10,-0.13,-0.125,0.0
scv,quarter_x10,-0.125,-0.12,0.0
scv,quarter_x10,-0.12,-0.115,0.0
scv,quarter_x10,-0.115,-0.11,3.813446211341189e-05
scv,quarter_x10,-0.11,-0.105,0.0
scv,quarter_x10,-0.105,-0.1,0.0
scv,quarter_x10,-0.1,-0.095,0.0
scv,quarter_x10,-0.095,-0.09,0.0
scv,quarter_x10,-0.09,-0.085,0.00011440338634023568
scv,quarter_x10,-0.085,-0.08,7.626892422682378e-05
scv,quarter_x10,-0.08,-0.075,0.00011440338634023568
scv,quarter_x10,-0.075,-0.07,0.00015253784845364757
scv,quarter_x10,-0.07,-0.065,0.00015253784845364757
scv,quarter_x10,-0.065,-0.06,0.00030507569690729514
scv,quarter_x10,-0.06,-0.055,0.0002669412347938832
scv,quarter_x10,-0.055,-0.05,0.0006101513938145903
scv,quarter_x10,-0.05,-0.045,0.0006482858559280022
scv,quarter_x10,-0.045,-0.04,0.0007626892422682378
scv,quarter_x10,-0.04,-0.035,0.001372840636082828
scv,quarter_x10,-0.035,-0.03,0.002478740037371773
scv,quarter_x10,-0.03,-0.025,0.004728673302063074
scv,quarter_x10,-0.025,-0.02,0.008160774892270144
scv,quarter_x10,-0.02,-0.015,0.016245280860313464
scv,quarter_x10,-0.015,-0.01,0.03710483163634977
scv,quarter_x10,-0.01,-0.005,0.09587003775311749
scv,quarter_x10,-0.005,0.0,0.2625557716508409
scv,quarter_x10,0.0,0.005,0.368760248636693
scv,quarter_x10,0.005,0.01,0.12492849788353735
scv,quarter_x10,0.01,0.015,0.040803874461350725
scv,quarter_x10,0.015,0.02,0.016817297792014643
scv,quarter_x10,0.02,0.025,0.006673530869847081
scv,quarter_x10,0.025,0.03,0.0036990428250009534
scv,quarter_x10,0.03,0.035,0.002402471113144949
scv,quarter_x10,0.035,0.04,0.0015635129466498876
scv,quarter_x10,0.04,0.045,0.0008770926286084734
scv,quarter_x10,0.045,0.05,0.0007245547801548259
scv,quarter_x10,0.05,0.055,0.0004576135453609427
scv,quarter_x10,0.055,0.06,0.000343210159020707
scv,quarter_x10,0.06,0.065,0.00019067231056705945
scv,quarter_x10,0.065,0.07,0.0
scv,quarter_x10,0.07,0.075,0.0
scv,quarter_x10,0.075,0.08,0.0
scv,quarter_x10,0.08,0.085,0.0
scv,quarter_x10,0.085,0.09,0.0
scv,quarter_x10,0.09,0.095,0.0
scv,quarter_x10,0.095,0.1,0.0
scv,quarter_x10,0.1,0.105,0.0
scv,quarter_x10,0.105,0.11,0.0
scv,quarter_x10,0.11,0.115,0.0
scv,quarter_x10,0.115,0.12,0.0
scv,quarter_x10,0.12,0.125,0.0
scv,quarter_x10,0.125,0.13,0.0
scv,quarter_x10,0.13,0.135,0.0
scv,quarter_x10,0.135,0.14,0.0
scv,quarter_x10,0.14,0.145,0.0
scv,quarter_x10,0.145,0.15,0.0
scv,quarter_x10,0.15,0.155,0.0
scv,quarter_x10,0.155,0.16,0.0
scv,quarter_x10,0.16,0.165,0.0
scv,quarter_x10,0.165,0.17,0.0
scv,quarter_x10,0.17,0.175,0.0
scv,quarter_x10,0.175,0.18,0.0
scv,quarter_x10,0.18,0.185,0.0
scv,quarter_x10,0.185,0.19,0.0
scv,quarter_x10,0.19,0.195,0.0
scv,quarter_x10,0.195,0.2,0.0
scv,full_x25,-0.2,-0.195,0.0018696581196581197
scv,full_x25,-0.195,-0.19,0.00022893772893772894
scv,full_x25,-0.19,-0.185,0.00011446886446886447
scv,full_x25,-0.185,-0.18,0.0002670940170940171
scv,full_x25,-0.18,-0.175,7.631257631257631e-05
scv,full_x25,-0.175,-0.17,0.00030525030525030525
scv,full_x25,-0.17,-0.165,0.00022893772893772894
scv,full_x25,-0.165,-0.16,0.00015262515262515263
scv,full_x25,-0.16,-0.155,0.0002670940170940171
scv,full_x25,-0.155,-0.15,0.000496031746031746
scv,full_x25,-0.15,-0.145,0.00038156288156288156
scv,full_x25,-0.145,-0.14,0.00022893772893772894
scv,full_x25,-0.14,-0.135,0.00038156288156288156
scv,full_x25,-0.135,-0.13,0.0006105006105006105
scv,full_x25,-0.13,-0.125,0.0006486568986568986
scv,full_x25,-0.125,-0.12,0.0008775946275946276
scv,full_x25,-0.12,-0.115,0.0010683760683760685
scv,full_x25,-0.115,-0.11,0.000992063492063492
scv,full_x25,-0.11,-0.105,0.00144993894993895
scv,full_x25,-0.105,-0.1,0.0011828449328449328
scv,full_x25,-0.1,-0.095,0.0015644078144078145
scv,full_x25,-0.095,-0.09,0.0019078144078144078
scv,full_x25,-0.09,-0.085,0.0022893772893772895
scv,full_x25,-0.085,-0.08,0.00248015873015873
scv,full_x25,-0.08,-0.075,0.0030525030525030525
scv,full_x25,-0.075,-0.07,0.00393009768009768
scv,full_x25,-0.07,-0.065,0.004235347985347985
scv,full_x25,-0.065,-0.06,0.005227411477411477
scv,full_x25,-0.06,-0.055,0.006791819291819292
scv,full_x25,-0.055,-0.05,0.008737789987789988
scv,full_x25,-0.05,-0.045,0.008928571428571428
scv,full_x25,-0.045,-0.04,0.013316544566544566
scv,full_x25,-0.04,-0.035,0.017055860805860804
scv,full_x25,-0.035,-0.03,0.019879426129426128
scv,full_x25,-0.03,-0.025,0.02628968253968254
scv,full_x25,-0.025,-0.02,0.034340659340659344
scv,full_x25,-0.02,-0.015,0.04246794871794872
scv,full_x25,-0.015,-0.01,0.05856990231990232
scv,full_x25,-0.01,-0.005,0.07463369963369963
scv,full_x25,-0.005,0.0,0.09359737484737485
scv,full_x25,0.0,0.005,0.11030982905982906
scv,full_x25,0.005,0.01,0.10252594627594627
scv,full_x25,0.01,0.015,0.0844398656898657
scv,full_x25,0.015,0.02,0.0663537851037851
scv,full_x25,0.02,0.025,0.04563492063492063
scv,full_x25,0.025,0.03,0.034149877899877897
scv,full_x25,0.03,0.035,0.025030525030525032
scv,full_x25,0.035,0.04,0.017094017094017096
scv,full_x25,0.04,0.045,0.014652014652014652
scv,full_x25,0.045,0.05,0.011332417582417582
scv,full_x25,0.05,0.055,0.00808913308913309
scv,full_x25,0.055,0.06,0.006448412698412698
scv,full_x25,0.06,0.065,0.004693223443223443
scv,full_x25,0.065,0.07,0.004998473748473748
scv,full_x25,0.07,0.075,0.003663003663003663
scv,full_x25,0.075,0.08,0.003128815628815629
scv,full_x25,0.08,0.085,0.00248015873015873
scv,full_x25,0.085,0.09,0.0014117826617826618
scv,full_x25,0.09,0.095,0.0013736263736263737
scv,full_x25,0.095,0.1,0.0013736263736263737
scv,full_x25,0.1,0.105,0.0008394383394383395
scv,full_x25,0.105,0.11,0.0014117826617826618
scv,full_x25,0.11,0.115,0.0006486568986568986
scv,full_x25,0.115,0.12,0.0008012820512820513
scv,full_x25,0.12,0.125,0.000496031746031746
scv,full_x25,0.125,0.13,0.0006868131868131869
scv,full_x25,0.13,0.135,0.0007631257631257631
scv,full_x25,0.135,0.14,0.0004578754578754579
scv,full_x25,0.14,0.145,0.0006868131868131869
scv,full_x25,0.145,0.15,0.00019078144078144078
scv,full_x25,0.15,0.155,0.000496031746031746
scv,full_x25,0.155,0.16,0.00019078144078144078
scv,full_x25,0.16,0.165,0.00038156288156288156
scv,full_x25,0.165,0.17,0.00011446886446886447
scv,full_x25,0.17,0.175,0.00030525030525030525
scv,full_x25,0.175,0.18,0.00011446886446886447
scv,full_x25,0.18,0.185,0.00030525030525030525
scv,full_x25,0.185,0.19,0.00011446886446886447
scv,full_x25,0.19,0.195,0.00022893772893772894
scv,full_x25,0.195,0.2,0.0004578754578754579
scv,half_x25,-0.2,-0.195,3.8156288156288156e-05
scv,half_x25,-0.195,-0.19,0.0
scv,half_x25,-0.19,-0.185,0.0
scv,half_x25,-0.185,-0.18,0.0
scv,half_x25,-0.18,-0.175,0.0
scv,half_x25,-0.175,-0.17,0.00011446886446886447
scv,half_x25,-0.17,-0.165,3.8156288156288156e-05
scv,half_x25,-0.165,-0.16,3.8156288156288156e-05
scv,half_x25,-0.16,-0.155,0.00011446886446886447
scv,half_x25,-0.155,-0.15,0.0
scv,half_x25,-0.15,-0.145,0.00011446886446886447
scv,half_x25,-0.145,-0.14,3.8156288156288156e-05
scv,half_x25,-0.14,-0.135,3.8156288156288156e-05
scv,half_x25,-0.135,-0.13,0.00011446886446886447
scv,half_x25,-0.13,-0.125,0.00011446886446886447
scv,half_x25,-0.125,-0.12,0.00019078144078144078
scv,half_x25,-0.12,-0.115,3.8156288156288156e-05
scv,half_x25,-0.115,-0.11,0.00022893772893772894
scv,half_x25,-0.11,-0.105,0.00030525030525030525
scv,half_x25,-0.105,-0.1,0.00030525030525030525
scv,half_x25,-0.1,-0.095,0.0002670940170940171
scv,half_x25,-0.095,-0.09,0.00038156288156288156
scv,half_x25,-0.09,-0.085,0.00038156288156288156
scv,half_x25,-0.085,-0.08,0.00038156288156288156
scv,half_x25,-0.08,-0.075,0.0007631257631257631
scv,half_x25,-0.075,-0.07,0.0006105006105006105
scv,half_x25,-0.07,-0.065,0.000992063492063492
scv,half_x25,-0.065,-0.06,0.0015262515262515263
scv,half_x25,-0.06,-0.055,0.0020604395604395605
scv,half_x25,-0.055,-0.05,0.002632783882783883
scv,half_x25,-0.05,-0.045,0.003472222222222222
scv,half_x25,-0.045,-0.04,0.004731379731379731
scv,half_x25,-0.04,-0.035,0.007020757020757021
scv,half_x25,-0.035,-0.03,0.009424603174603174
scv,half_x25,-0.03,-0.025,0.015376984126984126
scv,half_x25,-0.025,-0.02,0.022016178266178268
scv,half_x25,-0.02,-0.015,0.036935286935286936
scv,half_x25,-0.015,-0.01,0.060325091575091576
scv,half_x25,-0.01,-0.005,0.10000763125763126
scv,half_x25,-0.005,0.0,0.16723901098901098
scv,half_x25,0.0,0.005,0.21336996336996336
scv,half_x25,0.005,0.01,0.1516712454212454
scv,half_x25,0.01,0.015,0.08073870573870574
scv,half_x25,0.015,0.02,0.042162698412698416
scv,half_x25,0.02,0.025,0.0260989010989011
scv,half_x25,0.025,0.03,0.014652014652014652
scv,half_x25,0.03,0.035,0.009768009768009768
scv,half_x25,0.035,0.04,0.00682997557997558
scv,half_x25,0.04,0.045,0.003891941391941392
scv,half_x25,0.045,0.05,0.0027472527472527475
scv,half_x25,0.05,0.055,0.002213064713064713
scv,half_x25,0.055,0.06,0.001488095238095238
scv,half_x25,0.06,0.065,0.0011828449328449328
scv,half_x25,0.065,0.07,0.001221001221001221
scv,half_x25,0.07,0.075,0.0008775946275946276
scv,half_x25,0.075,0.08,0.0006868131868131869
scv,half_x25,0.08,0.085,0.000496031746031746
scv,half_x25,0.085,0.09,0.00038156288156288156
scv,half_x25,0.09,0.095,0.0004578754578754579
scv,half_x25,0.095,0.1,0.0002670940170940171
scv,half_x25,0.1,0.105,0.00022893772893772894
scv,half_x25,0.105,0.11,0.00019078144078144078
scv,half_x25,0.11,0.115,0.0
scv,half_x25,0.115,0.12,0.0
scv,half_x25,0.12,0.125,0.0
scv,half_x25,0.125,0.13,0.0
scv,half_x25,0.13,0.135,0.0
scv,half_x25,0.135,0.14,0.0
scv,half_x25,0.14,0.145,0.0
scv,half_x25,0.145,0.15,0.0
scv,half_x25,0.15,0.155,0.0
scv,half_x25,0.155,0.16,0.0
scv,half_x25,0.16,0.165,0.0
scv,half_x25,0.165,0.17,0.0
scv,half_x25,0.17,0.175,0.0
scv,half_x25,0.175,0.18,0.0
scv,half_x25,0.18,0.185,0.0
scv,half_x25,0.185,0.19,0.0
scv,half_x25,0.19,0.195,0.0
scv,half_x25,0.195,0.2,0.0
scv,quarter_x25,-0.2,-0.195,0.0
scv,quarter_x25,-0.195,-0.19,0.0
scv,quarter_x25,-0.19,-0.185,0.0
scv,quarter_x25,-0.185,-0.18,0.0
scv,quarter_x25,-0.18,-0.175,0.0
scv,quarter_x25,-0.175,-0.17,0.0
scv,quarter_x25,-0.17,-0.165,0.0
scv,quarter_x25,-0.165,-0.16,0.0
scv,quarter_x25,-0.16,-0.155,0.0
scv,quarter_x25,-0.155,-0.15,0.0
scv,quarter_x25,-0.15,-0.145,0.0
scv,quarter_x25,-0.145,-0.14,0.0
scv,quarter_x25,-0.14,-0.135,0.0
scv,quarter_x25,-0.135,-0.13,0.0
scv,quarter_x25,-0.13,-0.125,0.0
scv,quarter_x25,-0.125,-0.12,0.0
scv,quarter_x25,-0.12,-0.115,0.0
scv,quarter_x25,-0.115,-0.11,3.8156288156288156e-05
scv,quarter_x25,-0.11,-0.105,0.0
scv,quarter_x25,-0.105,-0.1,0.0
scv,quarter_x25,-0.1,-0.095,0.0
scv,quarter_x25,-0.095,-0.09,0.0
scv,quarter_x25,-0.09,-0.085,0.00011446886446886447
scv,quarter_x25,-0.085,-0.08,7.631257631257631e-05
scv,quarter_x25,-0.08,-0.075,0.00011446886446886447
scv,quarter_x25,-0.075,-0.07,0.00015262515262515263
scv,quarter_x25,-0.07,-0.065,0.00015262515262515263
scv,quarter_x25,-0.065,-0.06,0.00030525030525030525
scv,quarter_x25,-0.06,-0.055,0.0002670940170940171
scv,quarter_x25,-0.055,-0.05,0.0006105006105006105
scv,quarter_x25,-0.05,-0.045,0.0006486568986568986
scv,quarter_x25,-0.045,-0.04,0.0007631257631257631
scv,quarter_x25,-0.04,-0.035,0.0013736263736263737
scv,quarter_x25,-0.035,-0.03,0.00248015873015873
scv,quarter_x25,-0.03,-0.025,0.004731379731379731
scv,quarter_x25,-0.025,-0.02,0.008165445665445666
scv,quarter_x25,-0.02,-0.015,0.016254578754578756
scv,quarter_x25,-0.015,-0.01,0.037126068376068376
scv,quarter_x25,-0.01,-0.005,0.09592490842490843
scv,quarter_x25,-0.005,0.0,0.26270604395604397
scv,quarter_x25,0.0,0.005,0.3689713064713065
scv,quarter_x25,0.005,0.01,0.125
scv,quarter_x25,0.01,0.015,0.04082722832722833
scv,quarter_x25,0.015,0.02,0.016826923076923076
scv,quarter_x25,0.02,0.025,0.006677350427350427
scv,quarter_x25,0.025,0.03,0.003701159951159951
scv,quarter_x25,0.03,0.035,0.002403846153846154
scv,quarter_x25,0.035,0.04,0.0015644078144078145
scv,quarter_x25,0.04,0.045,0.0008775946275946276
scv,quarter_x25,0.045,0.05,0.000724969474969475
scv,quarter_x25,0.05,0.055,0.00041971916971916975
scv,quarter_x25,0.055,0.06,0.0
scv,quarter_x25,0.06,0.065,0.0
scv,quarter_x25,0.065,0.07,0.0
scv,quarter_x25,0.07,0.075,0.0
scv,quarter_x25,0.075,0.08,0.0
scv,quarter_x25,0.08,0.085,0.0
scv,quarter_x25,0.085,0.09,0.0
scv,quarter_x25,0.09,0.095,0.0
scv,quarter_x25,0.095,0.1,0.0
scv,quarter_x25,0.1,0.105,0.0
scv,quarter_x25,0.105,0.11,0.0
scv,quarter_x25,0.11,0.115,0.0
scv,quarter_x25,0.115,0.12,0.0
scv,quarter_x25,0.12,0.125,0.0
scv,quarter_x25,0.125,0.13,0.0
scv,quarter_x25,0.13,0.135,0.0
scv,quarter_x25,0.135,0.14,0.0
scv,quarter_x25,0.14,0.145,0.0
scv,quarter_x25,0.145,0.15,0.0
scv,quarter_x25,0.15,0.155,0.0
scv,quarter_x25,0.155,0.16,0.0
scv,quarter_x25,0.16,0.165,0.0
scv,quarter_x25,0.165,0.17,0.0
scv,quarter_x25,0.17,0.175,0.0
scv,quarter_x25,0.175,0.18,0.0
scv,quarter_x25,0.18,0.185,0.0
scv,quarter_x25,0.185,0.19,0.0
scv,quarter_x25,0.19,0.195,0.0
scv,quarter_x25,0.195,0.2,0.0
scv,full_x100,-0.2,-0.195,0.001875023916121379
scv,full_x100,-0.195,-0.19,0.00022959476523935255
scv,full_x100,-0.19,-0.185,0.00011479738261967628
scv,full_x100,-0.185,-0.18,0.0002678605594459113
scv,full_x100,-0.18,-0.175,7.653158841311751e-05
scv,full_x100,-0.175,-0.17,0.00030612635365247004
scv,full_x100,-0.17,-0.165,0.00022959476523935255
scv,full_x100,-0.165,-0.16,0.00015306317682623502
scv,full_x100,-0.16,-0.155,0.0002678605594459113
scv,full_x100,-0.155,-0.15,0.0004974553246852639
scv,full_x100,-0.15,-0.145,0.00038265794206558755
scv,full_x100,-0.145,-0.14,0.00022959476523935255
scv,full_x100,-0.14,-0.135,0.00038265794206558755
scv,full_x100,-0.135,-0.13,0.0006122527073049401
scv,full_x100,-0.13,-0.125,0.0006505185015114989
scv,full_x100,-0.125,-0.12,0.0008801132667508514
scv,full_x100,-0.12,-0.115,0.0010714422377836451
scv,full_x100,-0.115,-0.11,0.0009949106493705277
scv,full_x100,-0.11,-0.105,0.0014541001798492328
scv,full_x100,-0.105,-0.1,0.0011862396204033216
scv,full_x100,-0.1,-0.095,0.001568897562468909
scv,full_x100,-0.095,-0.09,0.0019132897103279378
scv,full_x100,-0.09,-0.085,0.0022959476523935255
scv,full_x100,-0.085,-0.08,0.0024872766234263193
scv,full_x100,-0.08,-0.075,0.0030612635365247004
scv,full_x100,-0.075,-0.07,0.003941376803275552
scv,full_x100,-0.07,-0.065,0.004247503156928022
scv,full_x100,-0.065,-0.06,0.00524241380629855
scv,full_x100,-0.06,-0.055,0.006811311368767459
scv,full_x100,-0.055,-0.05,0.008762866873301956
scv,full_x100,-0.05,-0.045,0.00895419584433475
scv,full_x100,-0.045,-0.04,0.013354762178089006
scv,full_x100,-0.04,-0.035,0.017104810010331765
scv,full_x100,-0.035,-0.03,0.019936478781617112
scv,full_x100,-0.03,-0.025,0.026365132208318983
scv,full_x100,-0.025,-0.02,0.03443921478590288
scv,full_x100,-0.02,-0.015,0.042589828951899895
scv,full_x100,-0.015,-0.01,0.05873799410706769
scv,full_x100,-0.01,-0.005,0.07484789346802893
scv,full_x100,-0.005,0.0,0.09386599318868863
scv,full_x100,0.0,0.005,0.11062641105116136
scv,full_x100,0.005,0.01,0.10282018903302338
scv,full_x100,0.01,0.015,0.08468220257911453
scv,full_x100,0.015,0.02,0.06654421612520568
scv,full_x100,0.02,0.025,0.045765889871044275
scv,full_x100,0.025,0.03,0.03424788581487009
scv,full_x100,0.03,0.035,0.025102360999502544
scv,full_x100,0.035,0.04,0.017143075804538322
scv,full_x100,0.04,0.045,0.014694064975318563
scv,full_x100,0.045,0.05,0.01136494087934795
scv,full_x100,0.05,0.055,0.008112348371790456
scv,full_x100,0.055,0.06,0.00646691922090843
scv,full_x100,0.06,0.065,0.004706692687406727
scv,full_x100,0.065,0.07,0.005012819041059197
scv,full_x100,0.07,0.075,0.003673516243829641
scv,full_x100,0.075,0.08,0.003137795124937818
scv,full_x100,0.08,0.085,0.0024872766234263193
scv,full_x100,0.085,0.09,0.001415834385642674
scv,full_x100,0.09,0.095,0.0013775685914361152
scv,full_x100,0.095,0.1,0.0013775685914361152
scv,full_x100,0.1,0.105,0.0008418474725442927
scv,full_x100,0.105,0.11,0.001415834385642674
scv,full_x100,0.11,0.115,0.0006505185015114989
scv,full_x100,0.115,0.12,0.0008035816783377339
scv,full_x100,0.12,0.125,0.0004974553246852639
scv,full_x100,0.125,0.13,0.0006887842957180576
scv,full_x100,0.13,0.135,0.0007653158841311751
scv,full_x100,0.135,0.14,0.0004591895304787051
scv,full_x100,0.14,0.145,0.0006887842957180576
scv,full_x100,0.145,0.15,3.8265794206558755e-05
scv,full_x100,0.15,0.155,0.0
scv,full_x100,0.155,0.16,0.0
scv,full_x100,0.16,0.165,0.0
scv,full_x100,0.165,0.17,0.0
scv,full_x100,0.17,0.175,0.0
scv,full_x100,0.175,0.18,0.0
scv,full_x100,0.18,0.185,0.0
scv,full_x100,0.185,0.19,0.0
scv,full_x100,0.19,0.195,0.0
scv,full_x100,0.195,0.2,0.0
scv,half_x100,-0.2,-0.195,3.8265794206558755e-05
scv,half_x100,-0.195,-0.19,0.0
scv,half_x100,-0.19,-0.185,0.0
scv,half_x100,-0.185,-0.18,0.0
scv,half_x100,-0.18,-0.175,0.0
scv,half_x100,-0.175,-0.17,0.00011479738261967628
scv,half_x100,-0.17,-0.165,3.8265794206558755e-05
scv,half_x100,-0.165,-0.16,3.8265794206558755e-05
scv,half_x100,-0.16,-0.155,0.00011479738261967628
scv,half_x100,-0.155,-0.15,0.0
scv,half_x100,-0.15,-0.145,0.00011479738261967628
scv,half_x100,-0.145,-0.14,3.8265794206558755e-05
scv,half_x100,-0.14,-0.135,3.8265794206558755e-05
scv,half_x100,-0.135,-0.13,0.00011479738261967628
scv,half_x100,-0.13,-0.125,0.00011479738261967628
scv,half_x100,-0.125,-0.12,0.00019132897103279377
scv,half_x100,-0.12,-0.115,3.8265794206558755e-05
scv,half_x100,-0.115,-0.11,0.00022959476523935255
scv,half_x100,-0.11,-0.105,0.00030612635365247004
scv,half_x100,-0.105,-0.1,0.00030612635365247004
scv,half_x100,-0.1,-0.095,0.0002678605594459113
scv,half_x100,-0.095,-0.09,0.00038265794206558755
scv,half_x100,-0.09,-0.085,0.00038265794206558755
scv,half_x100,-0.085,-0.08,0.00038265794206558755
scv,half_x100,-0.08,-0.075,0.0007653158841311751
scv,half_x100,-0.075,-0.07,0.0006122527073049401
scv,half_x100,-0.07,-0.065,0.0009949106493705277
scv,half_x100,-0.065,-0.06,0.0015306317682623502
scv,half_x100,-0.06,-0.055,0.002066352887154173
scv,half_x100,-0.055,-0.05,0.002640339800252554
scv,half_x100,-0.05,-0.045,0.003482187272796847
scv,half_x100,-0.045,-0.04,0.004744958481613286
scv,half_x100,-0.04,-0.035,0.007040906134006811
scv,half_x100,-0.035,-0.03,0.009451651169020013
scv,half_x100,-0.03,-0.025,0.01542111506524318
scv,half_x100,-0.025,-0.02,0.022079363257184403
scv,half_x100,-0.02,-0.015,0.03704128879194888
scv,half_x100,-0.015,-0.01,0.060498220640569395
scv,half_x100,-0.01,-0.005,0.1002946466153905
scv,half_x100,-0.005,0.0,0.16771897600734703
scv,half_x100,0.0,0.005,0.21398232120307656
scv,half_x100,0.005,0.01,0.15210653197107105
scv,half_x100,0.01,0.015,0.08097042054107834
scv,half_x100,0.015,0.02,0.04228370259824742
scv,half_x100,0.02,0.025,0.02617380323728619
scv,half_x100,0.025,0.03,0.014694064975318563
scv,half_x100,0.03,0.035,0.009796043316879041
scv,half_x100,0.035,0.04,0.006849577162974018
scv,half_x100,0.04,0.045,0.0039031110090689933
scv,half_x100,0.045,0.05,0.0027551371828722303
scv,half_x100,0.05,0.055,0.002219416063980408
scv,half_x100,0.055,0.06,0.0014923659740557916
scv,half_x100,0.06,0.065,0.0011862396204033216
scv,half_x100,0.065,0.07,0.0012245054146098801
scv,half_x100,0.07,0.075,0.0007270500899246164
scv,half_x100,0.075,0.08,0.0
scv,half_x100,0.08,0.085,0.0
scv,half_x100,0.085,0.09,0.0
scv,half_x100,0.09,0.095,0.0
scv,half_x100,0.095,0.1,0.0
scv,half_x100,0.1,0.105,0.0
scv,half_x100,0.105,0.11,0.0
scv,half_x100,0.11,0.115,0.0
scv,half_x100,0.115,0.12,0.0
scv,half_x100,0.12,0.125,0.0
scv,half_x100,0.125,0.13,0.0
scv,half_x100,0.13,0.135,0.0
scv,half_x100,0.135,0.14,0.0
scv,half_x100,0.14,0.145,0.0
scv,half_x100,0.145,0.15,0.0
scv,half_x100,0.15,0.155,0.0
scv,half_x100,0.155,0.16,0.0
scv,half_x100,0.16,0.165,0.0
scv,half_x100,0.165,0.17,0.0
scv,half_x100,0.17,0.175,0.0
scv,half_x100,0.175,0.18,0.0
scv,half_x100,0.18,0.185,0.0
scv,half_x100,0.185,0.19,0.0
scv,half_x100,0.19,0.195,0.0
scv,half_x100,0.195,0.2,0.0
scv,quarter_x100,-0.2,-0.195,0.0
scv,quarter_x100,-0.195,-0.19,0.0
scv,quarter_x100,-0.19,-0.185,0.0
scv,quarter_x100,-0.185,-0.18,0.0
scv,quarter_x100,-0.18,-0.175,0.0
scv,quarter_x100,-0.175,-0.17,0.0
scv,quarter_x100,-0.17,-0.165,0.0
scv,quarter_x100,-0.165,-0.16,0.0
scv,quarter_x100,-0.16,-0.155,0.0
scv,quarter_x100,-0.155,-0.15,0.0
scv,quarter_x100,-0.15,-0.145,0.0
scv,quarter_x100,-0.145,-0.14,0.0
scv,quarter_x100,-0.14,-0.135,0.0
scv,quarter_x100,-0.135,-0.13,0.0
scv,quarter_x100,-0.13,-0.125,0.0
scv,quarter_x100,-0.125,-0.12,0.0
scv,quarter_x100,-0.12,-0.115,0.0
scv,quarter_x100,-0.115,-0.11,3.8265794206558755e-05
scv,quarter_x100,-0.11,-0.105,0.0
scv,quarter_x100,-0.105,-0.1,0.0
scv,quarter_x100,-0.1,-0.095,0.0
scv,quarter_x100,-0.095,-0.09,0.0
scv,quarter_x100,-0.09,-0.085,0.00011479738261967628
scv,quarter_x100,-0.085,-0.08,7.653158841311751e-05
scv,quarter_x100,-0.08,-0.075,0.00011479738261967628
scv,quarter_x100,-0.075,-0.07,0.00015306317682623502
scv,quarter_x100,-0.07,-0.065,0.00015306317682623502
scv,quarter_x100,-0.065,-0.06,0.00030612635365247004
scv,quarter_x100,-0.06,-0.055,0.0002678605594459113
scv,quarter_x100,-0.055,-0.05,0.0006122527073049401
scv,quarter_x100,-0.05,-0.045,0.0006505185015114989
scv,quarter_x100,-0.045,-0.04,0.0007653158841311751
scv,quarter_x100,-0.04,-0.035,0.0013775685914361152
scv,quarter_x100,-0.035,-0.03,0.0024872766234263193
scv,quarter_x100,-0.03,-0.025,0.004744958481613286
scv,quarter_x100,-0.025,-0.02,0.008188879960203574
scv,quarter_x100,-0.02,-0.015,0.01630122833199403
scv,quarter_x100,-0.015,-0.01,0.037232617762981673
scv,quarter_x100,-0.01,-0.005,0.09620020663528872
scv,quarter_x100,-0.005,0.0,0.26345999311215706
scv,quarter_x100,0.0,0.005,0.3700302299774232
scv,quarter_x100,0.005,0.01,0.1253587418206865
scv,quarter_x100,0.01,0.015,0.04094439980101787
scv,quarter_x100,0.015,0.02,0.01687521524509241
scv,quarter_x100,0.02,0.025,0.006696513986147783
scv,quarter_x100,0.025,0.03,0.0037117820380361995
scv,quarter_x100,0.03,0.035,0.0024107450350132017
scv,quarter_x100,0.035,0.04,0.0007270500899246164
scv,quarter_x100,0.04,0.045,0.0
scv,quarter_x100,0.045,0.05,0.0
scv,quarter_x100,0.05,0.055,0.0
scv,quarter_x100,0.055,0.06,0.0
scv,quarter_x100,0.06,0.065,0.0
scv,quarter_x100,0.065,0.07,0.0
scv,quarter_x100,0.07,0.075,0.0
scv,quarter_x100,0.075,0.08,0.0
scv,quarter_x100,0.08,0.085,0.0
scv,quarter_x100,0.085,0.09,0.0
scv,quarter_x100,0.09,0.095,0.0
scv,quarter_x100,0.095,0.1,0.0
scv,quarter_x100,0.1,0.105,0.0
scv,quarter_x100,0.105,0.11,0.0
scv,quarter_x100,0.11,0.115,0.0
scv,quarter_x100,0.115,0.12,0.0
scv,quarter_x100,0.12,0.125,0.0
scv,quarter_x100,0.125,0.13,0.0
scv,quarter_x100,0.13,0.135,0.0
scv,quarter_x100,0.135,0.14,0.0
scv,quarter_x100,0.14,0.145,0.0
scv,quarter_x100,0.145,0.15,0.0
scv,quarter_x100,0.15,0.155,0.0
scv,quarter_x100,0.155,0.16,0.0
scv,quarter_x100,0.16,0.165,0.0
scv,quarter_x100,0.165,0.17,0.0
scv,quarter_x100,0.17,0.175,0.0
scv,quarter_x100,0.175,0.18,0.0
scv,quarter_x100,0.18,0.185,0.0
scv,quarter_x100,0.185,0.19,0.0
scv,quarter_x100,0.19,0.195,0.0
scv,quarter_x100,0.195,0.2,0.0
