series,X,f,f_kelly_analytic,cagr_median,cagr_p5,cagr_p25,mean_log_growth,mdd_median,p_dd_50,p_dd_90,p_loss,tw_median
mkt,0,0.1,2.6163616454101675,0.04017214440080352,0.03335467863288688,0.03742520409048927,0.03935709481112542,-0.03491734200818564,0.0,0.0,0.0,2.676889732797836
mkt,0,0.2,2.6163616454101675,0.04812443331701122,0.03528353328998585,0.0430127637665072,0.04701040738672264,-0.07845692779137359,0.0,0.0,0.0,3.2383301893456813
mkt,0,0.3,2.6163616454101675,0.05594024569541145,0.03666460985973483,0.04824373260902021,0.054358763526544555,-0.12583068691804555,0.0,0.0,0.0,3.89927237482122
mkt,0,0.4,2.6163616454101675,0.06343457400703045,0.037539621074484816,0.05319001494758302,0.061401274311274914,-0.17389325262846356,0.0,0.0,0.0,4.6533895661808735
mkt,0,0.5,2.6163616454101675,0.07070591802138637,0.038232711999098876,0.05786279382084991,0.0681378312440542,-0.221176312089771,0.0006,0.0,0.0002,5.5176618346270825
mkt,0,0.6,2.6163616454101675,0.07772432826878406,0.03839918888885387,0.06215997662799555,0.07456885098195677,-0.26726524691960174,0.008,0.0,0.0008,6.4966903343813245
mkt,0,0.7,2.6163616454101675,0.0844550901779405,0.03808129851133797,0.06612417042778584,0.08069333008687916,-0.3123456583101291,0.0354,0.0,0.0018,7.590830752749922
mkt,0,0.8,2.6163616454101675,0.09085091166075243,0.03787872192836383,0.06982152525205237,0.08651151961396585,-0.3559409567380156,0.085,0.0,0.0024,8.792957482443502
mkt,0,0.9,2.6163616454101675,0.09692645474453998,0.03719341591265527,0.07310251114993394,0.09202298499719463,-0.3978387688764322,0.1716,0.0,0.0046,10.102707146685457
mkt,0,1.0,2.6163616454101675,0.10277062660740455,0.03612234203344431,0.0760710026016353,0.09722650177118604,-0.43775097151941306,0.2892,0.0,0.0062,11.537979035206398
mkt,0,1.1,2.6163616454101675,0.10817526057975446,0.03454787368220397,0.07879369598445518,0.1021226854972915,-0.47557458754260545,0.4184,0.0002,0.0084,13.038008714606779
mkt,0,1.2,2.6163616454101675,0.11341476594139877,0.03289801734990044,0.08116535181504148,0.1067103845489956,-0.5120566619046304,0.5418,0.001,0.0104,14.669809825138845
mkt,0,1.3,2.6163616454101675,0.11838001987269409,0.030679655041567767,0.08325779475787265,0.11098969072079592,-0.5465672330951947,0.6548,0.0018,0.0126,16.395912877775345
mkt,0,1.4,2.6163616454101675,0.1228186459245062,0.028100623944980776,0.08464358989940257,0.11495886414567602,-0.5796251412184814,0.755,0.0036,0.0148,18.10257699518308
mkt,0,1.5,2.6163616454101675,0.12701850441617812,0.025237354596979324,0.08594769463709168,0.11861831970707662,-0.6105858412132792,0.832,0.007,0.0192,19.8735828461265
mkt,0,1.6,2.6163616454101675,0.13085157064235398,0.02187989556630624,0.08681730804347942,0.12196694381537428,-0.6395816087829551,0.8894,0.0116,0.023,21.634166034065693
mkt,0,1.7,2.6163616454101675,0.13447960462919417,0.018298021805436982,0.08756124253198122,0.12500403640368132,-0.6673820930280553,0.9308,0.023,0.028,23.437836600749463
mkt,0,1.8,2.6163616454101675,0.1376735788712522,0.014266061144315936,0.08780392951802951,0.12772897718853796,-0.6934816527861076,0.9556,0.0386,0.0326,25.144440654078636
mkt,0,1.9,2.6163616454101675,0.14058062710846997,0.009878604898394053,0.08766931594384297,0.13014059417504117,-0.7186667207473638,0.9736,0.0578,0.0374,26.800929202529076
mkt,0,2.0,2.6163616454101675,0.1430149989862901,0.005466221294289943,0.08686725478742341,0.13223725906153014,-0.7419201304070902,0.987,0.0766,0.0416,28.268205611367335
mkt,0,2.1,2.6163616454101675,0.14507786357711638,0.0007473395651034589,0.08593014429113144,0.1340194733901291,-0.7635101895275029,0.994,0.1034,0.0494,29.571651179368857
mkt,0,2.2,2.6163616454101675,0.14674443294822526,-0.004717174513114656,0.08495894063686027,0.13548398199595005,-0.7833980302537894,0.9964,0.1398,0.054,30.66662726048741
mkt,0,2.3,2.6163616454101675,0.1480390797053126,-0.01023564364875708,0.08330124218170021,0.136633179708151,-0.8031725006974437,0.9976,0.1774,0.06,31.544003047247227
mkt,0,2.4,2.6163616454101675,0.14905781654767936,-0.015727778292429242,0.08118655299091715,0.1374626110770544,-0.820895203827135,0.9988,0.2226,0.0656,32.25128590683274
mkt,0,2.5,2.6163616454101675,0.14964732763790878,-0.021552085292264603,0.07872799688671478,0.1379717408876912,-0.8369078061671575,0.999,0.2676,0.0754,32.66749651206051
mkt,0,2.6,2.6163616454101675,0.14968063247167906,-0.027860897163461545,0.0761860820608834,0.13815962460732148,-0.8517217392076284,0.9994,0.3156,0.0836,32.691164910433095
mkt,0,2.7,2.6163616454101675,0.14969315827528007,-0.034296148272873965,0.07330974192250161,0.1380245724927334,-0.8658347248081969,0.9998,0.3658,0.0894,32.70006993364589
mkt,0,2.8,2.6163616454101675,0.14942650800326784,-0.04089580035417306,0.0700179165942133,0.13756464461846687,-0.8791164786391505,0.9998,0.4112,0.0982,32.51099527723279
mkt,0,2.9,2.6163616454101675,0.14886389887976448,-0.048303928440401454,0.06664888710360473,0.13677832590909927,-0.8916074895687444,0.9998,0.463,0.1076,32.11549106223241
mkt,0,3.0,2.6163616454101675,0.14782775082768507,-0.055939417113367626,0.06264430136459748,0.13566377397859916,-0.9026652576384557,1.0,0.511,0.1194,31.399212967548124
mkt,0,3.1,2.6163616454101675,0.14639394329791644,-0.0635473042221664,0.0582617981997135,0.13421824848764466,-0.9128164160013997,1.0,0.5618,0.1276,30.433161632590068
mkt,0,3.2,2.6163616454101675,0.14453421626029994,-0.07199040363053175,0.053632701377139824,0.13244069197407016,-0.9221140309201343,1.0,0.606,0.1372,29.222656402664633
mkt,0,3.3,2.6163616454101675,0.14205997069721377,-0.08048467959787922,0.04793429893761991,0.13032802385670703,-0.9306786032598318,1.0,0.6526,0.152,27.683614999974445
mkt,0,3.4,2.6163616454101675,0.13937869622246446,-0.08945214965670961,0.04284058854471845,0.1278775160145392,-0.9388283524167536,1.0,0.6966,0.163,26.103719226570426
mkt,0,3.5,2.6163616454101675,0.13627710995344178,-0.09858178566728025,0.03683910589989631,0.1250863210004588,-0.9458859888688403,1.0,0.7314,0.1736,24.384084671010548
mkt,0,3.6,2.6163616454101675,0.13292531143156505,-0.1071115588044661,0.03055182700101905,0.12195224245101934,-0.9527782307226015,1.0,0.7634,0.1874,22.648111489993028
mkt,0,3.7,2.6163616454101675,0.1292416227832539,-0.11788439598929724,0.024223563828835504,0.11847074290189301,-0.9586169401029296,1.0,0.7954,0.1994,20.877211989495688
mkt,0,3.8,2.6163616454101675,0.1252847543156138,-0.1280252238650115,0.01705724038690548,0.11463858154491058,-0.963924919298853,1.0,0.8232,0.2142,19.123225638154143
mkt,0,3.9,2.6163616454101675,0.12078738664357047,-0.13716131537916354,0.010087123082021643,0.11045153531362713,-0.9684915225293277,1.0,0.847,0.2296,17.301385373148893
mkt,0,4.0,2.6163616454101675,0.1160238663519223,-0.14694635039845338,0.0034136073030821557,0.1059044577080961,-0.9728118845697229,1.0,0.8722,0.2456,15.55381958548579
mkt,5,0.1,2.47253912159476,0.03952821738983725,0.0326594845493637,0.03677469202470257,0.0387793023558403,-0.03807356997803574,0.0,0.0,0.0,2.6357672803673715
mkt,5,0.2,2.47253912159476,0.0469223212508707,0.034028219649685665,0.041497450660451296,0.04582687688910058,-0.08545994770466164,0.0,0.0,0.0,3.146744563114021
mkt,5,0.3,2.47253912159476,0.05405714884875923,0.03482208265296873,0.04598430312372015,0.05257621691612466,-0.13530629584410858,0.0,0.0,0.0,3.7290993453674033
mkt,5,0.4,2.47253912159476,0.06092791751625304,0.03514144091322659,0.05007325108368105,0.05902624410139817,-0.186692216663932,0.0002,0.0,0.0002,4.38679114126116
mkt,5,0.5,2.47253912159476,0.06755763839956652,0.035351082749379446,0.05380910052531562,0.06517669730360205,-0.23744251547309375,0.003,0.0,0.0004,5.126055537696851
mkt,5,0.6,2.47253912159476,0.0739797359460187,0.035051434059201525,0.05733049900061482,0.07102783686929431,-0.2855287875981783,0.017,0.0,0.0018,5.955279908538751
mkt,5,0.7,2.47253912159476,0.08003088277102788,0.03456991400701361,0.06051655045505033,0.07657850692106527,-0.33234229520203185,0.06,0.0,0.0024,6.853373324661277
mkt,5,0.8,2.47253912159476,0.08571145715180273,0.03360943036586096,0.0633251544281832,0.08182880449041731,-0.37723712128009446,0.1302,0.0,0.0036,7.813768258644959
mkt,5,0.9,2.47253912159476,0.09116575392272419,0.03210322245189878,0.06581779964701218,0.08677815828167974,-0.42032831666386367,0.2362,0.0002,0.0044,8.856623593946981
mkt,5,1.0,2.47253912159476,0.09631893393126068,0.03041103487593031,0.0679849528999516,0.09142519685388724,-0.4617217760323334,0.366,0.0002,0.008,9.963751007537464
mkt,5,1.1,2.47253912159476,0.1011812646958049,0.028467799431100792,0.06967345522140073,0.09577041318838209,-0.4996686266042089,0.4994,0.001,0.0106,11.129364669865426
mkt,5,1.2,2.47253912159476,0.10557172876696086,0.026123828861145008,0.07111489398756832,0.09981252472093742,-0.5364732211213353,0.6212,0.0018,0.0152,12.29343175787462
mkt,5,1.3,2.47253912159476,0.1097611487081177,0.023306884594042575,0.07219220128939619,0.10355150126554696,-0.5716674701202897,0.7334,0.0044,0.0182,13.512568809904597
mkt,5,1.4,2.47253912159476,0.1136500767845624,0.020189425540525864,0.07310551946293864,0.10698547956888178,-0.6049642121309708,0.8166,0.0086,0.0238,14.747512913297502
mkt,5,1.5,2.47253912159476,0.11722615793284274,0.016549743730525226,0.07355643693453884,0.11011475675939358,-0.6357606039429723,0.878,0.0154,0.0276,15.978183920359129
mkt,5,1.6,2.47253912159476,0.12037245919964734,0.012985984835080127,0.07376194086924581,0.11293811112585417,-0.6653215459306447,0.9224,0.0238,0.0332,17.14196613833396
mkt,5,1.7,2.47253912159476,0.12335249340644616,0.008747976139579028,0.07363901293048758,0.11545473368525133,-0.693042756745569,0.9532,0.0416,0.0386,18.318989931220667
mkt,5,1.8,2.47253912159476,0.1259867318353517,0.004315150120891833,0.07311188315049216,0.1176638928588556,-0.7185432344193505,0.9708,0.0612,0.0432,19.423696267413025
mkt,5,1.9,2.47253912159476,0.1281118170206712,-0.0005869551878619647,0.07234606303292052,0.1195643288371428,-0.7424213388149352,0.9824,0.087,0.0508,20.36121647770692
mkt,5,2.0,2.47253912159476,0.12988150531055842,-0.005696099107498148,0.07100167139420144,0.12115429800348737,-0.7653644349678386,0.9902,0.119,0.0582,21.174955107438915
mkt,5,2.1,2.47253912159476,0.13158307886272724,-0.011141956312435378,0.06954770404733773,0.1224342182296143,-0.7862363676652517,0.9948,0.1526,0.0658,21.986753904150248
mkt,5,2.2,2.47253912159476,0.13273882833311235,-0.017153387927186795,0.06772351843759589,0.12340072958324724,-0.8057922301095133,0.9974,0.1882,0.0754,22.555096566915637
mkt,5,2.3,2.47253912159476,0.13361883756001036,-0.023142879844486517,0.06550607087411364,0.1240561489540897,-0.8235547634738649,0.9988,0.233,0.0838,22.99727382122061
mkt,5,2.4,2.47253912159476,0.13413029224201478,-0.029422771806703895,0.06293570203696752,0.12439593633085463,-0.8410561239043426,0.9992,0.2766,0.0928,23.25807511964538
mkt,5,2.5,2.47253912159476,0.13409811109283665,-0.03562338475686265,0.06011251613270341,0.12441946163596568,-0.856466874795947,0.9996,0.3278,0.1024,23.241581715365072
mkt,5,2.6,2.47253912159476,0.13382665656481163,-0.0423604036329192,0.0567122953981245,0.12412569814796443,-0.8706255448861513,0.9998,0.3766,0.1128,23.102904286213622
mkt,5,2.7,2.47253912159476,0.1332397523750205,-0.049162491333437516,0.05319526707639427,0.12351289039129087,-0.8841891536191822,1.0,0.4302,0.12,22.80578980514835
mkt,5,2.8,2.47253912159476,0.1322426140309232,-0.05665782520658551,0.049352431984517775,0.12257900509722736,-0.8955831566445684,1.0,0.4826,0.1308,22.30937616442388
mkt,5,2.9,2.47253912159476,0.1310682608681687,-0.06432023693362679,0.04488176816538009,0.12132247139502467,-0.9063765162446883,1.0,0.5292,0.142,21.738040933295668
mkt,5,3.0,2.47253912159476,0.12907559760971377,-0.07267011051957681,0.03999119044544486,0.11974136339624597,-0.9164723066089135,1.0,0.5784,0.1538,20.8005953362068
mkt,5,3.1,2.47253912159476,0.12714059556806068,-0.08117277224528709,0.03483421119473096,0.11783288059256504,-0.9258358726946012,1.0,0.623,0.166,19.92747602310312
mkt,5,3.2,2.47253912159476,0.12473642306066668,-0.08979982439760105,0.029257695243102178,0.11559588749674136,-0.9344616126586596,1.0,0.666,0.1784,18.89161130818952
mkt,5,3.3,2.47253912159476,0.1220191684037546,-0.09858404221595514,0.023699563846386718,0.11302725030826954,-0.9421453414996581,1.0,0.7044,0.1952,17.783077875355687
mkt,5,3.4,2.47253912159476,0.11881509285169356,-0.10766025652113424,0.017746016783738494,0.11012417765315394,-0.9492762154987024,1.0,0.746,0.2096,16.55609509006905
mkt,5,3.5,2.47253912159476,0.11540869419317512,-0.11669949497428486,0.011901614039552533,0.10688376632405924,-0.9553609404582617,1.0,0.7828,0.2256,15.340893923746995
mkt,5,3.6,2.47253912159476,0.11165919880071085,-0.12686714663230403,0.005368784625484679,0.1033037544545976,-0.9609872209861752,1.0,0.8146,0.2396,14.10235707957862
mkt,5,3.7,2.47253912159476,0.10741140225592671,-0.1358025211276263,-0.0018904669619131953,0.0993795680567254,-0.9661003449018514,1.0,0.8432,0.2536,12.815223695939807
mkt,5,3.8,2.47253912159476,0.10286816968047952,-0.14578021073400318,-0.009131038122355634,0.0951079000552533,-0.9708598329401457,1.0,0.8714,0.267,11.56352100610384
mkt,5,3.9,2.47253912159476,0.09805365724066173,-0.15599150274427787,-0.0165622877334739,0.09048449576552704,-0.9748464876830085,1.0,0.8906,0.2818,10.365471982187827
mkt,5,4.0,2.47253912159476,0.09277339713898358,-0.16637110970530072,-0.02380225550296436,0.08550415124391611,-0.9782662806533031,1.0,0.9088,0.2962,9.188674080061407
mkt,10,0.1,2.3515828464936184,0.03910525681603316,0.032138336399013714,0.03622978825768586,0.0383467451880657,-0.040527310338859535,0.0,0.0,0.0,2.6090869220001314
mkt,10,0.2,2.3515828464936184,0.0460363819523788,0.03286710009085175,0.04063892063560881,0.044995867434899105,-0.08855452908476263,0.0,0.0,0.0,3.080844302534099
mkt,10,0.3,2.3515828464936184,0.05268594876606625,0.03300780101171639,0.04477047576443727,0.05135141624688542,-0.1403046215032951,0.0,0.0,0.0,3.609696186148927
mkt,10,0.4,2.3515828464936184,0.05902623159614895,0.03290253291979976,0.04845144733048057,0.05741226866819647,-0.1932544396975705,0.0002,0.0,0.0,4.194381587196547
mkt,10,0.5,2.3515828464936184,0.065049201711739,0.032245996805512614,0.05190357046396832,0.06317808117365732,-0.24394556821447932,0.0044,0.0,0.0008,4.833278064008728
mkt,10,0.6,2.3515828464936184,0.0708772842654033,0.03134249781884237,0.054991981217552666,0.06864905510447888,-0.293735850783449,0.0242,0.0,0.0012,5.5397818182060945
mkt,10,0.7,2.3515828464936184,0.07645833906972432,0.030121452291355856,0.05775598918235847,0.07382397009632312,-0.34128545048352416,0.0784,0.0,0.0036,6.308566397974493
mkt,10,0.8,2.3515828464936184,0.08167194984491566,0.028573648648787742,0.06014244688321435,0.07870286340405741,-0.3868255755058387,0.1626,0.0,0.0054,7.118513138961337
mkt,10,0.9,2.3515828464936184,0.08668717998422326,0.02686680448699803,0.062220876528221225,0.08328510504590816,-0.4305022873871478,0.277,0.0002,0.0084,7.991229241678395
mkt,10,1.0,2.3515828464936184,0.09132957857392099,0.024547346889848977,0.06395548735556489,0.08756926812555223,-0.47212531066058994,0.411,0.0002,0.0126,8.889927341753193
mkt,10,1.1,2.3515828464936184,0.09562425495573323,0.021997742664840083,0.06552706735198222,0.09155578984521337,-0.5110887004270497,0.5338,0.001,0.0162,9.807107882615242
mkt,10,1.2,2.3515828464936184,0.09961318639318484,0.01916271788007822,0.06671438710980954,0.09524333540797489,-0.548227823542514,0.6564,0.0022,0.0214,10.739857157879939
mkt,10,1.3,2.3515828464936184,0.1033369398313213,0.015963211597808016,0.06760870205407404,0.0986318215738644,-0.5831488809072516,0.7594,0.005,0.0262,11.687026257010473
mkt,10,1.4,2.3515828464936184,0.1069296853904963,0.01250696072260189,0.06810875721891879,0.10171933749251683,-0.61753663282196,0.8368,0.0132,0.0312,12.676593167462553
mkt,10,1.5,2.3515828464936184,0.1099156410766231,0.008629362907166628,0.06824154367948809,0.10450614266583033,-0.6488579313078089,0.8896,0.0222,0.0354,13.55972540418702
mkt,10,1.6,2.3515828464936184,0.11263377855057433,0.004612140970096116,0.06793729548488098,0.1069909547325867,-0.6784872870551325,0.928,0.0352,0.0418,14.414713496644858
mkt,10,1.7,2.3515828464936184,0.11505215124861412,0.00020306491810554675,0.06749671988513523,0.10917293556869803,-0.7053636904290262,0.9534,0.057,0.0498,15.218768357846137
mkt,10,1.8,2.3515828464936184,0.11725700419675711,-0.004562408540704392,0.06683928448697896,0.11105131598095598,-0.7307113668658829,0.9714,0.0818,0.0582,15.989227904392942
mkt,10,1.9,2.3515828464936184,0.11892867855225253,-0.009375937473393353,0.06553779812059557,0.11262478457179202,-0.7542426027865632,0.9828,0.1128,0.0654,16.598167051341484
mkt,10,2.0,2.3515828464936184,0.12054916816555805,-0.01515364276405805,0.06403856885217984,0.11389156855022092,-0.7767181191932632,0.9898,0.1448,0.0742,17.209686209026465
mkt,10,2.1,2.3515828464936184,0.12176314197306115,-0.02074394183386613,0.06213864029560645,0.1148520550154871,-0.7971389309667203,0.9944,0.181,0.0814,17.681910443051947
mkt,10,2.2,2.3515828464936184,0.1226056575252521,-0.026864181070555274,0.06012734805338066,0.11550284383674998,-0.8165722393097233,0.9972,0.221,0.0928,18.016926084242858
mkt,10,2.3,2.3515828464936184,0.12316668046996182,-0.033147608324870466,0.05748635374922828,0.11584623443956682,-0.8344634096932866,0.9994,0.2666,0.1024,18.24338107520879
mkt,10,2.4,2.3515828464936184,0.1233174800431115,-0.03954492959572935,0.05423066175651531,0.11587765090847527,-0.8510259422840452,0.9998,0.3168,0.115,18.3047131310672
mkt,10,2.5,2.3515828464936184,0.1230974614102599,-0.046224582428044406,0.050886611954893524,0.11559644242374394,-0.8662042813832392,1.0,0.3676,0.1286,18.215300811037622
mkt,10,2.6,2.3515828464936184,0.12242620539425175,-0.05395930754154864,0.04716136213840483,0.11500156162990774,-0.8804274870883777,1.0,0.4206,0.139,17.945062451297446
mkt,10,2.7,2.3515828464936184,0.12143278423456938,-0.06129980968057996,0.04351876060016446,0.1140912303651732,-0.893457744318183,1.0,0.4698,0.148,17.552185715872675
mkt,10,2.8,2.3515828464936184,0.12001615709635072,-0.06900124122654212,0.039323372011268176,0.1128634018000654,-0.9049676622221748,1.0,0.5208,0.1586,17.006199003566017
mkt,10,2.9,2.3515828464936184,0.11820555682367806,-0.07700831236476281,0.034909296436511084,0.11131649265433571,-0.9158899631315032,1.0,0.5672,0.1722,16.33206855783304
mkt,10,3.0,2.3515828464936184,0.11620494287560035,-0.08503905635339906,0.030067083632009828,0.10944857350495411,-0.9253719802035288,1.0,0.6136,0.1854,15.617052620357644
mkt,10,3.1,2.3515828464936184,0.11369105196638174,-0.09335173806290524,0.02516096921836286,0.10725682601314279,-0.9340062341014592,1.0,0.6546,0.195,14.761086916284441
mkt,10,3.2,2.3515828464936184,0.11072235944804953,-0.10221410288979574,0.01936426134425534,0.10474012909815715,-0.9422663828358266,1.0,0.6962,0.2064,13.808226959107994
mkt,10,3.3,2.3515828464936184,0.10762309783595592,-0.11133278880316505,0.013059068142434849,0.10189535027202268,-0.9493912889884222,1.0,0.7376,0.2182,12.876590230156136
mkt,10,3.4,2.3515828464936184,0.10459559540964503,-0.12068247101394443,0.006835442124897728,0.09871970365892686,-0.9557027379189947,1.0,0.7716,0.23,12.024935162379744
mkt,10,3.5,2.3515828464936184,0.10065048303752033,-0.13028203892432508,0.0004371405797470307,0.09521031046403007,-0.9613837039639748,1.0,0.798,0.2478,10.996029810310855
mkt,10,3.6,2.3515828464936184,0.09673378882287098,-0.14010268911980475,-0.006126657000266794,0.09136493357094358,-0.9661310734971076,1.0,0.8272,0.2648,10.058447065007698
mkt,10,3.7,2.3515828464936184,0.09240792663908814,-0.14971943978996138,-0.012930859142695844,0.08717903155899787,-0.9709080224959206,1.0,0.8482,0.2772,9.11215438499033
mkt,10,3.8,2.3515828464936184,0.08759061793708212,-0.15952218401603455,-0.020152730495564736,0.08264934104222615,-0.9750131920761204,1.0,0.874,0.2928,8.158994829874725
mkt,10,3.9,2.3515828464936184,0.08253941377342677,-0.1695258624257986,-0.027824215707149214,0.07777166687021948,-0.9785467037325469,1.0,0.8944,0.3098,7.262614094440767
mkt,10,4.0,2.3515828464936184,0.07693578399628931,-0.18045537292292685,-0.03548752904895447,0.07254088270926463,-0.9816652979276628,1.0,0.9104,0.3278,6.3788915485589595
mkt,20,0.1,2.1307090408990366,0.03823801127249038,0.03118556587758945,0.035309928777506494,0.03747675222074399,-0.04160214792220551,0.0,0.0,0.0,2.5551895608290307
mkt,20,0.2,2.1307090408990366,0.04431587492256428,0.03085355812963122,0.03880373196350456,0.043290796498899595,-0.09218204156786647,0.0,0.0,0.0,2.9566301209127768
mkt,20,0.3,2.1307090408990366,0.05008162398831961,0.030197152603680822,0.04201969260777183,0.04881670099661396,-0.1476641688518739,0.0,0.0,0.0,3.392942222721685
mkt,20,0.4,2.1307090408990366,0.055715447558191356,0.029125903262585084,0.04479445719511266,0.05405323610960479,-0.20211533148507305,0.0,0.0,0.0,3.8785724506832224
mkt,20,0.5,2.1307090408990366,0.060935936323420536,0.027817669193286133,0.047207672887781105,0.05899996060301332,-0.2559438176383427,0.0066,0.0,0.0014,4.387619977021445
mkt,20,0.6,2.1307090408990366,0.06601133296679706,0.026013107379175383,0.04933617092927123,0.06365696947793087,-0.3078040469573166,0.0388,0.0,0.0038,4.943625432043403
mkt,20,0.7,2.1307090408990366,0.07066845280271139,0.0239619487385757,0.05111609190565375,0.06802294098236217,-0.35815521503239856,0.1054,0.0,0.0076,5.512837760968984
mkt,20,0.8,2.1307090408990366,0.0750658937245654,0.021704129258690818,0.0525865569671789,0.07209781666679765,-0.4057057967521714,0.2146,0.0,0.0108,6.107695950356547
mkt,20,0.9,2.1307090408990366,0.07920463035513914,0.01898951682480542,0.053693911717169196,0.07588087907671544,-0.45080620444452346,0.3456,0.0,0.0154,6.723493716178749
mkt,20,1.0,2.1307090408990366,0.08304690162591788,0.01584543404432789,0.05450472376287785,0.07937060413823337,-0.49382115742808075,0.4818,0.0,0.0202,7.348210901099683
mkt,20,1.1,2.1307090408990366,0.08654265528609362,0.012569420168216185,0.05508003037622272,0.08256732524307121,-0.5346179463077874,0.6114,0.0008,0.0272,7.964701636381486
mkt,20,1.2,2.1307090408990366,0.0897314087444453,0.008883410478258713,0.05523768375057314,0.08546962946514794,-0.5736639743841314,0.7216,0.0036,0.0344,8.570116272251834
mkt,20,1.3,2.1307090408990366,0.09266527316930018,0.004748589909002166,0.05519775608546085,0.08807733611173896,-0.6095507891201245,0.806,0.0102,0.0416,9.165972896665444
mkt,20,1.4,2.1307090408990366,0.09517185295845065,0.00036942497302475764,0.0548326898346021,0.09038844806523158,-0.643141036436945,0.8716,0.0208,0.0486,9.706369887844975
mkt,20,1.5,2.1307090408990366,0.09731028673921138,-0.004015322652602014,0.05399909632654326,0.09240313181159687,-0.6744745993807951,0.9232,0.032,0.0584,10.191460140836101
mkt,20,1.6,2.1307090408990366,0.09927579113603091,-0.008976052290619374,0.05292019625523392,0.09412001815276605,-0.7039008695611617,0.9504,0.0524,0.07,10.657777252104793
mkt,20,1.7,2.1307090408990366,0.10097266345347522,-0.014153736841548453,0.051681159572283586,0.09553818074121992,-0.7314029744045595,0.969,0.074,0.0796,11.076776759925071
mkt,20,1.8,2.1307090408990366,0.10211360381135304,-0.01957698979304861,0.050131120675578233,0.0966567661602348,-0.7570569160579654,0.9808,0.1028,0.0886,11.367346069036785
mkt,20,1.9,2.1307090408990366,0.10314964065288312,-0.025384857030902444,0.047934670142132874,0.0974743752712908,-0.7804876893455734,0.99,0.138,0.1002,11.63753211379299
mkt,20,2.0,2.1307090408990366,0.10372698535452718,-0.03150410276911866,0.04559502891067363,0.09798914493991562,-0.8013657026276614,0.9948,0.1814,0.1108,11.790752552982145
mkt,20,2.1,2.1307090408990366,0.10404726437905232,-0.03798072890602227,0.04301000735349331,0.09820138250241367,-0.8220449905932008,0.9968,0.231,0.1216,11.876592873492823
mkt,20,2.2,2.1307090408990366,0.10395841043847598,-0.04453237548419543,0.03994543164804826,0.0981076011733594,-0.8405791686452652,0.9976,0.282,0.1328,11.85271731876317
mkt,20,2.3,2.1307090408990366,0.10366567583537789,-0.05153499423018,0.03668801267674787,0.09771000237159053,-0.8572661142361007,0.999,0.332,0.1446,11.774399261952947
mkt,20,2.4,2.1307090408990366,0.10311968774306668,-0.058850424908665065,0.03294395222714286,0.09700393596850848,-0.8726754934554808,0.9998,0.3904,0.157,11.62963812549977
mkt,20,2.5,2.1307090408990366,0.10215873821263721,-0.06604729392971469,0.02897651347734015,0.0959886560973225,-0.886160177082056,0.9998,0.4446,0.1694,11.37899017752903
mkt,20,2.6,2.1307090408990366,0.10096711859979501,-0.07431375343657994,0.024957721467728067,0.09466303097921994,-0.8985940564739263,0.9998,0.4936,0.181,11.075382967257456
mkt,20,2.7,2.1307090408990366,0.09934107210075316,-0.08257605702375345,0.020243591465715527,0.0930251760105513,-0.9102719889266012,0.9998,0.5438,0.1942,10.673611318679772
mkt,20,2.8,2.1307090408990366,0.09708570224087776,-0.09087279048585048,0.015341038060706191,0.09107297100565762,-0.9209335674297106,0.9998,0.5926,0.2098,10.139499416250942
mkt,20,2.9,2.1307090408990366,0.0946319252689245,-0.09931898746904486,0.01003182128704555,0.08880472226364372,-0.9304913853281542,1.0,0.6386,0.2236,9.587451537693399
mkt,20,3.0,2.1307090408990366,0.09214768885014168,-0.10772159894343125,0.004329067900367745,0.0862184138915598,-0.9391805836220919,1.0,0.6758,0.24,9.058043889794007
mkt,20,3.1,2.1307090408990366,0.0890910581105272,-0.11654578059552381,-0.0014142472921525595,0.08331112089034219,-0.9468194732973853,1.0,0.7126,0.2528,8.445100472085688
mkt,20,3.2,2.1307090408990366,0.08561499610546841,-0.12642177100414448,-0.007420237177007627,0.08008161257659539,-0.9535944846173636,1.0,0.7484,0.2674,7.7964335174824875
mkt,20,3.3,2.1307090408990366,0.081915853091034,-0.1357517370847615,-0.0137023751953754,0.07652665264175988,-0.959731817312061,1.0,0.784,0.282,7.158748632513943
mkt,20,3.4,2.1307090408990366,0.0782277320539998,-0.145435088409229,-0.020357795248011373,0.07264332936801267,-0.9652600846736106,1.0,0.8166,0.2962,6.572982516215471
mkt,20,3.5,2.1307090408990366,0.0738071875004781,-0.1554725857007603,-0.02747897243391187,0.06842864880332358,-0.9702527620466233,1.0,0.8414,0.3106,5.931407348114135
mkt,20,3.6,2.1307090408990366,0.06872452711008736,-0.16564258906228926,-0.034726249376443474,0.063880240906658,-0.9744220604490983,1.0,0.8646,0.3278,5.267984390370007
mkt,20,3.7,2.1307090408990366,0.06369203124041523,-0.17628650082895547,-0.04268669852194554,0.05899340447103185,-0.9782083142967217,1.0,0.8856,0.344,4.681636580224768
mkt,20,3.8,2.1307090408990366,0.0583292012538843,-0.1875455536724801,-0.05019950149881877,0.053764743241765396,-0.9815480439604676,1.0,0.9018,0.3604,4.1259074505337825
mkt,20,3.9,2.1307090408990366,0.052843037759420675,-0.19833490693727743,-0.05870297228689855,0.048189874213532706,-0.9844076675790989,1.0,0.9166,0.3766,3.623187416834713
mkt,20,4.0,2.1307090408990366,0.04695692986418709,-0.2093636497943434,-0.06731804011929154,0.04226348457950668,-0.9868972313154616,1.0,0.934,0.3946,3.149346286427659
mkt,50,0.1,1.5647665966724562,0.0363518543093545,0.028805258701435778,0.03327101169868296,0.03566635303068608,-0.04679995459238917,0.0,0.0,0.0,2.4416348788325193
mkt,50,0.2,1.5647665966724562,0.040565164035419876,0.026301868372069905,0.03461744812993234,0.039599944441404085,-0.10353865984711974,0.0,0.0,0.0,2.7022906790970715
mkt,50,0.3,1.5647665966724562,0.0444578654122032,0.022926941745803897,0.035734996861953916,0.04325629537248913,-0.16452451146263464,0.0,0.0,0.0002,2.966696497673764
mkt,50,0.4,1.5647665966724562,0.048037127912525346,0.01952271982405005,0.03637283206778702,0.04663403467267655,-0.22559017562732886,0.0034,0.0,0.0024,3.231593418694932
mkt,50,0.5,1.5647665966724562,0.051257319427252424,0.015878602334633264,0.03679085736191462,0.049732569619804906,-0.285135728408206,0.0294,0.0,0.0092,3.4891996874935374
mkt,50,0.6,1.5647665966724562,0.054254593182319844,0.011888176885559211,0.03678498281570247,0.052551877442469544,-0.3429577722223585,0.095,0.0,0.0184,3.7466018812941817
mkt,50,0.7,1.5647665966724562,0.0570039096596765,0.007428416212345702,0.03669095442931708,0.05509048188942925,-0.3969518388480026,0.2046,0.0,0.0306,3.9986634341175034
mkt,50,0.8,1.5647665966724562,0.059497137977088665,0.0027491205629687765,0.036189627581971306,0.05734821035529184,-0.4478479346636477,0.3472,0.0,0.0418,4.2412580525740005
mkt,50,0.9,1.5647665966724562,0.06172194080825899,-0.0021857958262674003,0.035403783223376506,0.05932418999862942,-0.4960804827572017,0.4882,0.0008,0.0544,4.469611824910302
mkt,50,1.0,1.5647665966724562,0.06355984420661931,-0.0072658693175237645,0.03431234659869514,0.06101677886379033,-0.5408750177128365,0.6206,0.003,0.0712,4.667113862097748
mkt,50,1.1,1.5647665966724562,0.06511814706352104,-0.012683811428121364,0.032901904560483475,0.06242618820045445,-0.583549443998457,0.731,0.0094,0.0856,4.841106161878205
mkt,50,1.2,1.5647665966724562,0.06646204886880591,-0.018388904250111176,0.031198936798404964,0.06355086967503375,-0.6222674452205099,0.8088,0.0204,0.1026,4.996146252872354
mkt,50,1.3,1.5647665966724562,0.0674378310057332,-0.02455304626546745,0.029071756457332454,0.06439053069257243,-0.6588838461203571,0.8712,0.0368,0.1188,5.111696105082121
mkt,50,1.4,1.5647665966724562,0.0682055454104663,-0.030880620048031587,0.026821010089237984,0.06494304534748856,-0.6917977265138077,0.912,0.0606,0.1346,5.204401929661092
mkt,50,1.5,1.5647665966724562,0.06854018763398617,-0.03749159392767125,0.024165211395116293,0.06520846278404588,-0.7235300212772691,0.9432,0.0882,0.1484,5.245314487729698
mkt,50,1.6,1.5647665966724562,0.06856906644870242,-0.04435746929757555,0.021167182589134692,0.0651852972932374,-0.751729858394615,0.9634,0.1212,0.1656,5.248861843027851
mkt,50,1.7,1.5647665966724562,0.06826076173009876,-0.051495534817168356,0.017772624032001805,0.06487251480468817,-0.7777877393023052,0.9792,0.1644,0.181,5.2111402442362635
mkt,50,1.8,1.5647665966724562,0.06770583959907317,-0.05889491161414561,0.014281641660052635,0.0642691382618587,-0.8014886471874136,0.9878,0.2102,0.1982,5.143876113222845
mkt,50,1.9,1.5647665966724562,0.06678501116259827,-0.06661040417339618,0.010393356351571015,0.06337366749841342,-0.8235016464471548,0.9924,0.258,0.2114,5.034110152110257
mkt,50,2.0,1.5647665966724562,0.06572431565960013,-0.07448728501906132,0.006365732545733027,0.06218411977759679,-0.8435098720494967,0.9956,0.3112,0.2274,4.91045723834081
mkt,50,2.1,1.5647665966724562,0.0642534411113529,-0.08269066760453024,0.0019290962056665584,0.0607007065047379,-0.8611340389421842,0.9976,0.3712,0.2432,4.743804319356145
mkt,50,2.2,1.5647665966724562,0.062471271365024617,-0.0910228788348598,-0.0028698080549632854,0.05891981764218888,-0.8773144148266203,0.9986,0.4216,0.2596,4.54914744378364
mkt,50,2.3,1.5647665966724562,0.06060617918144684,-0.09975262782181332,-0.007887810968483178,0.056843582963629735,-0.8923621775020665,0.999,0.4708,0.2756,4.353653314184802
mkt,50,2.4,1.5647665966724562,0.05839155528384132,-0.10853113012326047,-0.013374798771867286,0.05446722190321885,-0.9057919422622391,0.9994,0.5214,0.293,4.1319889719318486
mkt,50,2.5,1.5647665966724562,0.05581735607649474,-0.11780752875252742,-0.018960787227420867,0.05178990298697867,-0.9176120001690414,0.9998,0.5764,0.3072,3.8879475646141204
mkt,50,2.6,1.5647665966724562,0.05265314498577134,-0.12713516938324412,-0.024929738576554006,0.04881039377485608,-0.9280741646003451,0.9998,0.6222,0.3232,3.606890644205098
mkt,50,2.7,1.5647665966724562,0.04913448787275787,-0.13654395256261617,-0.031085603283554614,0.04552671637944756,-0.937703403596223,0.9998,0.6666,0.3374,3.317257060068067
mkt,50,2.8,1.5647665966724562,0.04530297614738443,-0.1464830471880456,-0.03722855441817979,0.04193665573012066,-0.9460693861341298,1.0,0.7054,0.3554,3.027295452087905
mkt,50,2.9,1.5647665966724562,0.04125732068681465,-0.15646447199094,-0.043729726765018184,0.03803841926531342,-0.9538156888855781,1.0,0.7386,0.3726,2.7475888950170693
mkt,50,3.0,1.5647665966724562,0.037128187931990686,-0.16663985603649722,-0.05062714762266701,0.0338299113882654,-0.9603561022167779,1.0,0.7752,0.3904,2.487774394757312
mkt,50,3.1,1.5647665966724562,0.03240841940922501,-0.1766879801394318,-0.05786645599785678,0.02930812239205303,-0.9661266211434831,1.0,0.8046,0.406,2.219670174742241
mkt,50,3.2,1.5647665966724562,0.02770208204149005,-0.18716512986165357,-0.06528047941237941,0.024471725314029417,-0.9709740214513529,1.0,0.831,0.422,1.9800716948648067
mkt,50,3.3,1.5647665966724562,0.022657410718090687,-0.19800788006378348,-0.07316405499691339,0.01931741521863011,-0.9755524491061401,1.0,0.8524,0.4368,1.7508713896617685
mkt,50,3.4,1.5647665966724562,0.017291136387823647,-0.20903215313127138,-0.08086992433980539,0.013842185498704345,-0.9794443008883942,1.0,0.8768,0.453,1.5350818788692897
mkt,50,3.5,1.5647665966724562,0.011529327446057391,-0.21986917692268804,-0.0890823435679875,0.008042993690370983,-0.9829576484931608,1.0,0.8946,0.4726,1.3318704493282159
mkt,50,3.6,1.5647665966724562,0.005564692705958163,-0.23093402810280622,-0.0972212008474268,0.001917373880962541,-0.985853514641353,1.0,0.9102,0.4874,1.1488164620190005
mkt,50,3.7,1.5647665966724562,-0.0007795886320478007,-0.2421773759793295,-0.10585334428266926,-0.004539437989810225,-0.9882862177255995,1.0,0.9222,0.5024,0.9806915602490098
mkt,50,3.8,1.5647665966724562,-0.007553047852331907,-0.2536957701933268,-0.1146316687165877,-0.011330896023507802,-0.990303717389908,1.0,0.9348,0.5178,0.8273378616059273
mkt,50,3.9,1.5647665966724562,-0.014670522163528543,-0.2651693832293914,-0.12354252591095102,-0.018461442136589613,-0.9919202861717393,1.0,0.9456,0.531,0.6910936637216731
mkt,50,4.0,1.5647665966724562,-0.022157519006155812,-0.2766683222763012,-0.13264742152780545,-0.025936434240197904,-0.9934044566648528,1.0,0.954,0.5488,0.5711137808765471
mkt,100,0.1,0.7684709226600148,0.03400841382816666,0.026055042661399998,0.03091900946189796,0.03336141040000276,-0.0530470634676789,0.0,0.0,0.0,2.3072880528899553
mkt,100,0.2,0.7684709226600148,0.035818838502954975,0.02087730246810996,0.029855937835153556,0.03504229332052644,-0.11651308355657064,0.0,0.0,0.0002,2.4104333772297126
mkt,100,0.3,0.7684709226600148,0.03732659107823244,0.015400034146261366,0.02853116086543167,0.03645649725591806,-0.18372846777715257,0.0002,0.0,0.0034,2.4996993625056367
mkt,100,0.4,0.7684709226600148,0.038760540634095175,0.00944731320106319,0.026796849968192482,0.03760255183814821,-0.252423799843273,0.0148,0.0,0.0158,2.5875341783070853
mkt,100,0.5,0.7684709226600148,0.0398060479502258,0.0034880370612925377,0.02484717527300717,0.03847976509671283,-0.3184923556207934,0.0726,0.0,0.037,2.653435180043517
mkt,100,0.6,0.7684709226600148,0.04049632602604025,-0.0030784209055706334,0.022571043350259834,0.039088013883496524,-0.38169966764245894,0.185,0.0,0.063,2.697825010981611
mkt,100,0.7,0.7684709226600148,0.04104956578608887,-0.009746720135692343,0.02004953435645629,0.039425728725927214,-0.4403842376300333,0.3302,0.0,0.0924,2.7339178206905097
mkt,100,0.8,0.7684709226600148,0.041256782916450074,-0.01683289457638397,0.017266790134372656,0.039492647693931474,-0.49579931684835993,0.488,0.003,0.12,2.7475534589947133
mkt,100,0.9,0.7684709226600148,0.04114247681766925,-0.024259687550352252,0.01424360526109053,0.039287802770277824,-0.5478850367174147,0.6302,0.0066,0.1488,2.740022564352837
mkt,100,1.0,0.7684709226600148,0.04079360835607415,-0.03193082825606254,0.0108406404990386,0.03880945376696018,-0.5955646302635478,0.7516,0.0172,0.1778,2.7171612515043893
mkt,100,1.1,0.7684709226600148,0.04009647081943102,-0.03983293819559953,0.00728759312611138,0.03805773219494363,-0.6400364182908661,0.8342,0.0318,0.203,2.6720256154029816
mkt,100,1.2,0.7684709226600148,0.03919870634296241,-0.04788015605480422,0.0034700457459355127,0.03703099530817937,-0.6814471892463809,0.8932,0.0588,0.2294,2.614959312161975
mkt,100,1.3,0.7684709226600148,0.03792191674475465,-0.05609538389657135,-0.0007664114622097373,0.03572887626514053,-0.7179869702340445,0.9266,0.092,0.2566,2.5358121124701687
mkt,100,1.4,0.7684709226600148,0.03634515893346402,-0.06457618073779103,-0.0052702721801149155,0.034149144213392664,-0.7514227358578589,0.9536,0.1302,0.279,2.441243891375728
mkt,100,1.5,0.7684709226600148,0.03445478371426558,-0.073173812035278,-0.009985762763074446,0.03229176621857443,-0.7816038401216481,0.9722,0.177,0.2984,2.3323185716518084
mkt,100,1.6,0.7684709226600148,0.03244906642935741,-0.08188655412328405,-0.014978850159560297,0.030155201251251616,-0.8085205297635383,0.982,0.223,0.3212,2.221856045655546
mkt,100,1.7,0.7684709226600148,0.030120605300599013,-0.09081636435040524,-0.020151805746418533,0.027738295648974745,-0.8326831628369021,0.9916,0.2788,0.3426,2.099916792972651
mkt,100,1.8,0.7684709226600148,0.027611543418289308,-0.09986164496909172,-0.02555654364709234,0.02504002854474892,-0.8541118143861546,0.995,0.3446,0.3628,1.9757154403698354
mkt,100,1.9,0.7684709226600148,0.02469093969594849,-0.10937350679043197,-0.03144194503914746,0.022058790061116825,-0.8733817200396714,0.997,0.4046,0.3832,1.8400194550953932
mkt,100,2.0,0.7684709226600148,0.021376303201057878,-0.11881099797188903,-0.03749308074975627,0.018792535393367112,-0.8903306482613809,0.9984,0.4626,0.4004,1.6968538882272326
mkt,100,2.1,0.7684709226600148,0.01783162157188556,-0.12838505175587364,-0.04369570855195229,0.015241397169652275,-0.9056714690004171,0.999,0.5188,0.4206,1.5556021337031423
mkt,100,2.2,0.7684709226600148,0.013998981856239268,-0.13811366528742133,-0.050067082062581564,0.011401692313814524,-0.9189635695761664,0.9994,0.5778,0.4404,1.415592161510674
mkt,100,2.3,0.7684709226600148,0.009907522276185077,-0.14808262496500973,-0.056589825053711185,0.007275473791693781,-0.9304710771138814,0.9996,0.6236,0.4598,1.2794998510527629
mkt,100,2.4,0.7684709226600148,0.005752731224129448,-0.15843388462616897,-0.06363484824070931,0.002857888028759043,-0.9407344459376548,1.0,0.6704,0.4774,1.1541986722652888
mkt,100,2.5,0.7684709226600148,0.0012988457572552514,-0.16917798725799094,-0.07084237222220613,-0.0018519568293302413,-0.9498735328151935,1.0,0.7132,0.496,1.0329823591916245
mkt,100,2.6,0.7684709226600148,-0.0035720654118288064,-0.1799689590392251,-0.0783353889604026,-0.006855366766476266,-0.9579946618848187,1.0,0.749,0.5132,0.9144234679211949
mkt,100,2.7,0.7684709226600148,-0.008790027430181091,-0.1909615051201392,-0.08600546872873827,-0.012154403131718682,-0.9645321754596189,1.0,0.7842,0.531,0.8019394390098873
mkt,100,2.8,0.7684709226600148,-0.014250718792623962,-0.20171485787725607,-0.09381796153881616,-0.017751324780033648,-0.9705023697472284,1.0,0.8178,0.5474,0.698492812539069
mkt,100,2.9,0.7684709226600148,-0.019859641425757912,-0.21288575344817073,-0.10184810784610313,-0.02364799838486832,-0.9755378131627137,1.0,0.843,0.5628,0.6056299756765553
mkt,100,3.0,0.7684709226600148,-0.025787126817736927,-0.22392656232368285,-0.1102098017322578,-0.02984657540240311,-0.9797653273063341,1.0,0.8638,0.5798,0.5204114394286868
mkt,100,3.1,0.7684709226600148,-0.03209113775680911,-0.23511957387516597,-0.1185154619942616,-0.03635013101215454,-0.9834062609752919,1.0,0.8806,0.5946,0.44244745049896533
mkt,100,3.2,0.7684709226600148,-0.03845419269424549,-0.2467734494043507,-0.12717109096750384,-0.04316005245973323,-0.9864693803728513,1.0,0.8998,0.6096,0.37518887729700945
mkt,100,3.3,0.7684709226600148,-0.04503671692590833,-0.25804362322607566,-0.13636148026929554,-0.050279690446801625,-0.9889350833070147,1.0,0.9184,0.6252,0.3159852778863963
mkt,100,3.4,0.7684709226600148,-0.05200001400951543,-0.269732595394883,-0.14541722343354604,-0.05771211728417042,-0.9909563689225697,1.0,0.932,0.639,0.2631529843520579
mkt,100,3.5,0.7684709226600148,-0.05903618561441171,-0.2814988716736401,-0.15513469171485242,-0.065460416817796,-0.992690111063668,1.0,0.942,0.6506,0.21843548597002424
mkt,100,3.6,0.7684709226600148,-0.06670418988248794,-0.29335511745601106,-0.16439787293699232,-0.07352709979032643,-0.9941537253307204,1.0,0.9514,0.6634,0.17802645975677955
mkt,100,3.7,0.7684709226600148,-0.0743478706720227,-0.30514033118153344,-0.17400283483514903,-0.08191698157435667,-0.9953859734728441,1.0,0.9582,0.6768,0.14494231797504192
mkt,100,3.8,0.7684709226600148,-0.08247860523679024,-0.3168111483730099,-0.18372988288621647,-0.09063354581557398,-0.9963576115442938,1.0,0.9658,0.69,0.11625322765664434
mkt,100,3.9,0.7684709226600148,-0.09077948069953234,-0.3287077241859271,-0.19378418441285133,-0.09968128188705833,-0.9971225557232444,1.0,0.9734,0.7018,0.0926256047211487
mkt,100,4.0,0.7684709226600148,-0.09942165032194411,-0.34058225306135775,-0.20414918935481075,-0.10906556552816901,-0.9977703532836244,1.0,0.9784,0.7164,0.07295212179485358
mkt,200,0.1,4.4755769933956584e-05,0.030194821292974794,0.02205107484658131,0.026885760904682976,0.029627460054066086,-0.057907089245614385,0.0,0.0,0.0,2.103701224595021
mkt,200,0.2,4.4755769933956584e-05,0.02818952426401089,0.012493017263137451,0.021923812142828847,0.02748704688975851,-0.13103856813231507,0.0,0.0,0.0016,2.0036847070981176
mkt,200,0.3,4.4755769933956584e-05,0.02600393552322866,0.002513101832644439,0.01666625504691055,0.025093199902963013,-0.21345675346741305,0.0044,0.0,0.0372,1.8998778043791362
mkt,200,0.4,4.4755769933956584e-05,0.023561659290155523,-0.007841312727163057,0.011183449722787508,0.022444317683632965,-0.2971669510601728,0.0564,0.0,0.1034,1.7899885031470415
mkt,200,0.5,4.4755769933956584e-05,0.020787499045163638,-0.018072860055428113,0.005500129326005576,0.019539619694723093,-0.37935044445560334,0.2066,0.0,0.1806,1.6725671865040102
mkt,200,0.6,4.4755769933956584e-05,0.017809766603290145,-0.028786857989791696,-0.0003850107584598139,0.01637887744279552,-0.4545617349083185,0.3876,0.0004,0.2548,1.5547672021023111
mkt,200,0.7,4.4755769933956584e-05,0.014471324494437998,-0.039353152262173716,-0.006628479124482389,0.012960408258897847,-0.5248632013641941,0.571,0.0034,0.3254,1.432169418648249
mkt,200,0.8,4.4755769933956584e-05,0.011035566174236733,-0.05017762938428443,-0.01312114363427036,0.009283846014779312,-0.5908648466776989,0.7164,0.0168,0.384,1.3157120043825858
mkt,200,0.9,4.4755769933956584e-05,0.007262672909680523,-0.061295745506769465,-0.019819883607031935,0.0053481393224485705,-0.648394224213101,0.8198,0.0404,0.4292,1.1983081277571634
mkt,200,1.0,4.4755769933956584e-05,0.0031636400575982826,-0.07262697724530344,-0.026669107006175446,0.0011514028304143275,-0.6996372583588131,0.8894,0.0804,0.4712,1.0821677312863092
mkt,200,1.1,4.4755769933956584e-05,-0.0011583617269257385,-0.0840560223135337,-0.03381675747513674,-0.0033063079107845867,-0.744676470116647,0.9366,0.1368,0.509,0.9714399840641591
mkt,200,1.2,4.4755769933956584e-05,-0.005690861905805034,-0.0956666808160824,-0.04108997441277212,-0.008026725761499567,-0.7842380314184595,0.9632,0.1974,0.5424,0.8670333731940993
mkt,200,1.3,4.4755769933956584e-05,-0.0103928423678315,-0.1073177799884092,-0.04853950870670856,-0.013010334452713285,-0.8186177945577242,0.9786,0.268,0.5784,0.7701417988908048
mkt,200,1.4,4.4755769933956584e-05,-0.015381904732020169,-0.11915994812387536,-0.05634894534147092,-0.01825945557522618,-0.8484852355780483,0.9894,0.3424,0.6084,0.6787273890289152
mkt,200,1.5,4.4755769933956584e-05,-0.02059742678049037,-0.13092232228932385,-0.06433967974329302,-0.023774242787917586,-0.8739571347511648,0.994,0.4114,0.6304,0.5943346659386796
mkt,200,1.6,4.4755769933956584e-05,-0.026025416215040564,-0.14289816183685095,-0.0725621614226789,-0.02955630502680408,-0.8954543306636129,0.9974,0.4846,0.6538,0.51723824749507
mkt,200,1.7,4.4755769933956584e-05,-0.03162301096891773,-0.15500225964745634,-0.08098181565096751,-0.03560691123507997,-0.9146298925381329,0.9986,0.5484,0.676,0.44782838015542414
mkt,200,1.8,4.4755769933956584e-05,-0.03759666263774991,-0.16718795171285497,-0.0896543792796401,-0.04192715951963428,-0.9293456250414682,0.9994,0.6104,0.6934,0.383644082396006
mkt,200,1.9,4.4755769933956584e-05,-0.043603258109728704,-0.17913431920816478,-0.09845442824463962,-0.04851879025346854,-0.942278788682814,0.9998,0.6598,0.7144,0.3280591937091155
mkt,200,2.0,4.4755769933956584e-05,-0.04977878333297814,-0.19118590985656952,-0.10730934779391843,-0.055383914672058276,-0.9532619234593314,1.0,0.706,0.7284,0.27900905725912695
mkt,200,2.1,4.4755769933956584e-05,-0.05629956589830709,-0.20363322545196483,-0.11642860042133182,-0.06252251393187785,-0.9622898640237072,1.0,0.7542,0.7446,0.23488478285800496
mkt,200,2.2,4.4755769933956584e-05,-0.06294305477860657,-0.21615740461133132,-0.12560622001267246,-0.06993836789861,-0.9697926554974245,1.0,0.7952,0.7578,0.19685687434629823
mkt,200,2.3,4.4755769933956584e-05,-0.0700936513293593,-0.2287482083269002,-0.13503423918511334,-0.07762948191965088,-0.9758157447452498,1.0,0.8258,0.7694,0.1625482200225166
mkt,200,2.4,4.4755769933956584e-05,-0.07730294162237844,-0.2410616993371567,-0.14455665172521542,-0.08560086261586672,-0.9806963054241168,1.0,0.8542,0.7798,0.13380688308044475
mkt,200,2.5,4.4755769933956584e-05,-0.08456457360244884,-0.253702306908474,-0.15413112971374168,-0.0938534534986379,-0.9846755148984223,1.0,0.8784,0.793,0.10982289280003069
mkt,200,2.6,4.4755769933956584e-05,-0.09203090976527573,-0.26627122084756866,-0.16377494345353813,-0.10238867763678544,-0.9878927823771535,1.0,0.899,0.8026,0.08949044860264438
mkt,200,2.7,4.4755769933956584e-05,-0.0996830694461936,-0.27887257410099925,-0.17358080874252166,-0.11120868443435336,-0.9905728462204786,1.0,0.9162,0.8156,0.07242449652412335
mkt,200,2.8,4.4755769933956584e-05,-0.10745905771732933,-0.2914544618336532,-0.18364703403344998,-0.1203158240073704,-0.9926642774992733,1.0,0.9294,0.8242,0.05830471663847715
mkt,200,2.9,4.4755769933956584e-05,-0.1155913833716995,-0.30419836455837246,-0.193903504727134,-0.12971208424956557,-0.9942992304492602,1.0,0.9418,0.8336,0.046379294975378293
mkt,200,3.0,4.4755769933956584e-05,-0.12387684073799626,-0.31695069197837417,-0.2043815685634264,-0.13939968257771304,-0.9956695005234696,1.0,0.952,0.8432,0.03665464467045111
mkt,200,3.1,4.4755769933956584e-05,-0.13213394284655577,-0.3294190526867394,-0.21475102740137195,-0.14938180734756548,-0.9967083937955923,1.0,0.9622,0.85,0.028927946347917684
mkt,200,3.2,4.4755769933956584e-05,-0.14078605142574346,-0.3421794991759673,-0.2252145489423519,-0.15965996753844217,-0.9975186015596067,1.0,0.9692,0.86,0.02251816572360641
mkt,200,3.3,4.4755769933956584e-05,-0.1494180829319312,-0.3553290648370419,-0.2357298233007296,-0.17023757897482208,-0.99811127450316,1.0,0.9756,0.8652,0.017494585581697704
mkt,200,3.4,4.4755769933956584e-05,-0.15812231319746534,-0.36828649965540133,-0.24622300610571687,-0.18111785805794123,-0.9985850109634105,1.0,0.98,0.8748,0.013527731773232618
mkt,200,3.5,4.4755769933956584e-05,-0.1671709966339942,-0.38126701518441436,-0.25690908595838957,-0.19230396143092343,-0.9989528251000037,1.0,0.9846,0.8828,0.010325145361381547
mkt,200,3.6,4.4755769933956584e-05,-0.17638173701150883,-0.3938451150718037,-0.2676665870821894,-0.20379854423282218,-0.9992298527878646,1.0,0.9886,0.8888,0.007818969467540937
mkt,200,3.7,4.4755769933956584e-05,-0.18603245601099,-0.40670508435163155,-0.27850805812010304,-0.21560652923064416,-0.9994404630974776,1.0,0.9904,0.8956,0.005823413017514604
mkt,200,3.8,4.4755769933956584e-05,-0.19556031281274694,-0.4192941285125078,-0.28966762841852167,-0.22773152018463244,-0.9995923159511512,1.0,0.9918,0.901,0.0043384786256764705
mkt,200,3.9,4.4755769933956584e-05,-0.2051243349719004,-0.43185791430651954,-0.3005725530864656,-0.24017813758440165,-0.9997047596419439,1.0,0.9938,0.9082,0.0032172150145202746
mkt,200,4.0,4.4755769933956584e-05,-0.2149881535911935,-0.44465422174903,-0.3115904658275628,-0.25295191075979906,-0.9997871859197185,1.0,0.9964,0.914,0.0023545383775673504
scv,0,0.1,2.78009325764397,0.044652437030733516,0.035206879538416155,0.04090159309414354,0.04366020811202819,-0.04885814224381424,0.0,0.0,0.0,2.980544044773057
scv,0,0.2,2.78009325764397,0.0570381579999395,0.03881136560707874,0.0496200181949058,0.05545796721847365,-0.11009626764606328,0.0,0.0,0.0,4.0019036605351666
scv,0,0.3,2.78009325764397,0.06911974967030299,0.04172958593486266,0.05796411775875915,0.06681489492862677,-0.17427049943027623,0.0,0.0,0.0,5.316903852904596
scv,0,0.4,2.78009325764397,0.08077901129926157,0.04409917246995261,0.06574681123945925,0.07773026033556121,-0.23625322429783746,0.0008,0.0,0.0,6.973046372301302
scv,0,0.5,2.78009325764397,0.09216250673452808,0.04578417225471404,0.07313353292057545,0.08820440537050933,-0.2958650010689475,0.0206,0.0,0.0002,9.061115253100295
scv,0,0.6,2.78009325764397,0.10327757745128785,0.04723232075978234,0.08010537290438563,0.09823764351326922,-0.35232049385337116,0.0774,0.0,0.0004,11.671315275524538
scv,0,0.7,2.78009325764397,0.11383466783720464,0.0481722807132237,0.0865102967403022,0.10782912951697719,-0.4059681009798956,0.189,0.0,0.0008,14.808745753238192
scv,0,0.8,2.78009325764397,0.12407445695140462,0.048453604421223775,0.0924788377454443,0.11697930597137135,-0.4568414892009502,0.3464,0.0,0.0022,18.61559785312325
scv,0,0.9,2.78009325764397,0.13395323123103509,0.04844112658484271,0.0979929950794996,0.12568738122771425,-0.5039252703113939,0.5144,0.0002,0.0036,23.16746842693814
scv,0,1.0,2.78009325764397,0.14349502463536445,0.04800781805407154,0.10328081698517211,0.1339523734602242,-0.5473178943733333,0.6644,0.0006,0.0048,28.566496811589055
scv,0,1.1,2.78009325764397,0.15246330688446774,0.04707457756213409,0.10798517812049307,0.14177449994253244,-0.58815523901738,0.7878,0.0038,0.0074,34.72784365711217
scv,0,1.2,2.78009325764397,0.16106173116008327,0.04549074845718001,0.11211110606145996,0.14915264293882746,-0.6256464616989506,0.878,0.0098,0.0102,41.81988148547666
scv,0,1.3,2.78009325764397,0.1690586224362861,0.04345251044437146,0.11591505562610366,0.15608644902079083,-0.6611160771013999,0.9316,0.0212,0.012,49.648628468829415
scv,0,1.4,2.78009325764397,0.17663937673200591,0.040905202243254904,0.11914992711462163,0.16257406403777983,-0.6938693486731291,0.9652,0.0362,0.015,58.35586199055379
scv,0,1.5,2.78009325764397,0.18373368983815896,0.03791679578682925,0.12181046266659795,0.16861506919466418,-0.7241386444013272,0.9834,0.0592,0.0176,67.81882495556107
scv,0,1.6,2.78009325764397,0.19029400465237956,0.03443066639017143,0.1241154020404458,0.17420854022676469,-0.7520963598488719,0.9914,0.0836,0.02,77.86748593557212
scv,0,1.7,2.78009325764397,0.1964555009280149,0.030408744021168322,0.12564251731772996,0.17935297182263454,-0.7770395832553939,0.9968,0.1122,0.0244,88.59593011800636
scv,0,1.8,2.78009325764397,0.2021708818511294,0.02584132781076539,0.1267268712709192,0.18404719252142424,-0.8004718264927109,0.9992,0.1574,0.0294,99.80565821007221
scv,0,1.9,2.78009325764397,0.20733349796842848,0.021057617758924906,0.12737359954269523,0.18828976120715463,-0.8221670874759417,0.9998,0.2084,0.0332,111.0916351882829
scv,0,2.0,2.78009325764397,0.2119988382967386,0.015757108156758626,0.12742863403466165,0.19207822684237794,-0.841930326795989,1.0,0.2618,0.0374,122.33625393322149
scv,0,2.1,2.78009325764397,0.21589526814476379,0.010048089833321687,0.1268168868822337,0.19541230442563864,-0.8594628218849887,1.0,0.3246,0.0426,132.55747154319505
scv,0,2.2,2.78009325764397,0.21952767291945263,0.0039006202024807163,0.12599368519254245,0.19828827451942374,-0.8756032227567896,1.0,0.3856,0.0462,142.82084099839426
scv,0,2.3,2.78009325764397,0.22267131142348928,-0.0032534464531439144,0.12456494574676324,0.2007075495197159,-0.8900054809591081,1.0,0.4496,0.0522,152.31521641655388
scv,0,2.4,2.78009325764397,0.22507642055160781,-0.010444860573952563,0.122685877376001,0.20266497345995152,-0.903353930955402,1.0,0.5146,0.0584,159.98509725527128
scv,0,2.5,2.78009325764397,0.22691641569271037,-0.017374670020952374,0.11976311648342408,0.2041591533916447,-0.9148639572732882,1.0,0.572,0.0658,166.10206590526528
scv,0,2.6,2.78009325764397,0.22818863206421547,-0.025617485852904878,0.11690593167920216,0.20518784492123307,-0.9253370804713322,1.0,0.6294,0.0702,170.46171230515
scv,0,2.7,2.78009325764397,0.22880894142613417,-0.033972865372975065,0.11331942472059559,0.20574914791822393,-0.9348842408989038,1.0,0.6832,0.0784,172.6271560383672
scv,0,2.8,2.78009325764397,0.2291774868422395,-0.043120944368870665,0.1091170132031607,0.20583940576848025,-0.9434022053503026,1.0,0.7308,0.086,173.9261696028455
scv,0,2.9,2.78009325764397,0.22887375205220384,-0.05202810160258858,0.10469076412636086,0.20545627524462795,-0.9509575134052637,1.0,0.7766,0.0948,172.85491065488867
scv,0,3.0,2.78009325764397,0.22787257151934082,-0.061318341995240735,0.09970640214683169,0.20459711207359033,-0.9576405324484024,1.0,0.813,0.1022,169.36848928260025
scv,0,3.1,2.78009325764397,0.22619216103118178,-0.07086973947488362,0.09371550786634464,0.20325785313874475,-0.9634435566064914,1.0,0.8448,0.1104,163.6678575151243
scv,0,3.2,2.78009325764397,0.2239107467237501,-0.08107089292665928,0.08776654146661678,0.2014358243825813,-0.96861691342173,1.0,0.878,0.1192,156.22254363148113
scv,0,3.3,2.78009325764397,0.22116641472025567,-0.0928437508086876,0.08106485600264152,0.1991272787394093,-0.9733880903047695,1.0,0.8982,0.1298,147.6968973195706
scv,0,3.4,2.78009325764397,0.21778908944384257,-0.10396989616146277,0.07402676172889572,0.19632794501636405,-0.9773384160808352,1.0,0.917,0.143,137.81674387480422
scv,0,3.5,2.78009325764397,0.21368697225742772,-0.11543958217278744,0.0659436331916608,0.19303389883301628,-0.9807570566791224,1.0,0.934,0.1554,126.66810370825525
scv,0,3.6,2.78009325764397,0.20904464226254582,-0.1275354482550961,0.05795698473588767,0.18924184641896458,-0.9836619426254942,1.0,0.9488,0.168,115.09554211435345
scv,0,3.7,2.78009325764397,0.2038266147238903,-0.13954010304896905,0.04912725453243072,0.18494566005182772,-0.9862403345073407,1.0,0.96,0.1818,103.29958007450495
scv,0,3.8,2.78009325764397,0.1979976483047613,-0.15181111269911313,0.03944387515556691,0.1801409697203893,-0.988543853832252,1.0,0.968,0.197,91.49564685907052
scv,0,3.9,2.78009325764397,0.1917541671817733,-0.16457082570495177,0.030052419372439576,0.17482290699189343,-0.9906172036975673,1.0,0.9762,0.2108,80.29102383136046
scv,0,4.0,2.78009325764397,0.18452089236423097,-0.17812852846943145,0.019525305188425657,0.16898466505153967,-0.9921681010453416,1.0,0.9816,0.223,68.95539656851557
scv,5,0.1,2.644666618808712,0.04379548897227059,0.034609732739434775,0.03990777793319211,0.04278570352770822,-0.05011500364446353,0.0,0.0,0.0,2.9200170704377437
scv,5,0.2,2.644666618808712,0.055222795855834894,0.03745183145912724,0.04777390282927013,0.0537216480862686,-0.11265934728735194,0.0,0.0,0.0,3.833576342821133
scv,5,0.3,2.644666618808712,0.06634294913210204,0.03969915818096703,0.05518079168449341,0.06423531817778197,-0.1774630570177041,0.0,0.0,0.0,4.982215883283775
scv,5,0.4,2.644666618808712,0.0771951306347195,0.04147788316304846,0.06223211299504183,0.07432521829292205,-0.2413038540236514,0.0046,0.0,0.0,6.417406386907276
scv,5,0.5,2.644666618808712,0.08751463680826743,0.042827857803084436,0.06873196458978947,0.08399098453058532,-0.3025382139492298,0.0296,0.0,0.0002,8.14475026150212
scv,5,0.6,2.644666618808712,0.09760467587159105,0.043690939696966004,0.07474882248796089,0.09323226724658124,-0.36010196992848803,0.0924,0.0,0.0014,10.260032283259378
scv,5,0.7,2.644666618808712,0.10729190357838003,0.0439574472862184,0.08051415871797962,0.10204759086625088,-0.4144743495633436,0.2148,0.0,0.0036,12.780654956693716
scv,5,0.8,2.644666618808712,0.11655651076965579,0.043923934343606245,0.08572444720954758,0.11043681334775096,-0.46492350328556104,0.3756,0.0,0.0048,15.74047044930132
scv,5,0.9,2.644666618808712,0.12555203485832445,0.04339519126520707,0.09053438377101514,0.11839859261854986,-0.5122174008409455,0.5474,0.0004,0.0066,19.237093007869866
scv,5,1.0,2.644666618808712,0.13409865852507685,0.04222601342292277,0.09482066925152871,0.12593141549320383,-0.556340573687763,0.6928,0.0032,0.0094,23.241864541455186
scv,5,1.1,2.644666618808712,0.1421688381209666,0.04064345346693051,0.0987559944310391,0.13303501497914147,-0.5981301207076076,0.811,0.008,0.0132,27.749663237734985
scv,5,1.2,2.644666618808712,0.1496299676910149,0.03873964502411207,0.10207288112593071,0.13970780522640294,-0.6363045895936033,0.8896,0.0146,0.0158,32.65517126198482
scv,5,1.3,2.644666618808712,0.15682498062983752,0.035946178521536,0.10501869857357748,0.14594899822504215,-0.6712681355125217,0.939,0.0274,0.0176,38.16730175975596
scv,5,1.4,2.644666618808712,0.16343476651058197,0.03285720966338109,0.10743210999868896,0.15175631284915078,-0.7034784391705969,0.969,0.0434,0.0214,44.010019518062116
scv,5,1.5,2.644666618808712,0.16942535659838986,0.029376346965629397,0.10933907198740755,0.1571289401307595,-0.7328937076747085,0.9862,0.0702,0.0232,50.03946972197548
scv,5,1.6,2.644666618808712,0.17512322046800355,0.025475415707844784,0.11068785163832301,0.16206558636812451,-0.7600651872438433,0.994,0.098,0.027,56.50478160256132
scv,5,1.7,2.644666618808712,0.18036396395526255,0.020851141063413636,0.11184673868272466,0.1665643905711992,-0.785441652632937,0.9966,0.1362,0.0306,63.15366459772768
scv,5,1.8,2.644666618808712,0.18524999463432845,0.016357540654034452,0.11197974649213038,0.17062383589916327,-0.8083348127374725,0.9986,0.1848,0.0368,70.02434488275463
scv,5,1.9,2.644666618808712,0.18954280768956355,0.011373842307982223,0.11212893663903745,0.17424216878419452,-0.8291493800333342,0.9998,0.2444,0.0402,76.64820557093724
scv,5,2.0,2.644666618808712,0.1932315473362789,0.005488799379925905,0.11118415425901318,0.17741662563701446,-0.8486812124520634,1.0,0.2976,0.0454,82.81675617391858
scv,5,2.1,2.644666618808712,0.19656368421579595,-0.0009283844527704754,0.10995182069842102,0.18014665116823037,-0.8665908294210241,1.0,0.3618,0.051,88.79643024955291
scv,5,2.2,2.644666618808712,0.1992262300213018,-0.007820277801682544,0.10846497752194745,0.18242823409970296,-0.8820172663639387,1.0,0.4204,0.0602,93.87026001042213
scv,5,2.3,2.644666618808712,0.2014118368456227,-0.014992836666462115,0.10659209231743555,0.18426253696600203,-0.8959965497173883,1.0,0.4826,0.0674,98.24213838626788
scv,5,2.4,2.644666618808712,0.20284364665340682,-0.022702101475969225,0.10439013692685745,0.18564414925842404,-0.9088812593393856,1.0,0.5448,0.0754,101.21140943451306
scv,5,2.5,2.644666618808712,0.20365986694312177,-0.030641178164264826,0.1009969923782284,0.18657144121719138,-0.9204971557315449,1.0,0.6034,0.0822,102.94258609481983
scv,5,2.6,2.644666618808712,0.2043191026278659,-0.039663264263081574,0.09741174690300791,0.18704194755742873,-0.930734676621958,1.0,0.6552,0.0906,104.36127996360219
scv,5,2.7,2.644666618808712,0.20437099436051565,-0.04868905484253855,0.09326171377288095,0.18705355358689615,-0.9398821771176886,1.0,0.7074,0.099,104.47375169551125
scv,5,2.8,2.644666618808712,0.20372945924683883,-0.058077881081124105,0.0891495485695174,0.18660240251804971,-0.9477884256596673,1.0,0.755,0.1092,103.09136575891876
scv,5,2.9,2.644666618808712,0.20263989199730803,-0.06820263782842685,0.08399848065508964,0.18568595270963484,-0.9549473763715346,1.0,0.795,0.1182,100.78377477583577
scv,5,3.0,2.644666618808712,0.20166786374648182,-0.07813695731779924,0.07904589821618002,0.18430137526418186,-0.9613449215356022,1.0,0.8302,0.1278,98.76686485958129
scv,5,3.1,2.644666618808712,0.19942432743471294,-0.0885518746902231,0.07335991763092109,0.18244444213207742,-0.9668259001260153,1.0,0.8652,0.137,94.25869271135613
scv,5,3.2,2.644666618808712,0.19642776892914615,-0.09943087771555964,0.06730201613640496,0.18011229939911963,-0.9718261809599786,1.0,0.8902,0.1476,88.54461020795245
scv,5,3.3,2.644666618808712,0.19275978087499512,-0.11059609841104408,0.060457166772716175,0.17730105872679236,-0.9759930110793134,1.0,0.9086,0.1598,82.00204818622781
scv,5,3.4,2.644666618808712,0.18916855757935824,-0.12301429544416863,0.053052085680466377,0.1740062886946745,-0.979748409625737,1.0,0.9316,0.1722,76.04803182573653
scv,5,3.5,2.644666618808712,0.18444525776255738,-0.13436208267517813,0.04510512827844554,0.17022393121475354,-0.9828492912997706,1.0,0.9474,0.1878,68.8454147186832
scv,5,3.6,2.644666618808712,0.17961495500534752,-0.14633482896667308,0.03665611761191051,0.16595055906936299,-0.9854928869084556,1.0,0.9586,0.1984,62.15942927370614
scv,5,3.7,2.644666618808712,0.17390570945417605,-0.15813551639037848,0.027249776492443645,0.1611799191064806,-0.9879751339583771,1.0,0.9654,0.2098,55.059297974514955
scv,5,3.8,2.644666618808712,0.1679608401047431,-0.17143871423987384,0.018526848945353835,0.15590752801062033,-0.9900731888499393,1.0,0.9732,0.2266,48.49612621365384
scv,5,3.9,2.644666618808712,0.16140524914587273,-0.18472843824585686,0.008420950940677407,0.15012840307089267,-0.9918539877320485,1.0,0.9822,0.239,42.13030957844593
scv,5,4.0,2.644666618808712,0.15397568882943924,-0.1983615459743687,-0.0016425651826657006,0.14383563686458367,-0.9933053215972336,1.0,0.9874,0.2522,35.88529994771382
scv,10,0.1,2.5550794400271895,0.04307141343612775,0.033697502559417045,0.03927968790289038,0.04210775297176335,-0.0515456562786093,0.0,0.0,0.0,2.8697963637460804
scv,10,0.2,2.5550794400271895,0.05386411505591182,0.0356495582500319,0.046399684066278646,0.05238833736939065,-0.11561179554453027,0.0,0.0,0.0,3.712063676793091
scv,10,0.3,2.5550794400271895,0.06426822252992126,0.03690108775629526,0.05310580115062219,0.06225126298068286,-0.18216136147826073,0.0,0.0,0.0,4.745449694504528
scv,10,0.4,2.5550794400271895,0.07421810519429095,0.037334301149565596,0.05956022030313185,0.07169492949710615,-0.24715478851939882,0.0048,0.0,0.001,5.988413022263673
scv,10,0.5,2.5550794400271895,0.08399910048912129,0.037913335417656624,0.06540503825916127,0.0807188430826328,-0.31003748141518006,0.0328,0.0,0.0014,7.511438579064191
scv,10,0.6,2.5550794400271895,0.09334946833885494,0.03759348627085088,0.07084823568568671,0.0893225519001593,-0.3687446860812176,0.1134,0.0,0.0028,9.310541805198003
scv,10,0.7,2.5550794400271895,0.1024631374446966,0.0366613594878626,0.07581225741989561,0.09750448120425569,-0.424053260740787,0.2468,0.0,0.0042,11.457818196501826
scv,10,0.8,2.5550794400271895,0.11119680545343558,0.03571455049523468,0.08037519759296363,0.1052643797266622,-0.47606861726051847,0.419,0.0004,0.0068,13.956438491571184
scv,10,0.9,2.5550794400271895,0.11944778286463698,0.034141439852186185,0.08446679917896521,0.1126007996534721,-0.5237511430493833,0.5802,0.0012,0.0086,16.791752644266765
scv,10,1.0,2.5550794400271895,0.12717748658655992,0.032000412675580674,0.08808480866308205,0.11951214976267056,-0.5683342360049854,0.7218,0.0034,0.0122,19.94378817481702
scv,10,1.1,2.5550794400271895,0.1346200372802555,0.029601096218214832,0.09123471726578503,0.1259980500188675,-0.6086574368434012,0.8338,0.0092,0.0148,23.510471455140348
scv,10,1.2,2.5550794400271895,0.14166525785902317,0.02669969162427597,0.09387729202574047,0.13205682919793393,-0.6473401985692813,0.9002,0.017,0.0176,27.445404156377215
scv,10,1.3,2.5550794400271895,0.14806789749074434,0.02346982598574098,0.09605681235602959,0.13768760282175277,-0.6828667895850558,0.9472,0.0326,0.0242,31.563816449492425
scv,10,1.4,2.5550794400271895,0.154164528807071,0.019817217111562632,0.09776108192227362,0.14288801999111506,-0.7158998257354262,0.974,0.0524,0.028,36.03239233634268
scv,10,1.5,2.5550794400271895,0.15985419967971148,0.015770313238905567,0.0988772471853489,0.14765717148087976,-0.745709331599073,0.9864,0.0836,0.035,40.74600310157196
scv,10,1.6,2.5550794400271895,0.16494094832456996,0.01129833703644273,0.09962975825753612,0.15199369299020812,-0.772866614112577,0.9944,0.1212,0.04,45.45671340719642
scv,10,1.7,2.5550794400271895,0.16960640211132505,0.0061802755848369174,0.0997927229263269,0.15589562931286785,-0.7969873457544928,0.9968,0.1662,0.0452,50.23353049567515
scv,10,1.8,2.5550794400271895,0.17362016144279002,0.000309723009327102,0.0995821866883757,0.15936140272219756,-0.8198819398256929,0.999,0.2184,0.0496,54.725413047018215
scv,10,1.9,2.5550794400271895,0.17719978119061142,-0.005577523282873778,0.09853634636184799,0.16238916569300826,-0.8399524691050771,1.0,0.2768,0.0552,59.054700358794065
scv,10,2.0,2.5550794400271895,0.18012245728390197,-0.011796721081514921,0.09741518394688126,0.1649761011695977,-0.8588162868774711,1.0,0.3398,0.0616,62.8314777228141
scv,10,2.1,2.5550794400271895,0.18271270347641466,-0.01839114138979623,0.09547466184794867,0.16712155819161453,-0.8757502077853674,1.0,0.4008,0.0678,66.37148807450198
scv,10,2.2,2.5550794400271895,0.18506736318245798,-0.025416733610913903,0.09372364438229341,0.1688214723199507,-0.8912728137469881,1.0,0.461,0.0756,69.75510729543878
scv,10,2.3,2.5550794400271895,0.18686392011672248,-0.03317034750731258,0.09111620390491626,0.1700769286436769,-0.9049023328023187,1.0,0.523,0.0838,72.44746987798713
scv,10,2.4,2.5550794400271895,0.18797819460870802,-0.04161881072962232,0.08774978844375259,0.17088245103316652,-0.917105623186245,1.0,0.5806,0.0918,74.16725099859644
scv,10,2.5,2.5550794400271895,0.1883720713674728,-0.05148256632923893,0.0838395809131095,0.1712363479046016,-0.9279978981476551,1.0,0.6346,0.0998,74.78455400891217
scv,10,2.6,2.5550794400271895,0.18844770195742233,-0.06011067291565822,0.07965647706919649,0.17113608712543868,-0.937504379722051,1.0,0.6872,0.1098,74.90369312881748
scv,10,2.7,2.5550794400271895,0.18797208041429603,-0.06878078587715401,0.07506529772680459,0.1705794945431975,-0.946210381024829,1.0,0.7332,0.119,74.15763703144549
scv,10,2.8,2.5550794400271895,0.1867655836515023,-0.07822330430292662,0.07010675652046405,0.1695626503042661,-0.9535873261970714,1.0,0.7768,0.13,72.29823045544627
scv,10,2.9,2.5550794400271895,0.18504085847543172,-0.0877000803111173,0.06443833967426488,0.1680829547252431,-0.9602059992093962,1.0,0.819,0.1412,69.71618578572375
scv,10,3.0,2.5550794400271895,0.18312329939089045,-0.0977307643141062,0.057769875623552014,0.1661375229200297,-0.9660404321222589,1.0,0.8558,0.1518,66.949956454126
scv,10,3.1,2.5550794400271895,0.18028568227427044,-0.10827313962289872,0.051008129166308314,0.16372207374743575,-0.9711439863395541,1.0,0.883,0.1616,63.04905831091762
scv,10,3.2,2.5550794400271895,0.1762133180833959,-0.11994124980415367,0.043593926725858156,0.160833689475548,-0.9754610248402231,1.0,0.9076,0.1722,57.83002994574847
scv,10,3.3,2.5550794400271895,0.17237579853486373,-0.13145695509703081,0.035449393496557624,0.15746844137416052,-0.9793303422208127,1.0,0.9242,0.1874,53.293117452665
scv,10,3.4,2.5550794400271895,0.16817896681130173,-0.14336319107654377,0.02667933231281222,0.1536218471410991,-0.9825901431707552,1.0,0.939,0.2038,48.72306343716447
scv,10,3.5,2.5550794400271895,0.16319080197018887,-0.15510055392042824,0.01834690655674287,0.14928979175540788,-0.9854002345029198,1.0,0.951,0.2212,43.77986889061768
scv,10,3.6,2.5550794400271895,0.15798296366621611,-0.168231027052101,0.008861179856284207,0.14446881234206632,-0.9878150457295323,1.0,0.9618,0.236,39.13404036771654
scv,10,3.7,2.5550794400271895,0.15248884846190947,-0.1812492480052191,1.3226696580548314e-05,0.13915260608426544,-0.9899073940128478,1.0,0.9706,0.25,34.74710343330819
scv,10,3.8,2.5550794400271895,0.14593591359227853,-0.19444448011621712,-0.009861708206305525,0.13333664903296122,-0.9917812687377998,1.0,0.978,0.2626,30.13063940017242
scv,10,3.9,2.5550794400271895,0.13816054604841177,-0.2074141706853537,-0.020315201117299952,0.12701592441985574,-0.9933127151425143,1.0,0.9814,0.276,25.414980440668614
scv,10,4.0,2.5550794400271895,0.13041065146674535,-0.2214298534593722,-0.030291501559378653,0.12018348620193141,-0.9945720416178152,1.0,0.987,0.2898,21.424593048948367
scv,20,0.1,2.397925066647456,0.042221074623307486,0.03288489619490205,0.03840631042522008,0.04133551271247409,-0.054170355523852465,0.0,0.0,0.0,2.8118766695541986
scv,20,0.2,2.397925066647456,0.05222884075256384,0.034190370886061396,0.04460669013652585,0.050833063117720644,-0.1203899754204969,0.0,0.0,0.0,3.5707137221184917
scv,20,0.3,2.397925066647456,0.06185894410152715,0.03436025730058097,0.0504637159136741,0.05992009186365084,-0.18891031823474863,0.0,0.0,0.0,4.4840531632836775
scv,20,0.4,2.397925066647456,0.07104325335341666,0.034369105103262666,0.05594088857930246,0.06859488898200607,-0.2560148390130368,0.0064,0.0,0.0008,5.561286439755742
scv,20,0.5,2.397925066647456,0.07999224723642906,0.033824285180851434,0.06092175664096888,0.07685683658555616,-0.32008344737627475,0.0434,0.0,0.0018,6.847246317129995
scv,20,0.6,2.397925066647456,0.08838202359527747,0.032806617540396966,0.06550547132371293,0.08470538000242397,-0.38120459212346164,0.1442,0.0,0.0032,8.308717711800082
scv,20,0.7,2.397925066647456,0.0964809999699725,0.031364642073607965,0.06961377966701576,0.09213882317723193,-0.4373348076614087,0.2934,0.0,0.005,10.000639888769001
scv,20,0.8,2.397925066647456,0.1042468618370499,0.02939904244222621,0.07324147607112796,0.09915680016750811,-0.4904702338515863,0.469,0.0,0.0078,11.930381908794052
scv,20,0.9,2.397925066647456,0.11159087433626491,0.026903847944468116,0.07636771550767829,0.10575778059506687,-0.539355197694803,0.6276,0.0016,0.012,14.08070242200428
scv,20,1.0,2.397925066647456,0.11850475605766897,0.024070366392085065,0.07913576116511972,0.11194003286027777,-0.58421270366188,0.7668,0.0046,0.0168,16.441668140593997
scv,20,1.1,2.397925066647456,0.1249535042721952,0.020889791660137505,0.08157357140364302,0.11770309811006166,-0.6268632999070307,0.8598,0.0108,0.0202,18.982977158907325
scv,20,1.2,2.397925066647456,0.13103300954905162,0.017178340479311317,0.08331985748492304,0.12304519820710347,-0.6648140713660566,0.9186,0.0234,0.0256,21.72110941509741
scv,20,1.3,2.397925066647456,0.13658835224807786,0.013040184898624031,0.08482780709073962,0.12796534788972236,-0.6999753369024019,0.9536,0.0428,0.0324,24.551615796390955
scv,20,1.4,2.397925066647456,0.14182933341957416,0.008752495259652564,0.08575912530596708,0.1324610945547642,-0.7323778501642304,0.9782,0.0714,0.0402,27.544183869284357
scv,20,1.5,2.397925066647456,0.14657644781045842,0.003663231559334158,0.08633114737813447,0.1365314459234559,-0.7617100406328543,0.9886,0.103,0.0466,30.554516939419152
scv,20,1.6,2.397925066647456,0.15088168105873845,-0.0023004578784116855,0.08650597259556331,0.14017492663871392,-0.7883240241683349,0.9944,0.1488,0.0524,33.555753657371746
scv,20,1.7,2.397925066647456,0.15452742071263004,-0.00849304772546358,0.08613362814657916,0.14338949743470256,-0.8127462567267427,0.9966,0.1976,0.0592,36.316781814552115
scv,20,1.8,2.397925066647456,0.15779236352920245,-0.014899508419504614,0.08489725709515394,0.14617348189437906,-0.8352451841436993,0.9986,0.2546,0.0664,38.97328554097719
scv,20,1.9,2.397925066647456,0.16073755595349948,-0.02161496799337989,0.08351797542721512,0.14852495571421506,-0.8548091926080613,0.9994,0.3186,0.073,41.52895631416535
scv,20,2.0,2.397925066647456,0.16295621575557928,-0.028750622478584353,0.08143019505998922,0.15044098856241,-0.8726324451633135,0.9996,0.3802,0.0798,43.55962749965039
scv,20,2.1,2.397925066647456,0.16466408495683293,-0.03627001831942123,0.07869161067682551,0.15192086239288247,-0.8882707439646896,0.9998,0.4508,0.0886,45.18737530285897
scv,20,2.2,2.397925066647456,0.16599835596208445,-0.044348096261885454,0.07560694467810525,0.15296040364495456,-0.902560895462845,1.0,0.5112,0.1016,46.499524757173376
scv,20,2.3,2.397925066647456,0.1668504071118706,-0.05283740933943473,0.07208034609980879,0.15356063259730734,-0.9155200864258796,1.0,0.568,0.1116,47.356496533915454
scv,20,2.4,2.397925066647456,0.16690814719538827,-0.06170856587756573,0.0686344441914773,0.15371596878368832,-0.9269108225288971,1.0,0.6282,0.1208,47.415128252629444
scv,20,2.5,2.397925066647456,0.16662871515942967,-0.07094899011542198,0.0644926880580255,0.15342464011446968,-0.9368339090527866,1.0,0.6804,0.13,47.132073782573364
scv,20,2.6,2.397925066647456,0.16627932504304266,-0.08049948373391662,0.05977136658850574,0.15268403053666924,-0.945476317653802,1.0,0.7258,0.1404,46.78045355319467
scv,20,2.7,2.397925066647456,0.1652685981080687,-0.09045141144456777,0.05438798995072852,0.15149186710327667,-0.953303025101229,1.0,0.7706,0.1514,45.77739586917005
scv,20,2.8,2.397925066647456,0.16346475521915171,-0.10022264447072736,0.048810707533502196,0.1498441499210389,-0.9602047515072717,1.0,0.8094,0.1642,44.03832661279415
scv,20,2.9,2.397925066647456,0.16130386109386818,-0.11097401674736851,0.04264961151231744,0.14773818949675668,-0.966211436924868,1.0,0.8408,0.176,42.0384572466393
scv,20,3.0,2.397925066647456,0.1587801080701714,-0.122310707937973,0.03590346319132742,0.14517101923758052,-0.9714335835316512,1.0,0.869,0.1904,39.81308595368078
scv,20,3.1,2.397925066647456,0.15546311297903714,-0.13370904366167718,0.028751360015397853,0.1421382558040292,-0.9760261111632217,1.0,0.8938,0.2022,37.05975622352895
scv,20,3.2,2.397925066647456,0.1519079483036765,-0.14520916435345277,0.020920796149874243,0.13863689939505092,-0.9799499755210482,1.0,0.9156,0.213,34.311885752764226
scv,20,3.3,2.397925066647456,0.14797670667237728,-0.15725797946073802,0.012726232633394119,0.13466292592172424,-0.9833588803652729,1.0,0.934,0.2262,31.501186556041127
scv,20,3.4,2.397925066647456,0.14274307057599056,-0.16958398490826992,0.0043855401890600665,0.1302117472222384,-0.986248940846373,1.0,0.9484,0.2406,28.100640170136685
scv,20,3.5,2.397925066647456,0.13729275198357793,-0.1821474376177776,-0.004289663059596938,0.12527916846665074,-0.9886332301186578,1.0,0.9574,0.2562,24.934852165612874
scv,20,3.6,2.397925066647456,0.13119846143301528,-0.19457006077668976,-0.013071171147924776,0.11986160904277611,-0.9906892527140021,1.0,0.9666,0.2722,21.800685246556988
scv,20,3.7,2.397925066647456,0.12418016907807206,-0.20670957831014475,-0.02249963194565796,0.11395266483738065,-0.9923475496257237,1.0,0.9736,0.2868,18.65943270068238
scv,20,3.8,2.397925066647456,0.11655901831177018,-0.21946285221393297,-0.03284512563438663,0.10754770520227266,-0.9937819302186008,1.0,0.9784,0.3036,15.741355183567123
scv,20,3.9,2.397925066647456,0.10870908395463297,-0.23220362293068522,-0.043569610651566254,0.10064158571269408,-0.9949771849273503,1.0,0.985,0.3224,13.195934342195223
scv,20,4.0,2.397925066647456,0.10117258260090023,-0.24632179877181914,-0.05448074480423673,0.09322723590294531,-0.9959769239904657,1.0,0.989,0.337,11.127172002750482
scv,50,0.1,1.9623230722507539,0.03991154648738637,0.030205561689688142,0.03595621341441879,0.039048295829668234,-0.05851101788121271,0.0,0.0,0.0,2.660173781808116
scv,50,0.2,1.9623230722507539,0.047472877431034455,0.028532546094169043,0.03993853931795094,0.0462858254411133,-0.13088117958964435,0.0,0.0,0.0,3.1883769538085263
scv,50,0.3,1.9623230722507539,0.05478077101110346,0.02601252062508641,0.04342127755777925,0.053128004777410365,-0.2055489316690055,0.0008,0.0,0.0004,3.7936311058342196
scv,50,0.4,1.9623230722507539,0.0616217521853194,0.023255786141290837,0.046415674886433944,0.059572879181236126,-0.27802487122005476,0.021,0.0,0.0026,4.459079569955883
scv,50,0.5,1.9623230722507539,0.06808258398881795,0.019980043527783365,0.04903822067956781,0.06561961225884111,-0.3464491636809168,0.0934,0.0,0.0078,5.189444124367254
scv,50,0.6,1.9623230722507539,0.07421554060608437,0.016373717418635792,0.05118890202006937,0.0712674276471224,-0.4101482971348553,0.229,0.0,0.016,5.988055016804568
scv,50,0.7,1.9623230722507539,0.07999269192700631,0.012248639528059924,0.0530395737640858,0.07651440570809727,-0.4691776995093739,0.4004,0.0002,0.0216,6.847316802279561
scv,50,0.8,1.9623230722507539,0.08533656334310091,0.007858175023685743,0.05429265799389427,0.08135996805242408,-0.5235196861866036,0.5826,0.0012,0.0324,7.746595604249162
scv,50,0.9,1.9623230722507539,0.09008850111363931,0.0030612266932838923,0.05508386658689146,0.08580237035682037,-0.573592440180174,0.7244,0.008,0.0434,8.640601225155311
scv,50,1.0,1.9623230722507539,0.09453216875157844,-0.0021346549254612312,0.05545999581543459,0.0898396761793996,-0.6202074387020418,0.8314,0.0164,0.0542,9.56562290766726
scv,50,1.1,1.9623230722507539,0.09849357519339341,-0.007733356227110484,0.055338447863457485,0.09347122064629756,-0.6626273816724872,0.903,0.0312,0.0636,10.469795590845589
scv,50,1.2,1.9623230722507539,0.10204767710666696,-0.013858713899339641,0.0547922273360143,0.09669503346447186,-0.7010708614928479,0.9496,0.0536,0.074,11.350361554103742
scv,50,1.3,1.9623230722507539,0.10503122988422031,-0.020346131747569666,0.05396363568555035,0.09950994029433931,-0.735522213914708,0.9738,0.0892,0.0836,12.144057562331255
scv,50,1.4,1.9623230722507539,0.10786486280354834,-0.026972583655175346,0.052739877803870516,0.10191328272453032,-0.7669958975198032,0.9884,0.1376,0.0962,12.947033612373964
scv,50,1.5,1.9623230722507539,0.11004559965756777,-0.034040859204321046,0.0511239358647822,0.10390388110550981,-0.7954307176056403,0.9944,0.1892,0.1048,13.599423651664187
scv,50,1.6,1.9623230722507539,0.11184412293928991,-0.04168043777359363,0.048862021412828194,0.10548008681155303,-0.8205938771232203,0.9974,0.2452,0.1174,14.161121582608917
scv,50,1.7,1.9623230722507539,0.11328324059796646,-0.04986262797366078,0.04630522600053494,0.10663967298179582,-0.8435825489640201,0.9984,0.3064,0.1292,14.626549501298088
scv,50,1.8,1.9623230722507539,0.11404033414407722,-0.058118065711849215,0.04326259909546387,0.10738079529735177,-0.8639009772889354,0.9996,0.3648,0.1414,14.877259154858539
scv,50,1.9,1.9623230722507539,0.11447090197152798,-0.06685320368488193,0.03967264162766232,0.10770134010346752,-0.8818565013200836,0.9998,0.427,0.152,15.02167449532175
scv,50,2.0,1.9623230722507539,0.1144311362157594,-0.07600490735771212,0.03574955902898347,0.10759821089788188,-0.898136174289465,0.9998,0.4914,0.1628,15.008284768038543
scv,50,2.1,1.9623230722507539,0.11424554756924998,-0.08562756369562519,0.031235076281568463,0.10707052188312556,-0.9125660470850732,1.0,0.5512,0.1792,14.945921479561266
scv,50,2.2,1.9623230722507539,0.11337847413811297,-0.09559593540227997,0.02621177244334494,0.1061139313617701,-0.9250335486408943,1.0,0.6088,0.1906,14.657858147812032
scv,50,2.3,1.9623230722507539,0.11213687034919895,-0.10571577944164294,0.02114597585592981,0.10472930631101006,-0.9358363643125565,1.0,0.6662,0.2054,14.254631036359207
scv,50,2.4,1.9623230722507539,0.11052619108572836,-0.11616825113475673,0.015689226487887564,0.10291089238305952,-0.9454327123588826,1.0,0.7106,0.2216,13.747388403965486
scv,50,2.5,1.9623230722507539,0.1080742440770015,-0.1268988655958482,0.009693431647295192,0.10065676658063653,-0.9538129106799762,1.0,0.7618,0.2336,13.00832888107988
scv,50,2.6,1.9623230722507539,0.10540132460739426,-0.1376604188340386,0.0037115525069567057,0.09796416323528469,-0.9613120568495637,1.0,0.8002,0.2456,12.246150885322853
scv,50,2.7,1.9623230722507539,0.10226536481566817,-0.14905922699326213,-0.0034483315729279818,0.09483064355210334,-0.9676723872364805,1.0,0.8368,0.257,11.406543163818865
scv,50,2.8,1.9623230722507539,0.09884459564447068,-0.16025129965360305,-0.011110420024037893,0.0912520675125145,-0.9729438218937223,1.0,0.8634,0.2718,10.553752894060715
scv,50,2.9,1.9623230722507539,0.09455732017485696,-0.17264320097132532,-0.018909008655916826,0.08722559279812557,-0.9775321031726212,1.0,0.8912,0.287,9.571119783280217
scv,50,3.0,1.9623230722507539,0.08966862682113141,-0.18494267604439746,-0.027008938118192605,0.08274811330488925,-0.9815090464909391,1.0,0.9142,0.3024,8.55778830928034
scv,50,3.1,1.9623230722507539,0.08493980251366129,-0.19728970979642313,-0.035519611074745966,0.07781509739954945,-0.9847764643830783,1.0,0.9312,0.3192,7.676134638290884
scv,50,3.2,1.9623230722507539,0.07947013350851773,-0.2105552141315589,-0.04483970028076367,0.07242340152774043,-0.9876356027242318,1.0,0.945,0.3362,6.764968707215509
scv,50,3.3,1.9623230722507539,0.07323167704149436,-0.22352012726562703,-0.0542163515156209,0.06656886747649356,-0.9899663992825893,1.0,0.9582,0.3536,5.852471835627009
scv,50,3.4,1.9623230722507539,0.06636809631408103,-0.23670188035667636,-0.06379538035113028,0.06024676636569219,-0.9919435183714889,1.0,0.9668,0.3724,4.985155438176395
scv,50,3.5,1.9623230722507539,0.059017810316300046,-0.2501550542653691,-0.07369014647723257,0.053452772884921146,-0.9934593821128985,1.0,0.9726,0.3884,4.193551227360349
scv,50,3.6,1.9623230722507539,0.05166082156392271,-0.2640712709655316,-0.08397218739634715,0.04618317714332805,-0.9948072720528016,1.0,0.98,0.4076,3.522836195009175
scv,50,3.7,1.9623230722507539,0.04400208914248949,-0.27804348878523377,-0.09483638695732327,0.03843143113952656,-0.9959033880753468,1.0,0.9856,0.4252,2.9345008002503423
scv,50,3.8,1.9623230722507539,0.03582057528151239,-0.29168325660151956,-0.10616607646060974,0.030192794548982334,-0.9967927592040815,1.0,0.9882,0.4406,2.410534810501745
scv,50,3.9,1.9623230722507539,0.02675188377484994,-0.30536831032052736,-0.11775593231913481,0.02146197099047263,-0.9975122886706641,1.0,0.9912,0.459,1.9348072856746503
scv,50,4.0,1.9623230722507539,0.01726614187030706,-0.31913284999970715,-0.12923444650352342,0.012231797543927593,-0.9980936936905549,1.0,0.9926,0.4738,1.534139453358594
scv,100,0.1,1.3095708562955046,0.03719771650860393,0.02711433480810569,0.03305680871675487,0.03638262578465394,-0.06388306957316525,0.0,0.0,0.0,2.4919469905325684
scv,100,0.2,1.3095708562955046,0.04199747041928126,0.02276721341243896,0.034113472069506046,0.04091611496527147,-0.14387232211489992,0.0,0.0,0.0,2.7968335232360846
scv,100,0.3,1.3095708562955046,0.046355261875726805,0.017588139572237028,0.034611010780405405,0.04507064388983467,-0.22651880402689506,0.0036,0.0,0.0042,3.1044101743603116
scv,100,0.4,1.3095708562955046,0.05034471236150195,0.012190742844908642,0.0345994417845204,0.04884406292790096,-0.3055028417457468,0.0476,0.0,0.0172,3.414258006409657
scv,100,0.5,1.3095708562955046,0.05396245156122603,0.006303977155980589,0.034352935813554364,0.052235352577574126,-0.3798970808749806,0.1696,0.0,0.0326,3.7207327308352633
scv,100,0.6,1.3095708562955046,0.05721897406734999,-5.242437133518496e-05,0.033653357161120334,0.05524355129404561,-0.4500349478648248,0.3484,0.0002,0.0502,4.019052968203502
scv,100,0.7,1.3095708562955046,0.06008231301105449,-0.006707040340721948,0.03247611193430372,0.05786655776294022,-0.5144000597415226,0.5412,0.002,0.0724,4.3002111009627715
scv,100,0.8,1.3095708562955046,0.06267838286694083,-0.01374583750990888,0.03092583142818317,0.0601036270298262,-0.5717730656017446,0.703,0.0068,0.0888,4.571367781199852
scv,100,0.9,1.3095708562955046,0.06480935932926701,-0.02105124243787964,0.02890741606864461,0.06195282899672374,-0.6228769084769782,0.8158,0.0206,0.1114,4.806141042137077
scv,100,1.0,1.3095708562955046,0.06656425969046065,-0.028863076210558652,0.026538121618335297,0.06341206263411477,-0.6705370279762889,0.8942,0.047,0.1312,5.008131079805725
scv,100,1.1,1.3095708562955046,0.06784953161982055,-0.037093992554578806,0.023781505194182595,0.06448049122217993,-0.7127370363183078,0.9398,0.078,0.1462,5.1612102424459545
scv,100,1.2,1.3095708562955046,0.06869741196508772,-0.04553512763165039,0.020636586934159762,0.06515598384938716,-0.7501461272745736,0.9698,0.1176,0.1656,5.264643213241833
scv,100,1.3,1.3095708562955046,0.06925683781238556,-0.05415139063040788,0.01706531107202308,0.06543720515094688,-0.7835552039371869,0.9848,0.1684,0.1832,5.33397450962528
scv,100,1.4,1.3095708562955046,0.06916305758730801,-0.06336177466096596,0.0131140088220692,0.06532132508116234,-0.8126367919788096,0.9932,0.2332,0.2026,5.322296777623482
scv,100,1.5,1.3095708562955046,0.06874397204612037,-0.07308352566921546,0.008688862338463055,0.06480702234299843,-0.838301508933416,0.9972,0.301,0.2218,5.270381148582816
scv,100,1.6,1.3095708562955046,0.06797538643977075,-0.08318375890648244,0.003932973876395185,0.0638924778778636,-0.8614431907861031,0.9988,0.3712,0.2374,5.176438920339443
scv,100,1.7,1.3095708562955046,0.06672802966226343,-0.09357363758255935,-0.0013039288530481974,0.06257533360166029,-0.8819761654833687,0.9994,0.4436,0.2536,5.027391104507161
scv,100,1.8,1.3095708562955046,0.06490041072471142,-0.10427426683824223,-0.00684549006956478,0.06085357058398727,-0.8996153984102162,0.9996,0.4988,0.269,4.816425683695572
scv,100,1.9,1.3095708562955046,0.06268456928239619,-0.11522194593190632,-0.012934565705447099,0.058724944573072146,-0.9155452016365271,0.9996,0.5664,0.2864,4.572034271523266
scv,100,2.0,1.3095708562955046,0.06015348691887612,-0.12650385841054412,-0.019192245243849687,0.056186204022645354,-0.9289220789775665,1.0,0.6304,0.3022,4.307437839914286
scv,100,2.1,1.3095708562955046,0.05714210412124998,-0.1380003908191957,-0.025992075205672677,0.05323632439074383,-0.9407315824183641,1.0,0.686,0.3198,4.0117543316820035
scv,100,2.2,1.3095708562955046,0.053711250587639925,-0.14959500259735992,-0.03350444066061736,0.049870815263521474,-0.9507270173536625,1.0,0.7338,0.3366,3.6986260769529604
scv,100,2.3,1.3095708562955046,0.0497823401374492,-0.16131811458105447,-0.04094318010754683,0.04609041442271177,-0.9590147202600308,1.0,0.775,0.3546,3.3688491626326296
scv,100,2.4,1.3095708562955046,0.04543363223650909,-0.1731864907029543,-0.049162208177408434,0.041889224392703574,-0.9664981639572819,1.0,0.8102,0.3708,3.036768516010005
scv,100,2.5,1.3095708562955046,0.04065565972100471,-0.18532383188031334,-0.05714001435413857,0.037265183901321434,-0.9725415634037868,1.0,0.8418,0.387,2.708172139029924
scv,100,2.6,1.3095708562955046,0.035651029157657055,-0.19776825127044645,-0.06579670532953288,0.03221540660026143,-0.977532117501434,1.0,0.8706,0.4028,2.4006898518772397
scv,100,2.7,1.3095708562955046,0.030542291342112837,-0.21032424826820728,-0.07474037904747277,0.026737297801944587,-0.9817080960313185,1.0,0.8956,0.4198,2.121512101998934
scv,100,2.8,1.3095708562955046,0.02457111493337083,-0.22305513676099717,-0.08398677883380126,0.020826614463713505,-0.9851675385200986,1.0,0.916,0.4404,1.834648141730428
scv,100,2.9,1.3095708562955046,0.018188560365436923,-0.23561608648500537,-0.0931769499591712,0.014480352913160157,-0.9880806703851724,1.0,0.9328,0.4582,1.5692977044307237
scv,100,3.0,1.3095708562955046,0.0114361743889424,-0.24838773758850993,-0.10271201385871087,0.007695307074612175,-0.9904140997737634,1.0,0.9484,0.4774,1.3288085861445103
scv,100,3.1,1.3095708562955046,0.004309539236358462,-0.2617165395746885,-0.11301217634480995,0.0004668027859551732,-0.9924796984789656,1.0,0.9594,0.4926,1.1135007001463912
scv,100,3.2,1.3095708562955046,-0.003217917393952441,-0.2753096042456042,-0.12323519861583754,-0.007208426536094714,-0.9941037650081683,1.0,0.9696,0.5054,0.922583508923007
scv,100,3.3,1.3095708562955046,-0.01091487332122254,-0.28877830317646824,-0.1339827691173175,-0.01533466136253417,-0.9953476286992264,1.0,0.9758,0.5208,0.7600496756959758
scv,100,3.4,1.3095708562955046,-0.019229676834242815,-0.30247238991932335,-0.1450824760434748,-0.023916754606306035,-0.9963899664087212,1.0,0.9812,0.5368,0.6154360139977315
scv,100,3.5,1.3095708562955046,-0.027836438018159215,-0.3158994330636312,-0.15622678630590678,-0.032959157977584065,-0.9971728210957087,1.0,0.9852,0.553,0.4937232168291701
scv,100,3.6,1.3095708562955046,-0.03701246886876064,-0.33000565878350335,-0.1675620897277286,-0.04246570001997707,-0.9978181419979344,1.0,0.989,0.5692,0.3895081932361321
scv,100,3.7,1.3095708562955046,-0.045939647166345576,-0.3438312565629523,-0.179317486735684,-0.05244306259330776,-0.9983453352643108,1.0,0.992,0.5878,0.3086002223300427
scv,100,3.8,1.3095708562955046,-0.055537722647277465,-0.35813033052393173,-0.1912803905588528,-0.06289609360852545,-0.9987457182097901,1.0,0.9946,0.6016,0.23967131083349785
scv,100,3.9,1.3095708562955046,-0.06548426647135341,-0.37220220851103014,-0.20360674413258334,-0.07383022950704225,-0.9990500467816709,1.0,0.9962,0.6168,0.1839358591702345
scv,100,4.0,1.3095708562955046,-0.07614130330229701,-0.3862850425379125,-0.21614594114318686,-0.08525274557039049,-0.9992972234373372,1.0,0.997,0.6288,0.13808274934844314
scv,200,0.1,0.09824432009253584,0.03252468366114469,0.021800305937482577,0.028340866647499408,0.03180235756537363,-0.07248763814511439,0.0,0.0,0.0,2.2259277761351353
scv,200,0.2,0.09824432009253584,0.03270454781715104,0.012097908493385257,0.0244559814889036,0.03164380726990251,-0.16559184182139852,0.0,0.0,0.0034,2.23564189883836
scv,200,0.3,0.09824432009253584,0.0323645902187345,0.0020112606102020486,0.02005791220996489,0.031126705736583733,-0.26346635412557123,0.018,0.0,0.0398,2.2173155314602635
scv,200,0.4,0.09824432009253584,0.03163072316641491,-0.008475104758058771,0.015206533388578636,0.03024866006644479,-0.3580011867018434,0.1462,0.0,0.0978,2.178244832742101
scv,200,0.5,0.09824432009253584,0.030509121285853702,-0.01945680226594802,0.010116979755650735,0.029008465200594354,-0.44566553665903474,0.351,0.0,0.1632,2.1198055385052115
scv,200,0.6,0.09824432009253584,0.029052224072380617,-0.030378708691691982,0.004695898704184964,0.027404937000700128,-0.5257694476196921,0.5698,0.0022,0.213,2.046140245908628
scv,200,0.7,0.09824432009253584,0.02717622976235945,-0.0416305728418517,-0.001126897743067734,0.025435805896530037,-0.5965088487599696,0.7464,0.0142,0.2586,1.954897678682841
scv,200,0.8,0.09824432009253584,0.02501590157973166,-0.053415135429158725,-0.007344358987514815,0.02310010936928379,-0.6587555617952849,0.8526,0.0418,0.296,1.8546632931980231
scv,200,0.9,0.09824432009253584,0.02249878921923043,-0.06546722722572751,-0.0139550949664774,0.02039573902559863,-0.7126888469300983,0.9224,0.0896,0.3334,1.7440947394236175
scv,200,1.0,0.09824432009253584,0.01970794293943323,-0.07740885984322665,-0.020773177963481188,0.01732038041680961,-0.758679327972728,0.961,0.1478,0.3676,1.6289023762427668
scv,200,1.1,0.09824432009253584,0.01643977185477652,-0.089696936434899,-0.027972504505682977,0.013873039580479125,-0.7991004819019942,0.9798,0.221,0.398,1.5032848146082585
scv,200,1.2,0.09824432009253584,0.012807473596797125,-0.10271173317565795,-0.035447869554561834,0.01005137838043812,-0.833173108774929,0.9922,0.2982,0.4218,1.3745885126715915
scv,200,1.3,0.09824432009253584,0.008936211060500021,-0.11533531199070385,-0.04341119724401013,0.005853891601544711,-0.8620462321578106,0.9958,0.3744,0.4498,1.249087196566561
scv,200,1.4,0.09824432009253584,0.004583043300205758,-0.12825912167079948,-0.05169185182725794,0.001277555836830696,-0.8868551341514482,0.998,0.4602,0.4758,1.121104597844407
scv,200,1.5,0.09824432009253584,-0.00018084437364962458,-0.14153600199291128,-0.0603617201498787,-0.0036791181171079135,-0.9079036495957831,0.999,0.531,0.5008,0.9954911694009296
scv,200,1.6,0.09824432009253584,-0.0053254454587741695,-0.15459284067295773,-0.06908967744040673,-0.009018128016253752,-0.9254639314546154,0.9996,0.5986,0.522,0.8750345702642306
scv,200,1.7,0.09824432009253584,-0.010673290156602622,-0.16812674667808286,-0.07807938464868641,-0.014742019044259503,-0.9400709462917411,1.0,0.6626,0.545,0.7647051009864898
scv,200,1.8,0.09824432009253584,-0.01634459821657236,-0.18159353258865277,-0.0872807290111616,-0.020852942751921354,-0.9520424928238195,1.0,0.7214,0.5648,0.6623301618656294
scv,200,1.9,0.09824432009253584,-0.022344432588955798,-0.195314712565055,-0.0968318335814014,-0.027353347739139323,-0.9619438024147451,1.0,0.773,0.5826,0.5683909442338033
scv,200,2.0,0.09824432009253584,-0.028642010963469744,-0.20929444966246774,-0.10674164426647528,-0.03424664805686818,-0.9696936974722543,1.0,0.818,0.6012,0.48359668176925763
scv,200,2.1,0.09824432009253584,-0.03550260401570016,-0.2237256933363574,-0.11688037430875609,-0.04153400842224853,-0.9762796674810397,1.0,0.8512,0.6182,0.40506667289132836
scv,200,2.2,0.09824432009253584,-0.04242594495380392,-0.2382940998967978,-0.12717460881309173,-0.04922010347009168,-0.981496034506917,1.0,0.8812,0.638,0.3383058807720642
scv,200,2.3,0.09824432009253584,-0.04962042638548103,-0.25270090702183384,-0.13767587324761568,-0.057304336013977136,-0.9857064712671635,1.0,0.9042,0.6558,0.28017394237894166
scv,200,2.4,0.09824432009253584,-0.0572017118300599,-0.2668694898855019,-0.14845274964348484,-0.06579277348889429,-0.9888695831862133,1.0,0.9266,0.6692,0.22933464277360094
scv,200,2.5,0.09824432009253584,-0.06552512516059644,-0.28131925964241195,-0.15950912001920423,-0.07468761841151837,-0.9915260273880755,1.0,0.9436,0.6866,0.18373451045786643
scv,200,2.6,0.09824432009253584,-0.07383120924220354,-0.29549281658188725,-0.17100183073407493,-0.08399190330836408,-0.99355595221046,1.0,0.9544,0.7,0.14697843202898064
scv,200,2.7,0.09824432009253584,-0.0827092358571836,-0.31023867549604167,-0.18266845992709757,-0.09370840030012965,-0.9951427843998688,1.0,0.9646,0.7108,0.11552489053343523
scv,200,2.8,0.09824432009253584,-0.09190843728738579,-0.3250146019030492,-0.19470724180232352,-0.103841452449,-0.9963990261900453,1.0,0.9722,0.7274,0.08979270738458697
scv,200,2.9,0.09824432009253584,-0.10105181131067364,-0.33924206743333457,-0.2067012376315326,-0.11439424653002277,-0.9973537342680878,1.0,0.9788,0.741,0.06972169529378594
scv,200,3.0,0.09824432009253584,-0.11076772878108315,-0.35333293705615837,-0.21865721960008555,-0.1253700960720433,-0.9980641438928435,1.0,0.9834,0.755,0.05313513178131599
scv,200,3.1,0.09824432009253584,-0.12027920425898786,-0.3683807035742976,-0.23109124664566483,-0.13677382516777226,-0.9985956535150515,1.0,0.989,0.7658,0.040608957883203727
scv,200,3.2,0.09824432009253584,-0.1304423672962417,-0.3835025121096809,-0.2432587625615661,-0.14860882059421546,-0.9989900240113654,1.0,0.9904,0.7762,0.030371129122501436
scv,200,3.3,0.09824432009253584,-0.1406431325356184,-0.39804896061446116,-0.2555404363371162,-0.16087950143632074,-0.999283075942008,1.0,0.9924,0.7872,0.02261200839246023
scv,200,3.4,0.09824432009253584,-0.15110756826709187,-0.41221274895689375,-0.26840048508145975,-0.1735908407386276,-0.9995017724762052,1.0,0.9944,0.7986,0.016646306786583066
scv,200,3.5,0.09824432009253584,-0.16207568713433768,-0.42653315497079125,-0.28128280698301855,-0.18674739283936698,-0.9996511243945935,1.0,0.996,0.8112,0.01202596123370659
scv,200,3.6,0.09824432009253584,-0.17324774331915888,-0.4408885553928106,-0.294002272675395,-0.20035311736236477,-0.9997561078327384,1.0,0.9974,0.8214,0.008597758812390707
scv,200,3.7,0.09824432009253584,-0.18437541352309617,-0.4547941494104574,-0.30691479338120464,-0.21441480835424986,-0.9998320191446795,1.0,0.9988,0.8294,0.006127141577546302
scv,200,3.8,0.09824432009253584,-0.1959370174197605,-0.46884531125752943,-0.32042031176441804,-0.22893738738401345,-0.9998839817971176,1.0,0.9988,0.8376,0.0042879707057172575
scv,200,3.9,0.09824432009253584,-0.20755023469165984,-0.4831685530982426,-0.3338405210629256,-0.24392640770257681,-0.9999224574472532,1.0,0.999,0.8478,0.0029805302142367008
scv,200,4.0,0.09824432009253584,-0.21925092645787592,-0.4972818574335224,-0.34742116788675287,-0.2593892136194743,-0.9999481719729773,1.0,0.9992,0.857,0.002054882703254596
