series,X,financing,f,f_kelly_analytic,cagr_median,cagr_p5,cagr_p25,mean_log_growth,mdd_median,p_dd_50,p_dd_90,p_loss,tw_median
mkt,0,broker,0.1,2.11812782023486,0.04017214440080352,0.03335467863288688,0.03742520409048927,0.03935709481112542,-0.03491734200818564,0.0,0.0,0.0,2.676889732797836
mkt,0,broker,0.2,2.11812782023486,0.04812443331701122,0.03528353328998585,0.0430127637665072,0.04701040738672264,-0.07845692779137359,0.0,0.0,0.0,3.2383301893456813
mkt,0,broker,0.3,2.11812782023486,0.05594024569541145,0.03666460985973483,0.04824373260902021,0.054358763526544555,-0.12583068691804555,0.0,0.0,0.0,3.89927237482122
mkt,0,broker,0.4,2.11812782023486,0.06343457400703045,0.037539621074484816,0.05319001494758302,0.061401274311274914,-0.17389325262846356,0.0,0.0,0.0,4.6533895661808735
mkt,0,broker,0.5,2.11812782023486,0.07070591802138637,0.038232711999098876,0.05786279382084991,0.0681378312440542,-0.221176312089771,0.0006,0.0,0.0002,5.5176618346270825
mkt,0,broker,0.6,2.11812782023486,0.07772432826878406,0.03839918888885387,0.06215997662799555,0.07456885098195677,-0.26726524691960174,0.008,0.0,0.0008,6.4966903343813245
mkt,0,broker,0.7,2.11812782023486,0.0844550901779405,0.03808129851133797,0.06612417042778584,0.08069333008687916,-0.3123456583101291,0.0354,0.0,0.0018,7.590830752749922
mkt,0,broker,0.8,2.11812782023486,0.09085091166075243,0.03787872192836383,0.06982152525205237,0.08651151961396585,-0.3559409567380156,0.085,0.0,0.0024,8.792957482443502
mkt,0,broker,0.9,2.11812782023486,0.09692645474453998,0.03719341591265527,0.07310251114993394,0.09202298499719463,-0.3978387688764322,0.1716,0.0,0.0046,10.102707146685457
mkt,0,broker,1.0,2.11812782023486,0.10277062660740455,0.03612234203344431,0.0760710026016353,0.09722650177118604,-0.43775097151941306,0.2892,0.0,0.0062,11.537979035206398
mkt,0,broker,1.1,2.11812782023486,0.10641995681095773,0.03293145604931606,0.07712005493113472,0.10053370933932733,-0.4776325551068697,0.4242,0.0002,0.0086,12.531412586059863
mkt,0,broker,1.2,2.11812782023486,0.10992554905249385,0.029626378045346603,0.07773857439609533,0.10353166933807134,-0.5155279588174797,0.555,0.001,0.0116,13.562701708919592
mkt,0,broker,1.3,2.11812782023486,0.11294381540379939,0.02575674854146597,0.0779856640804994,0.10621968953081674,-0.5522796447916263,0.6728,0.0024,0.0146,14.515468082755644
mkt,0,broker,1.4,2.11812782023486,0.11576007213240891,0.02155263513437562,0.07778639609632049,0.10859953116552626,-0.5860744609807766,0.7712,0.0048,0.021,15.462168804948478
mkt,0,broker,1.5,2.11812782023486,0.1180958922143408,0.017018763499547753,0.07733607056216518,0.11066859514616904,-0.6181548926150808,0.8456,0.0088,0.0274,16.292071314665257
mkt,0,broker,1.6,2.11812782023486,0.12002643303588212,0.012086524733877068,0.0766781825142453,0.11242154786318072,-0.649393266402546,0.9028,0.0168,0.0334,17.01009806599341
mkt,0,broker,1.7,2.11812782023486,0.12179209278779857,0.006967772505374218,0.07556177070311293,0.11386779009474067,-0.6791235872644916,0.9408,0.0312,0.0402,17.693327358315997
mkt,0,broker,1.8,2.11812782023486,0.12317345179359018,0.0016678758720298037,0.07404377147463526,0.11499995611570381,-0.7061430657828132,0.965,0.0488,0.0482,18.24613211984692
mkt,0,broker,1.9,2.11812782023486,0.12425238289443341,-0.004222689010543255,0.07224456932524814,0.11582019203280529,-0.7313925843194227,0.9794,0.069,0.0542,18.689402690042122
mkt,0,broker,2.0,2.11812782023486,0.12487857392345048,-0.010427706389707136,0.069792067462982,0.11632408972485368,-0.75562349566976,0.9904,0.0968,0.0614,18.95139496997862
mkt,0,broker,2.1,2.11812782023486,0.12513282657137215,-0.016592116303447434,0.06715949198046517,0.11651336788216322,-0.7776353606041523,0.996,0.131,0.073,19.058773229583984
mkt,0,broker,2.2,2.11812782023486,0.12500901074270565,-0.023637568798730635,0.06417709652059223,0.1163853875793849,-0.7979964919298608,0.997,0.1742,0.0836,19.00640770481492
mkt,0,broker,2.3,2.11812782023486,0.1243791660679553,-0.030679619239128045,0.06078533312135237,0.11594091547406177,-0.8177707277394666,0.9986,0.22,0.0924,18.74216460282063
mkt,0,broker,2.4,2.11812782023486,0.12351913126417546,-0.03745131274743121,0.057291670975451126,0.11517406933241311,-0.8356970429994937,0.999,0.2674,0.1016,18.387039382564115
mkt,0,broker,2.5,2.11812782023486,0.12232862661429433,-0.044525520298932114,0.05341178568603355,0.11408828066597568,-0.8520664462502272,0.9996,0.318,0.1136,17.906105219417313
mkt,0,broker,2.6,2.11812782023486,0.12096050907337097,-0.05225059710211502,0.04910115615606331,0.11267678719477742,-0.867360799069627,0.9996,0.3682,0.1256,17.368321018503245
mkt,0,broker,2.7,2.11812782023486,0.11904974862438056,-0.05949799332545459,0.044550126309034765,0.110946039527691,-0.8813598971950389,0.9998,0.4192,0.1372,16.643124222620038
mkt,0,broker,2.8,2.11812782023486,0.11700671108007821,-0.06773202278366636,0.039918681168641945,0.10888934272973894,-0.8940981075943533,0.9998,0.4758,0.1534,15.899906156340808
mkt,0,broker,2.9,2.11812782023486,0.11466644533711401,-0.0765097085621271,0.034508586609746594,0.10650480754970093,-0.9057422808993447,1.0,0.5254,0.1662,15.087707321218268
mkt,0,broker,3.0,2.11812782023486,0.11181652731933245,-0.08527625521199035,0.029008180894272706,0.1037927903318445,-0.9167054392677729,1.0,0.5774,0.1794,14.152336677732423
mkt,0,broker,3.1,2.11812782023486,0.10850874505489183,-0.09436743688178784,0.02325498728930253,0.10074894031460438,-0.9264910630351508,1.0,0.6244,0.194,13.136452253632271
mkt,0,broker,3.2,2.11812782023486,0.10484611515350506,-0.10393881439117364,0.016865169950190995,0.0973726430959074,-0.9355077535553258,1.0,0.67,0.2088,12.093299926808093
mkt,0,broker,3.3,2.11812782023486,0.10100554292946284,-0.11375670941301204,0.010223458683494113,0.0936608492125655,-0.9435984151104342,1.0,0.7108,0.2244,11.08505751221223
mkt,0,broker,3.4,2.11812782023486,0.09650137406749115,-0.1238669657290233,0.0034846872163105114,0.08960842537352626,-0.9508677825741227,1.0,0.7512,0.2422,10.005289081818496
mkt,0,broker,3.5,2.11812782023486,0.09190440583748238,-0.13342349940939605,-0.003595225475636815,0.08521566202167608,-0.9573751001124771,1.0,0.7802,0.2586,9.00773205969314
mkt,0,broker,3.6,2.11812782023486,0.08675853319737814,-0.14340614149045297,-0.011260409640853952,0.08048042699890798,-0.9630096199727773,1.0,0.8078,0.2722,8.004362787458028
mkt,0,broker,3.7,2.11812782023486,0.08119536259154037,-0.1547586377154185,-0.01906181723073877,0.07539216129464683,-0.9681061820525045,1.0,0.839,0.2878,7.040513889977847
mkt,0,broker,3.8,2.11812782023486,0.07556608215693861,-0.16639843375636185,-0.02742556497573323,0.06995647568459809,-0.9726534552857813,1.0,0.8634,0.3048,6.179132442335879
mkt,0,broker,3.9,2.11812782023486,0.06973042734203383,-0.17677914546683868,-0.03538072486740329,0.06416269830928094,-0.9768093428622859,1.0,0.8858,0.3236,5.393351526588928
mkt,0,broker,4.0,2.11812782023486,0.06361388322442274,-0.18730790761754204,-0.043800888896130485,0.05801057780972609,-0.9802104761457662,1.0,0.9074,0.3446,4.6730483063965575
mkt,0,letf,0.1,2.2157019081907054,0.030760847259335033,0.024004775232654308,0.028038701696145862,0.030268110564953564,-0.03821030231632366,0.0,0.0,0.0,2.1327887705093316
mkt,0,letf,0.2,2.2157019081907054,0.03864106420951796,0.02591572041914374,0.03357540275733445,0.03792131784060249,-0.08463984649791612,0.0,0.0,0.0,2.5801040877187953
mkt,0,letf,0.3,2.2157019081907054,0.04638628959601587,0.027284110004413577,0.03875916852788036,0.04526973083158669,-0.13408039332460514,0.0,0.0,0.0,3.1067121816570937
mkt,0,letf,0.4,2.2157019081907054,0.053812914284726676,0.028151318027875284,0.04366078275225671,0.052312403178925264,-0.1837881586877299,0.0,0.0,0.0006,3.707557775895482
mkt,0,letf,0.5,2.2157019081907054,0.06101859523272879,0.028838029300937172,0.04829125832862374,0.05904910849357045,-0.2315971510048606,0.0018,0.0,0.0012,4.396174122228647
mkt,0,letf,0.6,2.2157019081907054,0.06797373467004597,0.02900286979992014,0.052549604536089645,0.06548024521766366,-0.27862597290252333,0.0148,0.0,0.002,5.17623875350014
mkt,0,letf,0.7,2.2157019081907054,0.07464363582203326,0.02868772537282106,0.05647781720874456,0.07160482316383329,-0.32369573535712654,0.0472,0.0,0.0042,6.048000193107841
mkt,0,letf,0.8,2.2157019081907054,0.08098173478495818,0.028486725348975853,0.060141757944675744,0.07742312532662332,-0.3678542453618255,0.1114,0.0,0.0062,7.005818711744021
mkt,0,letf,0.9,2.2157019081907054,0.08700236760226854,0.027807550505743916,0.06339319097937607,0.08293464693047074,-0.4096317138596328,0.2118,0.0,0.0084,8.049376672194073
mkt,0,letf,1.0,2.2157019081907054,0.09279375892618458,0.026746215192118075,0.06633476545186817,0.08813823540859103,-0.4493496869153834,0.3268,0.0,0.0108,9.192955406429252
mkt,0,letf,1.1,2.2157019081907054,0.09673902207869989,0.02389059077507145,0.06769416138655887,0.09174516112752633,-0.4885291945912784,0.4598,0.0002,0.0134,10.059639365039244
mkt,0,letf,1.2,2.2157019081907054,0.10055498883365066,0.02093092331281551,0.0686384194565286,0.09505316895267274,-0.5260345916551785,0.583,0.0016,0.0178,10.972198855992136
mkt,0,letf,1.3,2.2157019081907054,0.10389190633962075,0.017411169432142583,0.06921660308441896,0.09805289672487576,-0.5609011757175124,0.6988,0.003,0.0232,11.83487738223415
mkt,0,letf,1.4,2.2157019081907054,0.1070267822607186,0.013553923593572293,0.06934939913818894,0.10074138546398573,-0.5952221493626506,0.795,0.0064,0.0292,12.704372177087134
mkt,0,letf,1.5,2.2157019081907054,0.10968896116923599,0.009369089974679747,0.06923457479450523,0.1031213259284274,-0.6277208507162884,0.8618,0.0112,0.0356,13.490611957604445
mkt,0,letf,1.6,2.2157019081907054,0.11195067425507443,0.004786260466997494,0.06891385050132892,0.1051850876405781,-0.6577789821050741,0.9116,0.0206,0.0414,14.195087452988691
mkt,0,letf,1.7,2.2157019081907054,0.11404808371425312,1.3218396343848152e-05,0.0681355348597204,0.10694052864120998,-0.686205709558732,0.9466,0.037,0.05,14.879849910813153
mkt,0,letf,1.8,2.2157019081907054,0.11576805391719414,-0.004939255800530048,0.06696091556039907,0.10838473387869599,-0.7125405188095804,0.968,0.0566,0.0556,15.464936622685173
mkt,0,letf,1.9,2.2157019081907054,0.11718352591300474,-0.010486960463841176,0.06550184942586829,0.10951256966940359,-0.7376617732716193,0.9832,0.0762,0.0628,15.962947161642358
mkt,0,letf,2.0,2.2157019081907054,0.11815438116858656,-0.016345901513550393,0.06339609481571712,0.11032861700675092,-0.7607400948820545,0.9906,0.1064,0.0734,16.313393474157095
mkt,0,letf,2.1,2.2157019081907054,0.11874956005349879,-0.02217463418881019,0.06110370439672058,0.11082370838250609,-0.7819501433240266,0.9964,0.1426,0.0832,16.531870192526235
mkt,0,letf,2.2,2.2157019081907054,0.11897130181772508,-0.028880348661120204,0.05846415827668755,0.11100397084450055,-0.8026038667115885,0.9972,0.1852,0.0918,16.613981652075374
mkt,0,letf,2.3,2.2157019081907054,0.11869201187350686,-0.0355850335184897,0.055419265845740084,0.11087034069637523,-0.8213974780140585,0.9988,0.2306,0.1002,16.510621666952268
mkt,0,letf,2.4,2.2157019081907054,0.11818425676974265,-0.042024235308438664,0.05226964774079046,0.11041437848055903,-0.838915556099301,0.999,0.277,0.1108,16.324291531084057
mkt,0,letf,2.5,2.2157019081907054,0.11734679106362134,-0.04876946699944282,0.048734641096142506,0.10963953241488936,-0.8550925975849606,0.9996,0.3314,0.123,16.021374591009774
mkt,0,letf,2.6,2.2157019081907054,0.116331630824555,-0.05616678662118292,0.0447673261898624,0.10853867199443101,-0.869964815657069,0.9996,0.3766,0.132,15.661407066916087
mkt,0,letf,2.7,2.2157019081907054,0.11477236561870652,-0.0630951253654808,0.04055657731070761,0.10711658900640643,-0.8832676024639026,0.9998,0.4284,0.1472,15.123588884366217
mkt,0,letf,2.8,2.2157019081907054,0.11308380548357333,-0.0710087873309832,0.036265031487874244,0.10537091697692064,-0.8958633956022962,0.9998,0.4828,0.16,14.561181140017702
mkt,0,letf,2.9,2.2157019081907054,0.11109550618475716,-0.07947017448345142,0.031193077480208442,0.10329632132531842,-0.9075441007568774,1.0,0.532,0.171,13.924667526572103
mkt,0,letf,3.0,2.2157019081907054,0.10859978830002148,-0.08792502845103436,0.026029588534740966,0.10089518651446484,-0.917836439200673,1.0,0.5834,0.1864,13.163452035958157
mkt,0,letf,3.1,2.2157019081907054,0.1056404178682594,-0.09671264317156004,0.020606552805935985,0.098158269556995,-0.9276397386507107,1.0,0.6278,0.1998,12.312540202023968
mkt,0,letf,3.2,2.2157019081907054,0.10232738854411305,-0.10598351129186342,0.014546001278389065,0.09509045663294456,-0.9364153998535696,1.0,0.6722,0.2156,11.422599554514628
mkt,0,letf,3.3,2.2157019081907054,0.09883712237853615,-0.11550458173267124,0.008232555556375531,0.09168904578880509,-0.9442934850768216,1.0,0.7122,0.2308,10.551966186194214
mkt,0,letf,3.4,2.2157019081907054,0.09468211754311306,-0.12532207837812173,0.0018193252613113442,0.08794786965005592,-0.9513563588574108,1.0,0.7534,0.246,9.598441564806667
mkt,0,letf,3.5,2.2157019081907054,0.09043149480245827,-0.13459358112789185,-0.004940093062352824,0.08386581420361516,-0.9578097553198326,1.0,0.7814,0.2612,8.708827073604557
mkt,0,letf,3.6,2.2157019081907054,0.08562532547629087,-0.14429966124973984,-0.012291721212871337,0.07943706517174313,-0.9632627007506604,1.0,0.809,0.274,7.798291083616151
mkt,0,letf,3.7,2.2157019081907054,0.08040629347092476,-0.1553765085983109,-0.01977820076553552,0.0746618671582068,-0.9682727466224986,1.0,0.8396,0.2902,6.913176359056434
mkt,0,letf,3.8,2.2157019081907054,0.07511560104665682,-0.16674833231858047,-0.027833399954391935,0.06953742528130641,-0.9727483032572745,1.0,0.8634,0.3062,6.114756199130109
mkt,0,letf,3.9,2.2157019081907054,0.06961530881324318,-0.17686847899211514,-0.0354847063187774,0.0640549987835304,-0.9768229948451669,1.0,0.8858,0.3238,5.378860179458419
mkt,0,letf,4.0,2.2157019081907054,0.06383051418631058,-0.18714222375934536,-0.04360589382452304,0.0582141538786112,-0.9801960816647679,1.0,0.9072,0.3434,4.696901088162889
mkt,20,broker,0.1,1.6025575085884953,0.03823801127249038,0.03118556587758945,0.035309928777506494,0.03747675222074399,-0.04160214792220551,0.0,0.0,0.0,2.5551895608290307
mkt,20,broker,0.2,1.6025575085884953,0.04431587492256428,0.03085355812963122,0.03880373196350456,0.043290796498899595,-0.09218204156786647,0.0,0.0,0.0,2.9566301209127768
mkt,20,broker,0.3,1.6025575085884953,0.05008162398831961,0.030197152603680822,0.04201969260777183,0.04881670099661396,-0.1476641688518739,0.0,0.0,0.0,3.392942222721685
mkt,20,broker,0.4,1.6025575085884953,0.055715447558191356,0.029125903262585084,0.04479445719511266,0.05405323610960479,-0.20211533148507305,0.0,0.0,0.0,3.8785724506832224
mkt,20,broker,0.5,1.6025575085884953,0.060935936323420536,0.027817669193286133,0.047207672887781105,0.05899996060301332,-0.2559438176383427,0.0066,0.0,0.0014,4.387619977021445
mkt,20,broker,0.6,1.6025575085884953,0.06601133296679706,0.026013107379175383,0.04933617092927123,0.06365696947793087,-0.3078040469573166,0.0388,0.0,0.0038,4.943625432043403
mkt,20,broker,0.7,1.6025575085884953,0.07066845280271139,0.0239619487385757,0.05111609190565375,0.06802294098236217,-0.35815521503239856,0.1054,0.0,0.0076,5.512837760968984
mkt,20,broker,0.8,1.6025575085884953,0.0750658937245654,0.021704129258690818,0.0525865569671789,0.07209781666679765,-0.4057057967521714,0.2146,0.0,0.0108,6.107695950356547
mkt,20,broker,0.9,1.6025575085884953,0.07920463035513914,0.01898951682480542,0.053693911717169196,0.07588087907671544,-0.45080620444452346,0.3456,0.0,0.0154,6.723493716178749
mkt,20,broker,1.0,1.6025575085884953,0.08304690162591788,0.01584543404432789,0.05450472376287785,0.07937060413823337,-0.49382115742808075,0.4818,0.0,0.0202,7.348210901099683
mkt,20,broker,1.1,1.6025575085884953,0.08482622728845601,0.010976266110482812,0.053437779017199705,0.08097713109022515,-0.5367557992548277,0.618,0.0008,0.0294,7.656044352152587
mkt,20,broker,1.2,1.6025575085884953,0.08626974474052174,0.005641924372572627,0.05195605270190973,0.08228845686741966,-0.5779134742094074,0.7302,0.0044,0.0394,7.9148396567486
mkt,20,broker,1.3,1.6025575085884953,0.08753452736540457,-4.516261081715579e-05,0.050215867625377775,0.08330361673605602,-0.6157158520756209,0.8154,0.0118,0.0504,8.1484754811406
mkt,20,broker,1.4,1.6025575085884953,0.08825435502186607,-0.005820011027370723,0.04813281726913782,0.08402411852860682,-0.6511556620251668,0.885,0.0244,0.0646,8.284387363521361
mkt,20,broker,1.5,1.6025575085884953,0.08861698254309291,-0.01200369130158332,0.04575756916373713,0.08444712157698002,-0.6842396102533408,0.9286,0.038,0.0772,8.353675997722764
mkt,20,broker,1.6,1.6025575085884953,0.08870162853249852,-0.01837090984958954,0.04296819238533328,0.08456703362603253,-0.715082545187044,0.9564,0.0618,0.0912,8.369929815305047
mkt,20,broker,1.7,1.6025575085884953,0.08858927055148091,-0.02506336873713758,0.04006323731488226,0.08439301675715044,-0.7431596385167645,0.9748,0.0882,0.1068,8.348362113420798
mkt,20,broker,1.8,1.6025575085884953,0.08820255359464757,-0.03214432463938462,0.036905327549920486,0.08391748426323632,-0.7693320047966286,0.9854,0.1236,0.121,8.274533573651272
mkt,20,broker,1.9,1.6025575085884953,0.08736471738956686,-0.03940541581804128,0.03335564298664384,0.083142353909204,-0.7939626093034172,0.9926,0.1676,0.1362,8.11672690311594
mkt,20,broker,2.0,1.6025575085884953,0.08625937229912162,-0.047100510417312585,0.02919799489134972,0.08206298895476022,-0.8157902929728277,0.9954,0.2166,0.1514,7.912950330895399
mkt,20,broker,2.1,1.6025575085884953,0.08476104467038648,-0.05476938326776615,0.024897197088684375,0.08068089935207108,-0.8358814333416357,0.9976,0.2732,0.1666,7.6445520238213565
mkt,20,broker,2.2,1.6025575085884953,0.08296475135007253,-0.06271501063441613,0.020313986888887248,0.07899322366239966,-0.8537037288558385,0.9984,0.326,0.182,7.334289238149185
mkt,20,broker,2.3,1.6025575085884953,0.08091486566286687,-0.07095887926635015,0.015499345463411307,0.07700054116118786,-0.8709175410078301,0.9994,0.3858,0.199,6.994992415933577
mkt,20,broker,2.4,1.6025575085884953,0.0786210763330657,-0.0793704204712632,0.010372020458509601,0.07469676113914948,-0.8862627680907951,0.9998,0.4442,0.2184,6.6331930067806475
mkt,20,broker,2.5,1.6025575085884953,0.07603827688808618,-0.08796224220404168,0.004795806887896381,0.07208511311074203,-0.8994453932542419,0.9998,0.498,0.2356,6.2473094183195785
mkt,20,broker,2.6,1.6025575085884953,0.07299862244355271,-0.09730200739283629,-0.0009807314343414086,0.0691586500245352,-0.9120901780929935,0.9998,0.5496,0.2528,5.82075251405745
mkt,20,broker,2.7,1.6025575085884953,0.06975359335982623,-0.10647146900803808,-0.006944502681016429,0.06592362928808246,-0.923395538788943,0.9998,0.6014,0.268,5.3962730467620865
mkt,20,broker,2.8,1.6025575085884953,0.06617501235032852,-0.1160756840219519,-0.013290392014887215,0.0623731639245988,-0.9335209269898485,1.0,0.6442,0.2846,4.96263952775514
mkt,20,broker,2.9,1.6025575085884953,0.062182342787840295,-0.12589941155697298,-0.01988451702658056,0.05850518882415907,-0.9423647135392252,1.0,0.6846,0.3028,4.518320404964558
mkt,20,broker,3.0,1.6025575085884953,0.057968950559194155,-0.13574239799973326,-0.02689785004012263,0.05431989962012536,-0.9503859797563685,1.0,0.7242,0.3222,4.0909523327571
mkt,20,broker,3.1,1.6025575085884953,0.053259934591821656,-0.1458157910352487,-0.03434229198571384,0.04981275124069756,-0.9572390917123577,1.0,0.763,0.3428,3.6592251176631883
mkt,20,broker,3.2,1.6025575085884953,0.04837940414440456,-0.15634173224796583,-0.041676373208344,0.044982957453230624,-0.9635150236605439,1.0,0.7994,0.3596,3.2580856619034093
mkt,20,broker,3.3,1.6025575085884953,0.04313311087036664,-0.1667474359004476,-0.04937278478517382,0.03982731052856099,-0.9688163590048042,1.0,0.8262,0.3792,2.8740460346563723
mkt,20,broker,3.4,1.6025575085884953,0.03734015779563016,-0.17748976125866794,-0.05711849491245258,0.03434049739047069,-0.9735350286535096,1.0,0.8532,0.4008,2.5005188963872236
mkt,20,broker,3.5,1.6025575085884953,0.03147996620519644,-0.18869109106302748,-0.06543961406556281,0.028522658197937846,-0.9776757506548821,1.0,0.8758,0.4168,2.1703011367564313
mkt,20,broker,3.6,1.6025575085884953,0.025221631889316032,-0.19988386009413464,-0.07396377649083241,0.022371491472032875,-0.9812891904901405,1.0,0.893,0.4348,1.8639924970100408
mkt,20,broker,3.7,1.6025575085884953,0.018771946483900015,-0.21095852677153776,-0.0828559551141155,0.01587627544466911,-0.9843712774945663,1.0,0.909,0.4528,1.5919317320318682
mkt,20,broker,3.8,1.6025575085884953,0.012185746591513502,-0.22296149344869196,-0.09213990320276386,0.009042463364567575,-0.9870693159666792,1.0,0.9264,0.4694,1.3536509566022414
mkt,20,broker,3.9,1.6025575085884953,0.005438835730879776,-0.23458001496316364,-0.10154018667436018,0.0018592105606126891,-0.9893499765885418,1.0,0.9412,0.4858,1.145226716726575
mkt,20,broker,4.0,1.6025575085884953,-0.002088314753719067,-0.24618227767163356,-0.1111776467737037,-0.00567387228551528,-0.991315204987095,1.0,0.9532,0.5056,0.9490797960050379
mkt,20,letf,0.1,1.7060927739858625,0.028844319145795105,0.02185525403605154,0.025942421272737992,0.028387694659240608,-0.04477981323178393,0.0,0.0,0.0,2.035830419739818
mkt,20,letf,0.2,1.7060927739858625,0.034866758717062685,0.02152565799965909,0.02940432638554713,0.034201571443088906,-0.09981107710038423,0.0,0.0,0.0,2.3556508819919366
mkt,20,letf,0.3,1.7060927739858625,0.04058051945931984,0.020875168551181756,0.03259110629792389,0.03972747158609344,-0.15674633276230937,0.0,0.0,0.0002,2.7032877855221584
mkt,20,letf,0.4,1.7060927739858625,0.046163418390645417,0.019813445397735285,0.03534066008306275,0.04496410747798187,-0.21375365705072308,0.0004,0.0,0.0018,3.0902117909570705
mkt,20,letf,0.5,1.7060927739858625,0.05133677632200673,0.018516882516165834,0.03773221128587556,0.049910920860991234,-0.2684339771488588,0.0142,0.0,0.006,3.495798674326751
mkt,20,letf,0.6,1.7060927739858625,0.056366328345724304,0.016728545428526052,0.039841302056200956,0.054567988629477246,-0.3209297903199159,0.054,0.0,0.0106,3.938798409751141
mkt,20,letf,0.7,1.7060927739858625,0.0609815369956187,0.014695664690621536,0.041605221649373025,0.05893400178390071,-0.37104601991952646,0.137,0.0,0.0154,4.39233760314349
mkt,20,letf,0.8,1.7060927739858625,0.06533900981256402,0.01245817757330897,0.0430622733102724,0.06300893374475655,-0.4190035871824599,0.2538,0.0,0.0206,4.866268348838968
mkt,20,letf,0.9,1.7060927739858625,0.06944025538718923,0.009768004483708494,0.04415935170301227,0.06679199683324519,-0.46462085016352467,0.3926,0.0,0.028,5.356895725108947
mkt,20,letf,1.0,1.7060927739858625,0.07324800414158972,0.006652061439719027,0.04496281997397289,0.07028173909514736,-0.5082032901799926,0.5232,0.0,0.0364,5.854667612397398
mkt,20,letf,1.1,1.7060927739858625,0.0753333529926622,0.00212727785320036,0.04421850502729874,0.07218795701837023,-0.5501402627492532,0.65,0.0016,0.0456,6.1457931269751365
mkt,20,letf,1.2,1.7060927739858625,0.07709815208104209,-0.0028518496968458202,0.04307276756651135,0.07380930607989881,-0.5899367762805077,0.7532,0.007,0.0576,6.402978638027191
mkt,20,letf,1.3,1.7060927739858625,0.07868824670534391,-0.008181533732644308,0.04167213512884532,0.0751361530503595,-0.6274349892318016,0.8348,0.0164,0.0722,6.643526655595757
mkt,20,letf,1.4,1.7060927739858625,0.07973548540698938,-0.013605276951771566,0.03992673569794697,0.07616528334902506,-0.6613972977492287,0.899,0.0292,0.0842,6.806665663193006
mkt,20,letf,1.5,1.7060927739858625,0.08043098320802522,-0.019435657791931564,0.03789268626984982,0.0768991453661397,-0.6939079371875961,0.9374,0.0452,0.0982,6.917126941179696
mkt,20,letf,1.6,1.7060927739858625,0.08085111484827856,-0.02545217511679662,0.03544611192608793,0.07732985619124927,-0.7230461185822508,0.9606,0.0698,0.1126,6.984685784387679
mkt,20,letf,1.7,1.7060927739858625,0.08107362179437083,-0.03179702990148088,0.03288140824601232,0.07746503045650593,-0.750764472740858,0.9766,0.1,0.1276,7.020722517498816
mkt,20,letf,1.8,1.7060927739858625,0.08102623858340208,-0.038529097259366256,0.03006689854086403,0.07730154030975529,-0.7765722064033609,0.9874,0.1366,0.1402,7.013033060561873
mkt,20,letf,1.9,1.7060927739858625,0.08052664280807298,-0.04544903713479559,0.026856063347227843,0.07683400976595245,-0.8001806877269011,0.993,0.1792,0.154,6.932454141013554
mkt,20,letf,2.0,1.7060927739858625,0.07976552158246286,-0.052800476815205666,0.023043873188340225,0.07606679192486772,-0.82083516689087,0.9956,0.2318,0.1674,6.811400518913462
mkt,20,letf,2.1,1.7060927739858625,0.07860578598574419,-0.060136140425133246,0.019080568472429338,0.07499052837607688,-0.8398982170591967,0.9978,0.2848,0.1834,6.63084178890881
mkt,20,letf,2.2,1.7060927739858625,0.07715142351390891,-0.06774894165353972,0.014835862336927852,0.07361110844941694,-0.8583143084727327,0.9988,0.3374,0.1988,6.410899863110057
mkt,20,letf,2.3,1.7060927739858625,0.07544738078188773,-0.0756611832648756,0.010361091381107246,0.07192928196731692,-0.874625787305969,0.9994,0.4006,0.2164,6.162105955797454
mkt,20,letf,2.4,1.7060927739858625,0.07349867440895974,-0.08374511696840442,0.0055726148951254495,0.0699364036310412,-0.888914420353798,0.9998,0.458,0.2314,5.888950316818754
mkt,20,letf,2.5,1.7060927739858625,0.07126130691355914,-0.09201397614976295,0.0003339528222652266,0.06763572084851555,-0.9020435013901995,0.9998,0.5104,0.2486,5.589661113324562
mkt,20,letf,2.6,1.7060927739858625,0.06856677828201019,-0.10103294595273389,-0.005107892693394039,0.06501992274681999,-0.9145066648908429,0.9998,0.5596,0.264,5.248578780897227
mkt,20,letf,2.7,1.7060927739858625,0.0656641814430432,-0.10988987592962166,-0.010741923761745625,0.06209357894468003,-0.925368941756171,0.9998,0.6076,0.2794,4.903535077451357
mkt,20,letf,2.8,1.7060927739858625,0.06242941622095832,-0.11918308001319848,-0.01675770480368441,0.05885417715165911,-0.9349927932428992,1.0,0.6514,0.295,4.544670541433465
mkt,20,letf,2.9,1.7060927739858625,0.05877932265971719,-0.1287023375887769,-0.023025385189350628,0.05529617926425957,-0.9436912611884882,1.0,0.6876,0.3126,4.170002975194549
mkt,20,letf,3.0,1.7060927739858625,0.054907169956490254,-0.13824541586284061,-0.02971430677744677,0.05142180994357425,-0.9513261443556857,1.0,0.7292,0.3316,3.8050245515941628
mkt,20,letf,3.1,1.7060927739858625,0.05053423256033429,-0.14802835167934486,-0.03684221288764844,0.04722163374796114,-0.9582494105860462,1.0,0.7676,0.3498,3.429692982829771
mkt,20,letf,3.2,1.7060927739858625,0.0459892456478308,-0.15826698356096522,-0.04386159721216629,0.042700374692085444,-0.9639692461353315,1.0,0.8022,0.366,3.0773789030572587
mkt,20,letf,3.3,1.7060927739858625,0.04107788423185532,-0.16839074778284657,-0.05124658140201016,0.03785515494377704,-0.9693641288870414,1.0,0.8282,0.3838,2.7357787176854957
mkt,20,letf,3.4,1.7060927739858625,0.0356187890537949,-0.17885611638585738,-0.058683747037104717,0.03267963697947582,-0.973899207576966,1.0,0.8542,0.4052,2.398824081585042
mkt,20,letf,3.5,1.7060927739858625,0.030088254359884048,-0.18978671546276024,-0.0667008996949047,0.027172555243587145,-0.977996954059681,1.0,0.8768,0.4212,2.098267926763336
mkt,20,letf,3.6,1.7060927739858625,0.024152951593170102,-0.20071942423080408,-0.07493017391488316,0.021327937214195836,-0.9813929043885231,1.0,0.8934,0.4374,1.8160201247252958
mkt,20,letf,3.7,1.7060927739858625,0.01802775033197701,-0.21153538472078232,-0.0835260511387769,0.015145840177611412,-0.984490217175016,1.0,0.9092,0.4546,1.5631131519426964
mkt,20,letf,3.8,1.7060927739858625,0.011761866368901086,-0.2232877620021889,-0.09252067259687052,0.008623336200328563,-0.9871329193218277,1.0,0.9266,0.4714,1.3395500092003683
mkt,20,letf,3.9,1.7060927739858625,0.005330523611097426,-0.23466261310272613,-0.10163723866048527,0.0017515006639589829,-0.989358571166798,1.0,0.9412,0.4862,1.1421464208469678
mkt,20,letf,4.0,1.7060927739858625,-0.0018847359731246627,-0.24602870512776803,-0.11099657536491006,-0.005470249872513325,-0.9913063126551487,1.0,0.953,0.5052,0.953932084949378
mkt,100,broker,0.1,0.7684709226600148,0.03400841382816666,0.026055042661399998,0.03091900946189796,0.03336141040000276,-0.0530470634676789,0.0,0.0,0.0,2.3072880528899553
mkt,100,broker,0.2,0.7684709226600148,0.035818838502954975,0.02087730246810996,0.029855937835153556,0.03504229332052644,-0.11651308355657064,0.0,0.0,0.0002,2.4104333772297126
mkt,100,broker,0.3,0.7684709226600148,0.03732659107823244,0.015400034146261366,0.02853116086543167,0.03645649725591806,-0.18372846777715257,0.0002,0.0,0.0034,2.4996993625056367
mkt,100,broker,0.4,0.7684709226600148,0.038760540634095175,0.00944731320106319,0.026796849968192482,0.03760255183814821,-0.252423799843273,0.0148,0.0,0.0158,2.5875341783070853
mkt,100,broker,0.5,0.7684709226600148,0.0398060479502258,0.0034880370612925377,0.02484717527300717,0.03847976509671283,-0.3184923556207934,0.0726,0.0,0.037,2.653435180043517
mkt,100,broker,0.6,0.7684709226600148,0.04049632602604025,-0.0030784209055706334,0.022571043350259834,0.039088013883496524,-0.38169966764245894,0.185,0.0,0.063,2.697825010981611
mkt,100,broker,0.7,0.7684709226600148,0.04104956578608887,-0.009746720135692343,0.02004953435645629,0.039425728725927214,-0.4403842376300333,0.3302,0.0,0.0924,2.7339178206905097
mkt,100,broker,0.8,0.7684709226600148,0.041256782916450074,-0.01683289457638397,0.017266790134372656,0.039492647693931474,-0.49579931684835993,0.488,0.003,0.12,2.7475534589947133
mkt,100,broker,0.9,0.7684709226600148,0.04114247681766925,-0.024259687550352252,0.01424360526109053,0.039287802770277824,-0.5478850367174147,0.6302,0.0066,0.1488,2.740022564352837
mkt,100,broker,1.0,0.7684709226600148,0.04079360835607415,-0.03193082825606254,0.0108406404990386,0.03880945376696018,-0.5955646302635478,0.7516,0.0172,0.1778,2.7171612515043893
mkt,100,broker,1.1,0.7684709226600148,0.038427369553253876,-0.041338152310524366,0.005685969596964324,0.03646724936819235,-0.6434132182664523,0.8386,0.0326,0.2126,2.5668657661230436
mkt,100,broker,1.2,0.7684709226600148,0.03587794246045162,-0.0507995788799975,0.0003024281929304151,0.03384922859995125,-0.6866015258945838,0.8968,0.0634,0.2476,2.4138742683475503
mkt,100,broker,1.3,0.7684709226600148,0.032944682321656815,-0.06045719662635844,-0.00553155789721152,0.030954207986330418,-0.7258939704912684,0.9342,0.0992,0.283,2.2486746289307833
mkt,100,broker,1.4,0.7684709226600148,0.02984835336825542,-0.07041123335331324,-0.011508248658510384,0.027783489188156776,-0.7612504624180196,0.9592,0.1418,0.3138,2.086084975779421
mkt,100,broker,1.5,0.7684709226600148,0.026368430112426955,-0.08040199255401305,-0.01776545462622986,0.024334024880910698,-0.7922669394958191,0.9754,0.1972,0.3428,1.9168236440345314
mkt,100,broker,1.6,0.7684709226600148,0.0227337628101546,-0.09046535761741335,-0.024393707707276807,0.02060008179909864,-0.8197043710016324,0.9854,0.253,0.3726,1.7541424376024493
mkt,100,broker,1.7,0.7684709226600148,0.0187585004115689,-0.10079832917110067,-0.03108253076961459,0.016590530619145793,-0.8447640872077998,0.9926,0.3196,0.397,1.591406533590995
mkt,100,broker,1.8,0.7684709226600148,0.014429753663884881,-0.11128588215439005,-0.037983979041867955,0.01229764806969066,-0.866861674149521,0.9958,0.3852,0.425,1.4307029495685435
mkt,100,broker,1.9,0.7684709226600148,0.00988063118536997,-0.12185204001272854,-0.04535651820998268,0.007723158355827281,-0.8857061583066863,0.9976,0.4482,0.452,1.2786482030991977
mkt,100,broker,2.0,0.7684709226600148,0.0052602650621423885,-0.13258327251676782,-0.052721260049766044,0.0028622290696830705,-0.9029138421919304,0.9988,0.513,0.4742,1.1401525436810453
mkt,100,broker,2.1,0.7684709226600148,0.000260495824962792,-0.14347714546228874,-0.06020573230238904,-0.0022838125785545867,-0.9181069526697418,0.9994,0.573,0.4988,1.0065328210767497
mkt,100,broker,2.2,0.7684709226600148,-0.004976758767218703,-0.15437903775093886,-0.0681265947650771,-0.00771801302483969,-0.9311746374312273,0.9994,0.6272,0.5206,0.8827355628862058
mkt,100,broker,2.3,0.7684709226600148,-0.010461424848378809,-0.16563547872127973,-0.07607397040500266,-0.013439937138301654,-0.9423426532294652,1.0,0.672,0.5442,0.7688088627398075
mkt,100,broker,2.4,0.7684709226600148,-0.016200606308092114,-0.17687150410937771,-0.08437192940859412,-0.019455887138161456,-0.9522012015625554,1.0,0.7162,0.564,0.6647586047438167
mkt,100,broker,2.5,0.7684709226600148,-0.022330015412633242,-0.1886480140172777,-0.0929102672837431,-0.025762778135872244,-0.9605677947674279,1.0,0.7548,0.5834,0.5686003444768273
mkt,100,broker,2.6,0.7684709226600148,-0.02857985238836036,-0.20051852303585257,-0.10141293738857479,-0.032367696307856374,-0.967437459231057,1.0,0.7916,0.601,0.4843704798500649
mkt,100,broker,2.7,0.7684709226600148,-0.03501055898368616,-0.21250573114018118,-0.11028729170298215,-0.039264616278919535,-0.973285267388754,1.0,0.8278,0.6204,0.4102645990108286
mkt,100,broker,2.8,0.7684709226600148,-0.04171885631243849,-0.2243056543231368,-0.11925868807616924,-0.04646054090232481,-0.9780501220904485,1.0,0.8506,0.6384,0.3446066051489912
mkt,100,broker,2.9,0.7684709226600148,-0.04889337019521339,-0.23616962995504515,-0.12829666608094695,-0.053957720933203744,-0.9820953669775612,1.0,0.8712,0.6538,0.2855817300874074
mkt,100,broker,3.0,0.7684709226600148,-0.056153564115341115,-0.24810522483834024,-0.13774972315448858,-0.061756065784483435,-0.9856634562743564,1.0,0.8888,0.6686,0.23579458607089687
mkt,100,broker,3.1,0.7684709226600148,-0.06380588263917675,-0.2603995959942282,-0.14748335271643573,-0.06986028474873908,-0.9885471308899259,1.0,0.908,0.6842,0.19237469513615982
mkt,100,broker,3.2,0.7684709226600148,-0.07155096199505417,-0.27251373562527437,-0.157323482337767,-0.07827131519387791,-0.9909335676803297,1.0,0.9248,0.699,0.15629745069696294
mkt,100,broker,3.3,0.7684709226600148,-0.079507098604705,-0.28467787025661545,-0.16727385838562742,-0.08699249169154935,-0.9928439407685101,1.0,0.9384,0.715,0.12604078817316536
mkt,100,broker,3.4,0.7684709226600148,-0.08764080167814947,-0.29689918205729876,-0.17734705059885403,-0.0960292939402344,-0.99436767383867,1.0,0.95,0.7298,0.10095939600177722
mkt,100,broker,3.5,0.7684709226600148,-0.09599066437728287,-0.3091643263220909,-0.18733821617478238,-0.10538162837245439,-0.9955487997327747,1.0,0.9562,0.743,0.08022777520796442
mkt,100,broker,3.6,0.7684709226600148,-0.10467717710341196,-0.32162105102990846,-0.19786657281698897,-0.11505197479791429,-0.9965360298725621,1.0,0.9648,0.7562,0.06302214273600082
mkt,100,broker,3.7,0.7684709226600148,-0.1134913393087667,-0.33404695845013194,-0.20866647121331103,-0.12505113897950598,-0.997311022313152,1.0,0.9714,0.7712,0.049212488666416504
mkt,100,broker,3.8,0.7684709226600148,-0.1227202521072675,-0.34657775940110425,-0.21959796864231312,-0.13537379001738187,-0.9979413574049878,1.0,0.9774,0.783,0.03788372261387159
mkt,100,broker,3.9,0.7684709226600148,-0.13177508206639849,-0.35890667938796617,-0.2302679920476021,-0.14603085995987655,-0.9984438861973477,1.0,0.9818,0.795,0.02922848314825527
mkt,100,broker,4.0,0.7684709226600148,-0.14136018357223507,-0.371233088802174,-0.24102760813351973,-0.15702280319602394,-0.9988567707439566,1.0,0.9858,0.8078,0.022144997981674457
mkt,100,letf,0.1,0.7684709226600148,0.024652658778204106,0.016770884127458585,0.021591154894391507,0.024272192669147062,-0.05720785726754757,0.0,0.0,0.0,1.8383016761998798
mkt,100,letf,0.2,0.7684709226600148,0.02644637971885966,0.011639492380677786,0.020537105546520884,0.02595276516700598,-0.12531073171979495,0.0,0.0,0.0024,1.9204662635421479
mkt,100,letf,0.3,0.7684709226600148,0.02794029032263967,0.006211315291161435,0.01922425211851858,0.027366823074410063,-0.19746304712013424,0.0028,0.0,0.0188,1.9915775606795285
mkt,100,letf,0.4,0.7684709226600148,0.029361196288073876,0.00031216332009180724,0.0175053185771602,0.02851283993804827,-0.26780728747744337,0.0276,0.0,0.0466,2.061554489974167
mkt,100,letf,0.5,0.7684709226600148,0.030397415373213388,-0.005593550185093765,0.015573293109237718,0.02939000455306427,-0.3359594610753252,0.1072,0.0,0.0834,2.114068329921307
mkt,100,letf,0.6,0.7684709226600148,0.031081213018290255,-0.012100729163030599,0.013317417776711249,0.02999817578489151,-0.39958420575878545,0.233,0.0,0.1154,2.149422768145943
mkt,100,letf,0.7,0.7684709226600148,0.03162948911369601,-0.018709018233896833,0.010818605144435445,0.030335797021669834,-0.45956287938803864,0.3916,0.001,0.1492,2.178181026856886
mkt,100,letf,0.8,0.7684709226600148,0.03183467464829437,-0.025731453066597552,0.008060985467658988,0.030402638901892584,-0.5152036703830528,0.5426,0.0042,0.1812,2.1890365785677
mkt,100,letf,0.9,0.7684709226600148,0.031721280439256705,-0.03309127684709841,0.005064780332323049,0.030197662603940887,-0.5672140874280649,0.6736,0.0094,0.2092,2.183030071189263
mkt,100,letf,1.0,0.7684709226600148,0.031375454712323836,-0.04069349618994743,0.001692529112784169,0.029719200110313114,-0.6151264517225083,0.7806,0.0216,0.238,2.164810022308505
mkt,100,letf,1.1,0.7684709226600148,0.029338978308143804,-0.0497308828622413,-0.0031168406163199214,0.02767664391366247,-0.6605405691131135,0.8584,0.0436,0.2728,2.0604423583355924
mkt,100,letf,1.2,0.7684709226600148,0.027130262195644406,-0.05881837203997829,-0.00814620337849939,0.025368556758973627,-0.7023425320212624,0.9076,0.0776,0.3008,1.9527117177262838
mkt,100,letf,1.3,0.7684709226600148,0.02454094748023672,-0.06810364850197988,-0.013623556545476923,0.022785177450057724,-0.7390143203136722,0.9414,0.1166,0.3306,1.8332978297217937
mkt,100,letf,1.4,0.7684709226600148,0.021785085233781754,-0.07769250382341386,-0.01924901819513969,0.019923030248917,-0.7720508216366508,0.964,0.1658,0.3578,1.713913892802911
mkt,100,letf,1.5,0.7684709226600148,0.01864884007897394,-0.08732149900726362,-0.025154164955890818,0.016784383855676207,-0.8016991317896665,0.9778,0.216,0.3858,1.5871296428873225
mkt,100,letf,1.6,0.7684709226600148,0.015357036296412718,-0.09702859251641127,-0.03143185772376578,0.01336120665823601,-0.8290547364306796,0.9878,0.2774,0.4094,1.463759050769746
mkt,100,letf,1.7,0.7684709226600148,0.011723344798359125,-0.10701085344802175,-0.03777467384509156,0.009660825150478435,-0.8528351532466392,0.9942,0.3442,0.4362,1.3382716522192724
mkt,100,letf,1.8,0.7684709226600148,0.0077385841804891164,-0.11715085148769291,-0.044330475467725144,0.0056799700527344265,-0.8732857622845505,0.996,0.4078,0.459,1.2125430888318354
mkt,100,letf,1.9,0.7684709226600148,0.0035281723567117673,-0.12737885974455482,-0.051362625016325325,0.001413073521106044,-0.8919725348983691,0.998,0.4694,0.4826,1.0920417169010204
mkt,100,letf,2.0,0.7684709226600148,-0.0007514077514764739,-0.13777335373680769,-0.05838712394939663,-0.003135713124404975,-0.9080378508857794,0.999,0.5328,0.5032,0.98138332262277
mkt,100,letf,2.1,0.7684709226600148,-0.005416765630286202,-0.14834152197515243,-0.06554136006069983,-0.007975879423205781,-0.922387705696597,0.9994,0.5882,0.5234,0.8730283833910333
mkt,100,letf,2.2,0.7684709226600148,-0.010319155131291169,-0.15892224386380913,-0.07313143078159204,-0.013101801720902575,-0.9346446435561282,0.9998,0.6376,0.5456,0.7715767228437802
mkt,100,letf,2.3,0.7684709226600148,-0.015468521283431291,-0.16986008582653236,-0.0807499214823246,-0.018512846797502754,-0.9454572626497924,1.0,0.6842,0.5632,0.6772364450124269
mkt,100,letf,2.4,0.7684709226600148,-0.020874290908668935,-0.18078451827070555,-0.08872301880720232,-0.024217851297751038,-0.9545749924463327,1.0,0.7256,0.5812,0.5901488369632722
mkt,100,letf,2.5,0.7684709226600148,-0.026671896565193975,-0.19225402662135282,-0.0969397921265494,-0.030213729093732714,-0.9622524068165186,1.0,0.7632,0.5984,0.5087233171811598
mkt,100,letf,2.6,0.7684709226600148,-0.03259342381102032,-0.20382391614678844,-0.10512679643896475,-0.03650793123096337,-0.9687949720032318,1.0,0.7992,0.6172,0.43674292922068847
mkt,100,letf,2.7,0.7684709226600148,-0.03870059117684116,-0.2155198105297353,-0.11369054881044699,-0.04309610761756279,-0.9742034612868318,1.0,0.8334,0.633,0.37279226484113825
mkt,100,letf,2.8,0.7684709226600148,-0.04508656886941209,-0.22703369092670037,-0.12235461268890127,-0.049980904714567134,-0.9787633891229519,1.0,0.8542,0.6484,0.31557317543576735
mkt,100,letf,2.9,0.7684709226600148,-0.05194178033806385,-0.23862018015082895,-0.13109132262394804,-0.05716801714456242,-0.9827639795455445,1.0,0.8738,0.6618,0.26355751025816454
mkt,100,letf,3.0,0.7684709226600148,-0.05888611217980533,-0.2502842836240805,-0.14024711772308202,-0.06465535684672517,-0.9861869422603367,1.0,0.8908,0.6768,0.21930820574618648
mkt,100,letf,3.1,0.7684709226600148,-0.06622950388043902,-0.26231624902979667,-0.14969134139049114,-0.07245248480994587,-0.9890291443249428,1.0,0.9108,0.6922,0.1803034093648125
mkt,100,letf,3.2,0.7684709226600148,-0.07366900814133875,-0.2741746123244493,-0.15924615672328032,-0.08055489457873843,-0.9912247322196281,1.0,0.9258,0.7066,0.14762332691305127
mkt,100,letf,3.3,0.7684709226600148,-0.08132132224261385,-0.2860895346260917,-0.16891573133022036,-0.08896552724296485,-0.993008723055578,1.0,0.9396,0.7214,0.11997504862264613
mkt,100,letf,3.4,0.7684709226600148,-0.08915563310916474,-0.29806776161113224,-0.1787133676627093,-0.0976909142793726,-0.9944751703086179,1.0,0.9504,0.7338,0.09685115276011326
mkt,100,letf,3.5,0.7684709226600148,-0.09721097278916407,-0.31009795618011454,-0.1884356966070806,-0.10673236688996568,-0.9956438973452417,1.0,0.9564,0.7458,0.07756372496768149
mkt,100,letf,3.6,0.7684709226600148,-0.10561150488160004,-0.3223297171871956,-0.19870403485367483,-0.11609601730810024,-0.9965792764352903,1.0,0.965,0.7598,0.0613983756942188
mkt,100,letf,3.7,0.7684709226600148,-0.1141389820334116,-0.33453412120735654,-0.20924503238112444,-0.1257819356617929,-0.997340544450656,1.0,0.9722,0.7738,0.04832151476862557
mkt,100,letf,3.8,0.7684709226600148,-0.12308817634174735,-0.34685232028095997,-0.2199256328203427,-0.1357931374260625,-0.9979541878738111,1.0,0.9774,0.7832,0.037488511650912035
mkt,100,letf,3.9,0.7684709226600148,-0.13186852831954254,-0.35897569335132984,-0.23035096939863567,-0.14613864912780175,-0.998446674857429,1.0,0.9818,0.795,0.02914993848210113
mkt,100,letf,4.0,0.7684709226600148,-0.14118544585002574,-0.37110485269144805,-0.24087282721147496,-0.1568190863916158,-0.998851978570358,1.0,0.9858,0.8074,0.022257939148660043
scv,0,broker,0.1,2.439248229394407,0.044652437030733516,0.035206879538416155,0.04090159309414354,0.04366020811202819,-0.04885814224381424,0.0,0.0,0.0,2.980544044773057
scv,0,broker,0.2,2.439248229394407,0.0570381579999395,0.03881136560707874,0.0496200181949058,0.05545796721847365,-0.11009626764606328,0.0,0.0,0.0,4.0019036605351666
scv,0,broker,0.3,2.439248229394407,0.06911974967030299,0.04172958593486266,0.05796411775875915,0.06681489492862677,-0.17427049943027623,0.0,0.0,0.0,5.316903852904596
scv,0,broker,0.4,2.439248229394407,0.08077901129926157,0.04409917246995261,0.06574681123945925,0.07773026033556121,-0.23625322429783746,0.0008,0.0,0.0,6.973046372301302
scv,0,broker,0.5,2.439248229394407,0.09216250673452808,0.04578417225471404,0.07313353292057545,0.08820440537050933,-0.2958650010689475,0.0206,0.0,0.0002,9.061115253100295
scv,0,broker,0.6,2.439248229394407,0.10327757745128785,0.04723232075978234,0.08010537290438563,0.09823764351326922,-0.35232049385337116,0.0774,0.0,0.0004,11.671315275524538
scv,0,broker,0.7,2.439248229394407,0.11383466783720464,0.0481722807132237,0.0865102967403022,0.10782912951697719,-0.4059681009798956,0.189,0.0,0.0008,14.808745753238192
scv,0,broker,0.8,2.439248229394407,0.12407445695140462,0.048453604421223775,0.0924788377454443,0.11697930597137135,-0.4568414892009502,0.3464,0.0,0.0022,18.61559785312325
scv,0,broker,0.9,2.439248229394407,0.13395323123103509,0.04844112658484271,0.0979929950794996,0.12568738122771425,-0.5039252703113939,0.5144,0.0002,0.0036,23.16746842693814
scv,0,broker,1.0,2.439248229394407,0.14349502463536445,0.04800781805407154,0.10328081698517211,0.1339523734602242,-0.5473178943733333,0.6644,0.0006,0.0048,28.566496811589055
scv,0,broker,1.1,2.439248229394407,0.15063945685964608,0.04539851573155778,0.10619325771568422,0.14018470707823186,-0.589572632402499,0.7914,0.0044,0.0082,33.37963944872788
scv,0,broker,1.2,2.439248229394407,0.1573236197604141,0.04217900832972349,0.10860474285545119,0.1459723104133635,-0.6286161377801643,0.8826,0.0104,0.0114,38.580729815082414
scv,0,broker,1.3,2.439248229394407,0.16350620924878057,0.03840415101081834,0.11048445055030026,0.1513139621898499,-0.6655302278735722,0.936,0.0242,0.0148,44.077572934087314
scv,0,broker,1.4,2.439248229394407,0.16926983149303987,0.03430011242489243,0.11197252960697113,0.15621138047842437,-0.6995381777337366,0.9678,0.0406,0.018,49.87335869373
scv,0,broker,1.5,2.439248229394407,0.17445046832495237,0.02972315274330174,0.11299852056696891,0.16066102250013714,-0.7300678361491866,0.9848,0.0672,0.0218,55.701617497777264
scv,0,broker,1.6,2.439248229394407,0.17905143673953916,0.024672642284166834,0.11348777781386443,0.16465793681078036,-0.7584532581985419,0.992,0.0934,0.0274,61.42127718857189
scv,0,broker,1.7,2.439248229394407,0.1830909521178128,0.019197789762424634,0.11332899858739648,0.16821052144184434,-0.7845091266444499,0.9974,0.1264,0.0332,66.9042156644071
scv,0,broker,1.8,2.439248229394407,0.18688927896373908,0.012986242077971812,0.1125705688364006,0.17131088246355142,-0.8087028678162442,0.9992,0.1792,0.0384,72.4861753614514
scv,0,broker,1.9,2.439248229394407,0.19005972022313844,0.006495429439772117,0.11142375299031809,0.17396100847564366,-0.8308472672491882,0.9998,0.2348,0.0444,77.48522963733997
scv,0,broker,2.0,2.439248229394407,0.19292003224099652,-0.0003188727229351492,0.1097672640214063,0.17615554352260723,-0.8502699509928926,1.0,0.293,0.0506,82.27796593725803
scv,0,broker,2.1,2.439248229394407,0.19515333596835827,-0.007487456444474085,0.10781139087430514,0.17789550276532137,-0.8677853829984102,1.0,0.3542,0.0568,86.21658287032253
scv,0,broker,2.2,2.439248229394407,0.19666495655642036,-0.015087693422503531,0.10486942521351045,0.1791776760746483,-0.883701399164527,1.0,0.4236,0.065,88.98449705216228
scv,0,broker,2.3,2.439248229394407,0.197657459954644,-0.023350272196254934,0.10187996766155805,0.18000197972166632,-0.8978209325332397,1.0,0.49,0.0716,90.84806903374621
scv,0,broker,2.4,2.439248229394407,0.19826212744381522,-0.031961705341306414,0.09815434125920458,0.18036173896023963,-0.9107638746527438,1.0,0.5536,0.0794,92.00180769669353
scv,0,broker,2.5,2.439248229394407,0.1979220301294048,-0.0406002280892781,0.09379753403790375,0.18025958615376173,-0.9223410313932673,1.0,0.6138,0.0894,91.35110982150691
scv,0,broker,2.6,2.439248229394407,0.19744353294012873,-0.05028524362930547,0.0890883634156367,0.17968750683745696,-0.9325360565675487,1.0,0.6664,0.099,90.4432365546582
scv,0,broker,2.7,2.439248229394407,0.1960547084431521,-0.060007172243788445,0.08374686731850811,0.1786515583540897,-0.9413533627728441,1.0,0.7196,0.1078,87.85697350718183
scv,0,broker,2.8,2.439248229394407,0.19432644958977574,-0.07012585784731737,0.07822114750407011,0.1771434810173372,-0.9494850958008265,1.0,0.7658,0.1172,84.73761920810523
scv,0,broker,2.9,2.439248229394407,0.19209857836522315,-0.08054248463531677,0.07230523626141738,0.1751605234885413,-0.9569437011968882,1.0,0.8078,0.1286,80.87313673564582
scv,0,broker,3.0,2.439248229394407,0.18901625635370978,-0.0911893183832219,0.06535858823105511,0.1727021921026302,-0.9632385762776867,1.0,0.8402,0.1418,75.80457649144819
scv,0,broker,3.1,2.439248229394407,0.1856201585368834,-0.1024064372814888,0.05820069319743604,0.1697628771608578,-0.9685980898537891,1.0,0.873,0.1554,70.57318492621391
scv,0,broker,3.2,2.439248229394407,0.1815763533560536,-0.11364601318440044,0.050504432169346136,0.1663402947132606,-0.9733718689115334,1.0,0.8964,0.17,64.79554528526103
scv,0,broker,3.3,2.439248229394407,0.17712776772635608,-0.12499826098212069,0.04235018013610187,0.1624308271410991,-0.9775264767116199,1.0,0.9138,0.1842,58.964467441543604
scv,0,broker,3.4,2.439248229394407,0.17240589864045786,-0.13736360775214881,0.03346751884393795,0.1580277351184411,-0.9811751102228803,1.0,0.9326,0.2,53.3273384459726
scv,0,broker,3.5,2.439248229394407,0.16621124337801496,-0.14994303573317536,0.02390397152372581,0.15313029033870074,-0.9843295688446501,1.0,0.9482,0.213,46.712251092967165
scv,0,broker,3.6,2.439248229394407,0.1593197447311362,-0.16302002117368286,0.014110454981362985,0.14773523263424376,-0.9870492229146718,1.0,0.9604,0.229,40.27929348194325
scv,0,broker,3.7,2.439248229394407,0.15288728498504578,-0.17601300262591488,0.004286346522082429,0.14183051954258927,-0.9892777641358225,1.0,0.969,0.2436,35.04864841939643
scv,0,broker,3.8,2.439248229394407,0.14548585572676542,-0.18912010940746019,-0.006071711431180432,0.13542042337482008,-0.9911880878753548,1.0,0.976,0.259,29.836255110783508
scv,0,broker,3.9,2.439248229394407,0.1377942410785521,-0.20295999055059205,-0.016859051316855833,0.12849384987778303,-0.9927994408594236,1.0,0.9818,0.2732,25.211211240239148
scv,0,broker,4.0,2.439248229394407,0.12904513269257478,-0.21640004464574852,-0.028342842943960472,0.12104896533614054,-0.99418636626969,1.0,0.9858,0.2868,20.786575862261575
scv,0,letf,0.1,2.5058696842949515,0.0352011134340251,0.02584049150418497,0.03148391710902382,0.03457165745519958,-0.053550421314660035,0.0,0.0,0.0,2.3747519948357203
scv,0,letf,0.2,2.5058696842949515,0.04747484125075985,0.02941191016144137,0.04012349399492332,0.046369424395288704,-0.11834720413177796,0.0,0.0,0.0,3.188526397545149
scv,0,letf,0.3,2.5058696842949515,0.059447271969844895,0.03230369608537202,0.048392070119995634,0.05772653788741873,-0.1837922243761615,0.0002,0.0,0.0,4.236270424007941
scv,0,letf,0.4,2.5058696842949515,0.07100122804161102,0.03465186524332249,0.056104579534944965,0.06864216016618309,-0.24687688321556395,0.004,0.0,0.0002,5.555833484411271
scv,0,letf,0.5,2.5058696842949515,0.08228201790600764,0.03632160737775296,0.06342449701350128,0.07911654196814788,-0.3065526217095157,0.0306,0.0,0.0008,7.219566763778795
scv,0,letf,0.6,2.5058696842949515,0.0932968533071954,0.03775664681067494,0.07033316084437302,0.08914999816646063,-0.3640550906137895,0.0974,0.0,0.0016,9.299347093971283
scv,0,letf,0.7,2.5058696842949515,0.10375864174602056,0.03868776147440891,0.0766803038562559,0.09874165790226919,-0.41725130926554777,0.2188,0.0,0.0034,11.799209748343586
scv,0,letf,0.8,2.5058696842949515,0.11390612091799401,0.03896651120062884,0.08259500712394247,0.10789202515252727,-0.466955437321407,0.3874,0.0,0.0046,14.832514074180661
scv,0,letf,0.9,2.5058696842949515,0.12369548697643207,0.03895392990679001,0.08805920738201972,0.11660022523665614,-0.5139665100512132,0.551,0.0002,0.0066,18.459329582676325
scv,0,letf,1.0,2.5058696842949515,0.13315129012266758,0.03852424786696986,0.0932989759581383,0.12486534850666667,-0.5572817882466143,0.6958,0.0014,0.0098,22.761319824316395
scv,0,letf,1.1,2.5058696842949515,0.1405724671387829,0.03624919459280004,0.09651408577369164,0.1313972679827497,-0.5991293696439153,0.8128,0.0064,0.0122,26.79613603904432
scv,0,letf,1.2,2.5058696842949515,0.14755392577176407,0.03337751756266042,0.09924498299207768,0.13749488224378761,-0.6376871273146804,0.8918,0.0136,0.016,31.2124310698576
scv,0,letf,1.3,2.5058696842949515,0.15404415092996215,0.02995573834960065,0.1014519321402419,0.14314822287278306,-0.6732377731199424,0.941,0.027,0.0196,35.938557811590215
scv,0,letf,1.4,2.5058696842949515,0.16011881676411577,0.026201566725066485,0.10326808443900287,0.1483542646784694,-0.7057001235696299,0.9718,0.0464,0.0236,40.979039785419594
scv,0,letf,1.5,2.5058696842949515,0.16562077501518224,0.021977862147793438,0.10462932775394101,0.1531147430239725,-0.7363010906112719,0.9858,0.073,0.0292,46.124551427068496
scv,0,letf,1.6,2.5058696842949515,0.1705512040490047,0.01728137166139736,0.10545845682824928,0.15742244309110032,-0.7638215738862171,0.9926,0.1,0.0342,51.25785721132337
scv,0,letf,1.7,2.5058696842949515,0.1749249873070856,0.012158352319394685,0.1056423432629377,0.16128408757110663,-0.7897145413198886,0.9974,0.1358,0.0388,56.26698697066278
scv,0,letf,1.8,2.5058696842949515,0.1790643553823006,0.0063039671186793005,0.1052339132009617,0.16469651386423187,-0.8132206805662816,0.9992,0.19,0.0442,61.43809897542489
scv,0,letf,1.9,2.5058696842949515,0.18257799881493364,0.0001631577130184147,0.10443435356128034,0.1676541311146535,-0.8343099343003728,0.9998,0.2452,0.0498,66.18276392871257
scv,0,letf,2.0,2.5058696842949515,0.18578990653366168,-0.006297923088545361,0.10313225208312693,0.1701607183798986,-0.8532444674129736,1.0,0.3064,0.0558,70.82620781111211
scv,0,letf,2.1,2.5058696842949515,0.18837406438234316,-0.013121599851815099,0.10152466105947128,0.1722064680167878,-0.8703268868970373,1.0,0.3654,0.0634,74.78753718176337
scv,0,letf,2.2,2.5058696842949515,0.19024289874034095,-0.020376750657694436,0.0989383868717944,0.17379690946379134,-0.885818484211965,1.0,0.4348,0.0696,77.78395037717893
scv,0,letf,2.3,2.5058696842949515,0.19160091369271093,-0.02829363886618681,0.09630618835492388,0.17493199296368311,-0.9001209403215868,1.0,0.5002,0.0774,80.03331200829334
scv,0,letf,2.4,2.5058696842949515,0.19257285993589468,-0.036561716293309794,0.09293825198896705,0.1756025114029584,-0.9126012380264696,1.0,0.5618,0.085,81.68147568606898
scv,0,letf,2.5,2.5058696842949515,0.19260467557651983,-0.04486251803700332,0.08894069457141468,0.17581121055109275,-0.9237797116295492,1.0,0.6216,0.0954,81.73587666967862
scv,0,letf,2.6,2.5058696842949515,0.19249927910313125,-0.054210482760849624,0.08458943983747275,0.17554970531374625,-0.9334181183292904,1.0,0.6722,0.1032,81.55548110497037
scv,0,letf,2.7,2.5058696842949515,0.19148321740362695,-0.06360344363461173,0.07960339061293098,0.17482241280138147,-0.9422316407529822,1.0,0.7252,0.112,79.83592301301698
scv,0,letf,2.8,2.5058696842949515,0.19013230617730925,-0.07339488472675755,0.07443297501814422,0.17362529809598126,-0.9503219891532603,1.0,0.7702,0.1222,77.60346402877391
scv,0,letf,2.9,2.5058696842949515,0.18827975599108404,-0.08349073314936872,0.06886885693666378,0.17195209375146348,-0.9575839367704665,1.0,0.8112,0.1342,74.63928937154932
scv,0,letf,3.0,2.5058696842949515,0.18557650078632093,-0.09382124384983437,0.06227443893204754,0.16980462783153827,-0.963719248131512,1.0,0.8424,0.1456,70.50829029055168
scv,0,letf,3.1,2.5058696842949515,0.1825520920955982,-0.1047314839981982,0.05546226988432257,0.1671722538734758,-0.9690061079853227,1.0,0.8754,0.1594,66.1465752542572
scv,0,letf,3.2,2.5058696842949515,0.1788829180942727,-0.1156690725035548,0.04810798349285311,0.16405814265895327,-0.9736378935289409,1.0,0.898,0.173,61.20223045299299
scv,0,letf,3.3,2.5058696842949515,0.17480885154939263,-0.126723522436566,0.04029562684463506,0.1604589964330992,-0.9777584998578344,1.0,0.9152,0.1882,56.12812266092355
scv,0,letf,3.4,2.5058696842949515,0.17046031065508116,-0.13879677189550657,0.031752125298933565,0.15636710216719604,-0.9813358301917433,1.0,0.933,0.203,51.158444644511825
scv,0,letf,3.5,2.5058696842949515,0.1646375323069299,-0.15109128545050177,0.02252184938530022,0.1517802842628905,-0.9844578098962777,1.0,0.9486,0.2156,45.16164366567717
scv,0,letf,3.6,2.5058696842949515,0.15811084346572435,-0.16389417912270646,0.013052278750422197,0.14669181691343722,-0.9870914841172693,1.0,0.9604,0.2302,39.24227975546818
scv,0,letf,3.7,2.5058696842949515,0.15204558719539063,-0.17661560201736862,0.003552399653354632,0.14110004183737954,-0.9893248953665558,1.0,0.9692,0.245,34.41451530800653
scv,0,letf,3.8,2.5058696842949515,0.1450057222458464,-0.18946025273146844,-0.006488220349203877,0.1350012754299792,-0.9912133758808955,1.0,0.976,0.2594,29.525173917847674
scv,0,letf,3.9,2.5058696842949515,0.1376720775408845,-0.2030459709072679,-0.016965112334696525,0.1283860729912809,-0.9928047622909594,1.0,0.9818,0.2734,25.143625928825276
scv,0,letf,4.0,2.5058696842949515,0.129275064851902,-0.21624014826942597,-0.028144882868593457,0.12125247934290691,-0.9941758657389372,1.0,0.9858,0.2866,20.89266543376457
scv,20,broker,0.1,2.036687709736198,0.042221074623307486,0.03288489619490205,0.03840631042522008,0.04133551271247409,-0.054170355523852465,0.0,0.0,0.0,2.8118766695541986
scv,20,broker,0.2,2.036687709736198,0.05222884075256384,0.034190370886061396,0.04460669013652585,0.050833063117720644,-0.1203899754204969,0.0,0.0,0.0,3.5707137221184917
scv,20,broker,0.3,2.036687709736198,0.06185894410152715,0.03436025730058097,0.0504637159136741,0.05992009186365084,-0.18891031823474863,0.0,0.0,0.0,4.4840531632836775
scv,20,broker,0.4,2.036687709736198,0.07104325335341666,0.034369105103262666,0.05594088857930246,0.06859488898200607,-0.2560148390130368,0.0064,0.0,0.0008,5.561286439755742
scv,20,broker,0.5,2.036687709736198,0.07999224723642906,0.033824285180851434,0.06092175664096888,0.07685683658555616,-0.32008344737627475,0.0434,0.0,0.0018,6.847246317129995
scv,20,broker,0.6,2.036687709736198,0.08838202359527747,0.032806617540396966,0.06550547132371293,0.08470538000242397,-0.38120459212346164,0.1442,0.0,0.0032,8.308717711800082
scv,20,broker,0.7,2.036687709736198,0.0964809999699725,0.031364642073607965,0.06961377966701576,0.09213882317723193,-0.4373348076614087,0.2934,0.0,0.005,10.000639888769001
scv,20,broker,0.8,2.036687709736198,0.1042468618370499,0.02939904244222621,0.07324147607112796,0.09915680016750811,-0.4904702338515863,0.469,0.0,0.0078,11.930381908794052
scv,20,broker,0.9,2.036687709736198,0.11159087433626491,0.026903847944468116,0.07636771550767829,0.10575778059506687,-0.539355197694803,0.6276,0.0016,0.012,14.08070242200428
scv,20,broker,1.0,2.036687709736198,0.11850475605766897,0.024070366392085065,0.07913576116511972,0.11194003286027777,-0.58421270366188,0.7668,0.0046,0.0168,16.441668140593997
scv,20,broker,1.1,2.036687709736198,0.12315654412479426,0.01929214620305965,0.07983889835517077,0.116112273928265,-0.6287581810737789,0.8622,0.011,0.022,18.239263713899113
scv,20,broker,1.2,2.036687709736198,0.12742009099208662,0.013990627524409239,0.07981603256640246,0.11986278378011761,-0.6683567567380778,0.9214,0.0254,0.03,20.051383759663306
scv,20,broker,1.3,2.036687709736198,0.13118948201458513,0.008296520333341306,0.07964865892587819,0.12318969828888195,-0.7045078042255382,0.9566,0.0482,0.04,21.79638273320014
scv,20,broker,1.4,2.036687709736198,0.13452914934142024,0.002240342728631961,0.07886742540072317,0.12609414221397353,-0.7382504769842548,0.9792,0.0784,0.0474,23.463441074102285
scv,20,broker,1.5,2.036687709736198,0.13754610738497386,-0.004298932847942196,0.0776475881385098,0.1285720027291262,-0.76822029263152,0.9904,0.1152,0.0552,25.074092226254024
scv,20,broker,1.6,2.036687709736198,0.13991489517958644,-0.011777433525447866,0.07609181245782015,0.13061780270287077,-0.7957329095177916,0.995,0.166,0.0644,26.412573641557856
scv,20,broker,1.7,2.036687709736198,0.14165921500360423,-0.019222843410176098,0.07394944153379496,0.1322393578079107,-0.8205772990903991,0.9978,0.218,0.0728,27.44177643166428
scv,20,broker,1.8,2.036687709736198,0.14294085778508447,-0.02719069343528076,0.07117515441845967,0.1334282891215359,-0.8427999565523409,0.999,0.2814,0.0816,28.222416953075157
scv,20,broker,1.9,2.036687709736198,0.14383357292001442,-0.03560269685384237,0.06781450443470616,0.13418612181771972,-0.8622596062466552,0.9994,0.3482,0.0952,28.778691337034488
scv,20,broker,2.0,2.036687709736198,0.14458437423445736,-0.04430038582749572,0.0642921902215946,0.13450700458330928,-0.8802114615292814,0.9996,0.4166,0.1086,29.25467776997505
scv,20,broker,2.1,2.036687709736198,0.14450492233059342,-0.0534245058124382,0.06004402091828481,0.13439150997607724,-0.8963038566411433,0.9998,0.485,0.1198,29.203963863166493
scv,20,broker,2.2,2.036687709736198,0.14394884383877604,-0.06298136738586517,0.05545563583108476,0.13383599341939453,-0.910603143303674,1.0,0.5468,0.1308,28.85128119139121
scv,20,broker,2.3,2.036687709736198,0.14286821279774065,-0.07286007496833531,0.05043475586420465,0.13283997000676226,-0.9230953526517138,1.0,0.6054,0.1424,28.17758971119728
scv,20,broker,2.4,2.036687709736198,0.14121888229105384,-0.0829521465209966,0.045016925842282784,0.13139634834475689,-0.9340585605272437,1.0,0.6638,0.1564,27.178418468875964
scv,20,broker,2.5,2.036687709736198,0.13912391877665908,-0.09347570781541216,0.03917759429486517,0.12950737514505475,-0.9435234336758618,1.0,0.7108,0.169,25.958182400974582
scv,20,broker,2.6,2.036687709736198,0.13675403628339544,-0.10404950857697083,0.03244263135865316,0.12716467605396434,-0.9519401236920244,1.0,0.7572,0.187,24.641253546231493
scv,20,broker,2.7,2.036687709736198,0.1336375286059872,-0.11547118485152906,0.025628678531435856,0.12437391988563565,-0.9593995883621856,1.0,0.8024,0.1992,23.006754904509247
scv,20,broker,2.8,2.036687709736198,0.13016482402943375,-0.12689784078801353,0.018523398829570548,0.1211265081754929,-0.9663067428132077,1.0,0.8328,0.2116,21.308103682435075
scv,20,broker,2.9,2.036687709736198,0.12634169290479458,-0.1386513654829449,0.011065383748414592,0.11741933738779566,-0.9718550164808396,1.0,0.8626,0.2256,19.577477312587042
scv,20,broker,3.0,2.036687709736198,0.12238535032236886,-0.15066308644448165,0.0031658121083198987,0.11325160576198778,-0.9765199712057007,1.0,0.8898,0.2432,17.92881890412467
scv,20,broker,3.1,2.036687709736198,0.11780111687318473,-0.16280891720403234,-0.005140812556712782,0.10861738372015306,-0.9805293819457251,1.0,0.9144,0.2604,16.18505904623268
scv,20,broker,3.2,2.036687709736198,0.11247639296633138,-0.1749641930616447,-0.014130414935246,0.10351405114173996,-0.9839596063556766,1.0,0.9316,0.2766,14.363875074412697
scv,20,broker,3.3,2.036687709736198,0.10653512981643931,-0.18811742140066018,-0.02326376231025043,0.09793771745861407,-0.9868684260617975,1.0,0.946,0.2914,12.56408472081293
scv,20,broker,3.4,2.036687709736198,0.09964436173982083,-0.2008813631908126,-0.033416050241344836,0.09188133111521336,-0.9891866756597321,1.0,0.9578,0.3112,10.747521100772126
scv,20,broker,3.5,2.036687709736198,0.09290104218008777,-0.21402854611282546,-0.043437300619276614,0.0853438901679148,-0.9912432924723922,1.0,0.967,0.3286,9.215547925682452
scv,20,broker,3.6,2.036687709736198,0.08543256737196758,-0.22688653482346577,-0.05307710288150397,0.0783218471366916,-0.9929438417496731,1.0,0.9744,0.3468,7.763750637650364
scv,20,broker,3.7,2.036687709736198,0.07680991150047523,-0.240205479228359,-0.06385950173304611,0.07080289584077742,-0.9943429259037324,1.0,0.9784,0.363,6.360285768861036
scv,20,broker,3.8,2.036687709736198,0.06774760987840023,-0.25393238457435996,-0.0748352159135546,0.06279102259177058,-0.9954338152255857,1.0,0.9844,0.3786,5.148909183248252
scv,20,broker,3.9,2.036687709736198,0.05865824725986146,-0.2676375948145934,-0.08689739120023263,0.05427487132355613,-0.9963891870600882,1.0,0.9888,0.394,4.158112604675602
scv,20,broker,4.0,2.036687709736198,0.049652619228735984,-0.2815050251055538,-0.09889763021290285,0.0452523518373963,-0.9971741583000093,1.0,0.9916,0.4138,3.3584830940902872
scv,20,letf,0.1,2.107407369993301,0.032791641734721266,0.02353928266310462,0.029011320821103692,0.032246876626997885,-0.05914737008020249,0.0,0.0,0.0,2.2403602805601457
scv,20,letf,0.2,2.107407369993301,0.04270871561947853,0.024832883557469012,0.03515529817074858,0.04174435677386134,-0.12935169880117742,0.0,0.0,0.0,2.844952972759705
scv,20,letf,0.3,2.107407369993301,0.052251867825953036,0.025000809184216453,0.040959257876097444,0.050831494754618775,-0.19992583793199148,0.0004,0.0,0.0008,3.572667908280638
scv,20,letf,0.4,2.107407369993301,0.06135332448621822,0.025009497474311505,0.046387040763359866,0.05950647491379555,-0.26819000451707486,0.0104,0.0,0.0024,4.430978388617307
scv,20,letf,0.5,2.107407369993301,0.07022144742357239,0.0244694298219732,0.05132274774191964,0.06776858699528661,-0.3330737897482638,0.0624,0.0,0.0042,5.4555841028674035
scv,20,letf,0.6,2.107407369993301,0.07853547005667472,0.02346083621107069,0.055865002963491506,0.0756172780460913,-0.39384346024713707,0.1794,0.0,0.0072,6.620043033462353
scv,20,letf,0.7,2.107407369993301,0.08656134818932626,0.02203177574790167,0.05993628673476936,0.08305082630759224,-0.44987162852555196,0.333,0.0,0.011,7.968128427987796
scv,20,letf,0.8,2.107407369993301,0.09425702934567559,0.020083852818356774,0.06353092783230968,0.09006892697017226,-0.5022071626278692,0.5056,0.0004,0.0158,9.505689673683964
scv,20,letf,0.9,2.107407369993301,0.10153462488488152,0.017610944009209317,0.06662896804602625,0.0966699664510028,-0.5507504661894729,0.6656,0.0024,0.0196,11.218991698560792
scv,20,letf,1.0,2.107407369993301,0.10838602600297931,0.01480265531829458,0.06937189759695606,0.10285228565171937,-0.5955962453885933,0.7862,0.0068,0.025,13.10014323622488
scv,20,letf,1.1,2.107407369993301,0.11332959424689903,0.010370625321866769,0.07038906737710737,0.10732408448993142,-0.6380071969164428,0.8776,0.0146,0.0332,14.641778857013293
scv,20,letf,1.2,2.107407369993301,0.11790188148552694,0.005426682480540923,0.07069809978966463,0.11138457017828354,-0.6773758332736723,0.9284,0.0304,0.0422,16.221547315567435
scv,20,letf,1.3,2.107407369993301,0.12198917275070742,9.209399427253566e-05,0.07086605085456116,0.11502314891634625,-0.7130355893984572,0.9634,0.056,0.0494,17.771214633491827
scv,20,letf,1.4,2.107407369993301,0.12564881591707866,-0.005608047931471,0.07042107058844127,0.11823620029093732,-0.7450179685113172,0.981,0.0878,0.0572,19.278498648478163
scv,20,letf,1.5,2.107407369993301,0.1289931742359226,-0.01178944729380766,0.06954317875162203,0.12102487745054978,-0.7749088154580659,0.9914,0.1274,0.0666,20.762656001971614
scv,20,letf,1.6,2.107407369993301,0.1316959610642915,-0.018906787194157684,0.0683313461029838,0.12338144826666873,-0.8010940465715047,0.9954,0.178,0.0748,22.04165265309858
scv,20,letf,1.7,2.107407369993301,0.13377774028523326,-0.02599758407035788,0.06653371616822906,0.12531205415426702,-0.8248000915095036,0.9978,0.23,0.0828,23.078002315142335
scv,20,letf,1.8,2.107407369993301,0.13540456708854032,-0.03360849963416933,0.06410989330407263,0.12681305923632602,-0.8463509834558264,0.999,0.2966,0.096,23.92027500623635
scv,20,letf,1.9,2.107407369993301,0.13664114761118495,-0.04167058130197412,0.06109853615336397,0.12787837631872478,-0.8659932456852055,0.9994,0.3624,0.108,24.580142776171762
scv,20,letf,2.0,2.107407369993301,0.13774242408665371,-0.05001712641282483,0.057928305630291665,0.12851131223012488,-0.8833641178281175,0.9996,0.431,0.119,25.182498169003388
scv,20,letf,2.1,2.107407369993301,0.13801118292923786,-0.05879905377919709,0.054027561220848674,0.12870164345961987,-0.899174589433386,0.9998,0.4952,0.1282,25.33164722325187
scv,20,letf,2.2,2.107407369993301,0.13780900483281833,-0.06801465037484442,0.04978911889589044,0.1284544092625544,-0.9128950080255556,1.0,0.5586,0.1396,25.219366559350775
scv,20,letf,2.3,2.107407369993301,0.13708802766253037,-0.07755360648275215,0.045119521182071576,0.127769185415188,-0.9248901420677184,1.0,0.6144,0.1524,24.82288030150481
scv,20,letf,2.4,2.107407369993301,0.13579966873468496,-0.08731087704977859,0.04005306525500052,0.12663634246339403,-0.935407814725068,1.0,0.6708,0.1644,24.12925444191427
scv,20,letf,2.5,2.107407369993301,0.13406700801708715,-0.09750367276266479,0.03456223273700737,0.12505824528254275,-0.9447672304668451,1.0,0.7182,0.1794,23.225651715330024
scv,20,letf,2.6,2.107407369993301,0.13205923409963582,-0.1077533630300051,0.028176824963099978,0.12302615255581496,-0.9531415508957537,1.0,0.7622,0.1944,22.219227839855733
scv,20,letf,2.7,2.107407369993301,0.12930348285533844,-0.11885550915483194,0.021706285270966352,0.120544083691927,-0.9604507777956759,1.0,0.8054,0.2034,20.90579506451391
scv,20,letf,2.8,2.107407369993301,0.12619540256991824,-0.12996793299106965,0.01494434627445096,0.11760766389974943,-0.967155151110861,1.0,0.8374,0.2168,19.513892558688692
scv,20,letf,2.9,2.107407369993301,0.12273322805830544,-0.14141377288945622,0.007824943251483252,0.11421029872383316,-0.9723395734284224,1.0,0.8642,0.2328,18.06829231029707
scv,20,letf,3.0,2.107407369993301,0.11913769743097824,-0.15312348468189738,0.0002614175637830063,0.11035347451826977,-0.9769698254555021,1.0,0.8924,0.2492,16.675929566502177
scv,20,letf,3.1,2.107407369993301,0.11490864890561447,-0.16497781694706162,-0.007716688866105742,0.10602625002821782,-0.9808699253562798,1.0,0.9152,0.265,15.169907098528828
scv,20,letf,3.2,2.107407369993301,0.10993997632183439,-0.17684760284046747,-0.01637981200326938,0.10123143857040257,-0.984179374564503,1.0,0.9324,0.2808,13.567157250864206
scv,20,letf,3.3,2.107407369993301,0.10435516358545693,-0.18971910509522955,-0.025189183511258623,0.09596547843398918,-0.9870146557183315,1.0,0.9472,0.2958,11.959687996300477
scv,20,letf,3.4,2.107407369993301,0.09781918034162174,-0.20220917734555563,-0.0350213693618984,0.09022034460703635,-0.9892663652607543,1.0,0.9582,0.315,10.310325369236907
scv,20,letf,3.5,2.107407369993301,0.09142659965777977,-0.21509069082678642,-0.0447285757443138,0.08399358864268339,-0.9913178309722951,1.0,0.967,0.3318,8.90970879260734
scv,20,letf,3.6,2.107407369993301,0.084300175466692,-0.2276940338814529,-0.05406510553817476,0.07727821015979719,-0.9929896228834747,1.0,0.9744,0.3492,7.563774619754964
scv,20,letf,3.7,2.107407369993301,0.07602352096860554,-0.2407613531060741,-0.06454359289164066,0.07007224926202867,-0.9943599489733007,1.0,0.9784,0.3652,6.245175428786801
scv,20,letf,3.8,2.107407369993301,0.06730026417069523,-0.2542457178403242,-0.07522345241300937,0.062371775365014315,-0.9954486456395115,1.0,0.9846,0.3796,5.095249497539204
scv,20,letf,3.9,2.107407369993301,0.05854407976192022,-0.2677163856453138,-0.08699561904069603,0.054167061913132156,-0.9963926570086128,1.0,0.9888,0.394,4.1469165798510055
scv,20,letf,4.0,2.107407369993301,0.049866355267994766,-0.28135835416320676,-0.09871369063402585,0.04545589992528797,-0.9971670779309587,1.0,0.9916,0.4134,3.3756217016338392
scv,100,broker,0.1,1.000019233789488,0.03719771650860393,0.02711433480810569,0.03305680871675487,0.03638262578465394,-0.06388306957316525,0.0,0.0,0.0,2.4919469905325684
scv,100,broker,0.2,1.000019233789488,0.04199747041928126,0.02276721341243896,0.034113472069506046,0.04091611496527147,-0.14387232211489992,0.0,0.0,0.0,2.7968335232360846
scv,100,broker,0.3,1.000019233789488,0.046355261875726805,0.017588139572237028,0.034611010780405405,0.04507064388983467,-0.22651880402689506,0.0036,0.0,0.0042,3.1044101743603116
scv,100,broker,0.4,1.000019233789488,0.05034471236150195,0.012190742844908642,0.0345994417845204,0.04884406292790096,-0.3055028417457468,0.0476,0.0,0.0172,3.414258006409657
scv,100,broker,0.5,1.000019233789488,0.05396245156122603,0.006303977155980589,0.034352935813554364,0.052235352577574126,-0.3798970808749806,0.1696,0.0,0.0326,3.7207327308352633
scv,100,broker,0.6,1.000019233789488,0.05721897406734999,-5.242437133518496e-05,0.033653357161120334,0.05524355129404561,-0.4500349478648248,0.3484,0.0002,0.0502,4.019052968203502
scv,100,broker,0.7,1.000019233789488,0.06008231301105449,-0.006707040340721948,0.03247611193430372,0.05786655776294022,-0.5144000597415226,0.5412,0.002,0.0724,4.3002111009627715
scv,100,broker,0.8,1.000019233789488,0.06267838286694083,-0.01374583750990888,0.03092583142818317,0.0601036270298262,-0.5717730656017446,0.703,0.0068,0.0888,4.571367781199852
scv,100,broker,0.9,1.000019233789488,0.06480935932926701,-0.02105124243787964,0.02890741606864461,0.06195282899672374,-0.6228769084769782,0.8158,0.0206,0.1114,4.806141042137077
scv,100,broker,1.0,1.000019233789488,0.06656425969046065,-0.028863076210558652,0.026538121618335297,0.06341206263411477,-0.6705370279762889,0.8942,0.047,0.1312,5.008131079805725
scv,100,broker,1.1,1.000019233789488,0.06611453160542036,-0.0386064730132443,0.022158157249697608,0.06289017838993585,-0.7144159880499207,0.941,0.0808,0.1516,4.955603821950973
scv,100,broker,1.2,1.000019233789488,0.06524444697237719,-0.048518696611196614,0.01732197031850513,0.061974565468143374,-0.7536857673499984,0.9712,0.124,0.1776,4.855477949628333
scv,100,broker,1.3,1.000019233789488,0.06412433301615539,-0.05861959432671554,0.012236027481688116,0.06066297892667841,-0.7884007901759229,0.9856,0.1812,0.202,4.729436083479396
scv,100,broker,1.4,1.000019233789488,0.06234484757820136,-0.06941178307637899,0.0067576140042892585,0.058956204720973106,-0.8181671502431639,0.9936,0.2474,0.2276,4.53563315027543
scv,100,broker,1.5,1.000019233789488,0.06029114802908653,-0.08056164021036999,0.0009043333205226989,0.05684976913047737,-0.8454455207147651,0.998,0.3206,0.248,4.321439954553904
scv,100,broker,1.6,1.000019233789488,0.05781575442785869,-0.09205526862250664,-0.005478977581322264,0.0543379007752084,-0.8691887334664554,0.9992,0.3984,0.2674,4.076155845232025
scv,100,broker,1.7,1.000019233789488,0.05492280567475705,-0.10350414037869067,-0.012315506175027857,0.051428035665076664,-0.8899579780589661,0.9996,0.464,0.2884,3.8064234529117282
scv,100,broker,1.8,1.000019233789488,0.051334979340215914,-0.11532453012962245,-0.019527867805066074,0.04811146921712232,-0.9083478636344902,0.9996,0.5308,0.3116,3.4956494834953444
scv,100,broker,1.9,1.000019233789488,0.047726830729798775,-0.12771373859021246,-0.026942857021380495,0.044389424340214444,-0.9236690774134596,0.9998,0.5982,0.3312,3.2077589064472996
scv,100,broker,2.0,1.000019233789488,0.04345427212735897,-0.14008651851546505,-0.03456740605279929,0.04025572618597871,-0.9364430990391337,1.0,0.6616,0.354,2.896247641942049
scv,100,broker,2.1,1.000019233789488,0.038761654379649624,-0.15261378650966687,-0.04273104082232887,0.035710634725069745,-0.9478963670490037,1.0,0.7162,0.3734,2.5876058347583974
scv,100,broker,2.2,1.000019233789488,0.03369759178676235,-0.16550647727956655,-0.051572777138582104,0.03075018634152368,-0.9574683882880535,1.0,0.7592,0.3902,2.290011444594769
scv,100,broker,2.3,1.000019233789488,0.028209636089422507,-0.1783089510096524,-0.06057519143600448,0.025373621078336687,-0.9650441883867903,1.0,0.7992,0.4126,2.0046647514481757
scv,100,broker,2.4,1.000019233789488,0.02223609246621583,-0.1913732112155143,-0.06991652617253308,0.019573535026559896,-0.971613167510478,1.0,0.8344,0.434,1.7329274486004098
scv,100,broker,2.5,1.000019233789488,0.016039200820250565,-0.20435422623445673,-0.07942164823980502,0.013351876130825302,-0.9771012420697702,1.0,0.8612,0.4558,1.4885456422581504
scv,100,broker,2.6,1.000019233789488,0.009642757097134358,-0.217500387639251,-0.0890964550243123,0.006700027354065875,-0.9816753889807319,1.0,0.89,0.4772,1.27114017906479
scv,100,broker,2.7,1.000019233789488,0.002705283122458546,-0.2310942849090458,-0.09895370615830992,-0.00037670627967156535,-0.9854433804635543,1.0,0.9128,0.4952,1.069874528690531
scv,100,broker,2.8,1.000019233789488,-0.004584328109280722,-0.24457374245959523,-0.1093584420802875,-0.0078871453737822,-0.9885085027718588,1.0,0.9316,0.5096,0.8914828716344301
scv,100,broker,2.9,1.000019233789488,-0.012208053587421941,-0.2580747689999002,-0.12013041789538809,-0.0158347186023472,-0.9909491568896688,1.0,0.9454,0.5262,0.7355942926494059
scv,100,broker,3.0,1.000019233789488,-0.02054264485981605,-0.2720471344400925,-0.13086354213236584,-0.024220452698242165,-0.9928661690554528,1.0,0.9592,0.5452,0.5951662604514985
scv,100,broker,3.1,1.000019233789488,-0.029123734822741165,-0.28622497770273003,-0.1419172371486287,-0.03305055357540685,-0.9944052234224696,1.0,0.9688,0.5624,0.4776361187983526
scv,100,broker,3.2,1.000019233789488,-0.03787607350115263,-0.3002939929559631,-0.1531584832146884,-0.042327944510055955,-0.995684570600873,1.0,0.976,0.5818,0.3808687825108563
scv,100,broker,3.3,1.000019233789488,-0.04698960049131268,-0.31438369470331956,-0.16488874590081667,-0.052056749040581336,-0.9966793694717331,1.0,0.9822,0.5996,0.3002209599163902
scv,100,broker,3.4,1.000019233789488,-0.05632073082324418,-0.32873121820534335,-0.17704751270374058,-0.06224428834796539,-0.9974777570587992,1.0,0.9856,0.6148,0.2347528617174906
scv,100,broker,3.5,1.000019233789488,-0.06594429478412184,-0.34272360169776267,-0.1893650504458494,-0.07289181365773784,-0.9981269408168707,1.0,0.9888,0.6284,0.1816851891078446
scv,100,broker,3.6,1.000019233789488,-0.07600074155484476,-0.35714204024590607,-0.2014572161181976,-0.08400312116088939,-0.9986041180141507,1.0,0.9922,0.6416,0.1386087248855381
scv,100,broker,3.7,1.000019233789488,-0.08615831850847233,-0.3719547342152679,-0.2140753897984289,-0.09559079475390614,-0.9989893755077002,1.0,0.9944,0.6586,0.1051415020601856
scv,100,broker,3.8,1.000019233789488,-0.09648590259303014,-0.3863228672623139,-0.2269331344579471,-0.10765107613892638,-0.9992577448096339,1.0,0.9964,0.674,0.07913592699390815
scv,100,broker,3.9,1.000019233789488,-0.1078685243820604,-0.4005967178503224,-0.2395154511442578,-0.12019560833753502,-0.9994639971203134,1.0,0.9972,0.6906,0.05763968084701572
scv,100,broker,4.0,1.000019233789488,-0.11954741859866014,-0.41503839507288093,-0.2524723509534603,-0.13322668693515635,-0.9996128814074048,1.0,0.9978,0.7046,0.04146191133525419
scv,100,letf,0.1,1.000019233789488,0.027813512961079145,0.017820919167110538,0.023709924029894802,0.02729380056116425,-0.07055413886739659,0.0,0.0,0.0,1.9854460029030299
scv,100,letf,0.2,1.000019233789488,0.03256963103660293,0.013512450550725365,0.024756536240578497,0.03182704979856222,-0.15527579145183795,0.0002,0.0,0.0028,2.2283514923366923
scv,100,letf,0.3,1.000019233789488,0.036887932170695414,0.008379967154891699,0.02524942749239245,0.035981520351258164,-0.24023831630156295,0.0078,0.0,0.018,2.4734066919369644
scv,100,letf,0.4,1.000019233789488,0.04084116527959869,0.0030311980390280388,0.025237806346103675,0.03975495621844086,-0.3217072145297409,0.0712,0.0,0.038,2.720266831541525
scv,100,letf,0.5,1.000019233789488,0.04442632584334116,-0.0028028122420786614,0.024993514728949617,0.04314624684912787,-0.3979223036290042,0.2132,0.0,0.0616,2.964457669310633
scv,100,letf,0.6,1.000019233789488,0.04765343020867385,-0.009102030951178097,0.02430015527560242,0.04615443134025802,-0.4670899586277949,0.4,0.0006,0.0844,3.2021449738398386
scv,100,letf,0.7,1.000019233789488,0.050490646620529156,-0.015696683786413996,0.023133392622712634,0.0487773830322085,-0.5294833491754274,0.5886,0.002,0.108,3.42613766457501
scv,100,letf,0.8,1.000019233789488,0.05306338737848082,-0.022672257196094888,0.02159692139437669,0.05101441833858792,-0.5866657079448236,0.7372,0.011,0.1296,3.642192101440221
scv,100,letf,0.9,1.000019233789488,0.055174978339349035,-0.029912012481493548,0.019596444216226472,0.05286352359825992,-0.6373419242562739,0.8366,0.029,0.145,3.8292358797603088
scv,100,letf,1.0,1.000019233789488,0.05691375508064711,-0.03765336661880226,0.0172482936573497,0.05432267031672967,-0.6835188620049273,0.9064,0.0574,0.1642,3.990145897656801
scv,100,letf,1.1,1.000019233789488,0.056784345742547426,-0.047023461736978474,0.013211418188193658,0.05410028561774346,-0.7260720567548538,0.9476,0.0938,0.1872,3.9779497161075046
scv,100,letf,1.2,1.000019233789488,0.05624952708727682,-0.05655679872590848,0.008729941704483213,0.05349455051807651,-0.7633277480053947,0.9744,0.1386,0.212,3.927925130067449
scv,100,letf,1.3,1.000019233789488,0.05546752691802059,-0.0662812962664522,0.003999914964756324,0.05249457393236209,-0.7963336268380868,0.9876,0.2002,0.2338,3.8558657852565488
scv,100,letf,1.4,1.000019233789488,0.05402766391433145,-0.07670118089253133,-0.0011258353252052433,0.05109634025282308,-0.8262079224375314,0.9944,0.2718,0.253,3.7264925818357515
scv,100,letf,1.5,1.000019233789488,0.05231697435245042,-0.08748040629484348,-0.006624648661748389,0.04930067668173534,-0.8522974511770096,0.9982,0.3426,0.2744,3.578198977215283
scv,100,letf,1.6,1.000019233789488,0.05018625128537235,-0.09860772214980917,-0.012653508062608343,0.04709954183612368,-0.8751988674870578,0.9992,0.4192,0.2944,3.401403993622583
scv,100,letf,1.7,1.000019233789488,0.047638396447017395,-0.10969883356726495,-0.019137572057091823,0.04449870054304944,-0.8952586645985947,0.9996,0.4836,0.3152,3.200996864045133
scv,100,letf,1.8,1.000019233789488,0.04440091577366556,-0.12116351453060327,-0.025996467236625465,0.04149420111145186,-0.9123035755295557,0.9996,0.5478,0.3326,2.962655287837065
scv,100,letf,1.9,1.000019233789488,0.04113674393668776,-0.13320463519484657,-0.03306509750672168,0.038079634927751654,-0.9270141384438151,0.9998,0.614,0.3546,2.739645840563015
scv,100,letf,2.0,1.000019233789488,0.03721519284577446,-0.14523271805159524,-0.04034239843625834,0.0342579956564779,-0.9392978373480303,1.0,0.6736,0.372,2.492997783408999
scv,100,letf,2.1,1.000019233789488,0.032865975372546874,-0.15742704380888042,-0.04816631731221796,0.030018772051215857,-0.950243669381503,1.0,0.7252,0.389,2.244396946049539
scv,100,letf,2.2,1.000019233789488,0.02814769933247918,-0.16999119598570706,-0.056666858313010826,0.02536663535383523,-0.9588506370542345,1.0,0.768,0.4086,2.001648159096572
scv,100,letf,2.3,1.000019233789488,0.02300692397353621,-0.1824704824217065,-0.06533034463917411,0.02030090451536084,-0.9664537037594978,1.0,0.8064,0.4298,1.7658928283446476
scv,100,letf,2.4,1.000019233789488,0.017380097229206526,-0.19521867761892517,-0.07433672151064774,0.014811643109120216,-0.9727425479674001,1.0,0.839,0.45,1.5384417154319503
scv,100,letf,2.5,1.000019233789488,0.011527140976843708,-0.20789124865590802,-0.08351161955166564,0.008900916368833328,-0.9780183041360132,1.0,0.865,0.4696,1.3318001217627518
scv,100,letf,2.6,1.000019233789488,0.0054713771041107195,-0.22073681313567495,-0.09286165403491001,0.002559742364399273,-0.9823231737919942,1.0,0.8936,0.4888,1.146153786217972
scv,100,letf,2.7,1.000019233789488,-0.0011291942743923422,-0.2340381099653782,-0.10240040156265506,-0.0042082302246117505,-0.9859980483033013,1.0,0.915,0.5024,0.9721499787817904
scv,100,letf,2.8,1.000019233789488,-0.008082252688914993,-0.2472316323507284,-0.11248962438455098,-0.01140759713584534,-0.9888370355833134,1.0,0.9336,0.5184,0.8163805882088346
scv,100,letf,2.9,1.000019233789488,-0.01537422979219516,-0.26045563367200586,-0.12295242263290745,-0.019045266418960014,-0.9911802211431586,1.0,0.947,0.5358,0.6788616488262106
scv,100,letf,3.0,1.000019233789488,-0.023378656017098598,-0.27415741200242866,-0.13338111187416013,-0.027119978944524167,-0.993046690265941,1.0,0.9602,0.5514,0.5535480104663999
scv,100,letf,3.1,1.000019233789488,-0.03163717601443167,-0.2880753740216027,-0.14413989539006258,-0.035642966609674996,-0.9945470034572788,1.0,0.9702,0.5688,0.44766461302798033
scv,100,letf,3.2,1.000019233789488,-0.040070661343597325,-0.30189238358706166,-0.15509120045806732,-0.04461170521784322,-0.995784690157904,1.0,0.9766,0.5868,0.35973412405944183
scv,100,letf,3.3,1.000019233789488,-0.04886847909713521,-0.315737101751329,-0.16653589710462713,-0.05403000896701822,-0.9967514112417941,1.0,0.9822,0.6036,0.2857685166381566
scv,100,letf,3.4,1.000019233789488,-0.057887605690342125,-0.3298473353128042,-0.17841467729970462,-0.06390615831444588,-0.9975330804825182,1.0,0.9856,0.6182,0.2252000403703719
scv,100,letf,3.5,1.000019233789488,-0.06720549614081056,-0.3436122772288175,-0.19046004749700676,-0.07424284918860372,-0.9981639616809893,1.0,0.989,0.6308,0.17565056531753548
scv,100,letf,3.6,1.000019233789488,-0.07696506270299891,-0.3578143213616071,-0.20229114833659084,-0.08504732739399035,-0.9986209767048908,1.0,0.9922,0.6438,0.13503722070512497
scv,100,letf,3.7,1.000019233789488,-0.0868258696537621,-0.3724143869187614,-0.21465017329372166,-0.09632185478743283,-0.9989975317822244,1.0,0.9944,0.6594,0.103238122060826
scv,100,letf,3.8,1.000019233789488,-0.09686491850055562,-0.3865806841879288,-0.22725780340451646,-0.1080705743990179,-0.9992627317808335,1.0,0.9964,0.6744,0.07831017200606577
scv,100,letf,3.9,1.000019233789488,-0.10796426594649511,-0.40066173893270673,-0.2395975270604191,-0.1203034976094865,-0.9994645009637861,1.0,0.9972,0.6908,0.057485235751288236
scv,100,letf,4.0,1.000019233789488,-0.11936813908526012,-0.4149189697976905,-0.2523195281855271,-0.13302302425825752,-0.9996123402666957,1.0,0.9978,0.7046,0.04167349172260243
