series,mode,X,n_removed,n_obs,ann_arith_total,cagr,ann_vol,sharpe,max_dd,worst_day,best_day,skew,kurt,kelly_gauss,kelly_quad,kelly_emp,kelly_emp_half,kelly_emp_quarter,fmax_feasible,mean_daily_total,mean_daily_exc,ann_arith_exc,kelly_gauss_half,kelly_gauss_quarter
mkt,best,0,0,26233,0.11283653635191837,0.10244467074803998,0.17470275413524233,0.46614813037710473,-0.8407399476860208,-0.1741,0.1567,-0.15869808233192317,16.137895674264207,2.66801337253739,2.6658088848696426,2.6163616454101675,1.3081808227050837,0.6540904113525419,5.735665137614679,0.0004294018983722791,0.00030994930049937106,0.0814472540657653,1.334006686268695,0.6670033431343475
mkt,best,1,1,26232,0.11127111354407464,0.10084230407044359,0.17400450465713363,0.4590188526511419,-0.8407399476860208,-0.1741,0.11359999999999999,-0.2768188368925471,14.730484192581763,2.63776496537309,2.6356515745696236,2.581762041506894,1.290881020753447,0.6454405103767235,5.735665137614679,0.0004234446477584629,0.00030398749618786215,0.07988063465521165,1.318882482686545,0.6594412413432725
mkt,best,5,5,26228,0.10681263486549285,0.09619772988090669,0.17258617010172575,0.43694833937787775,-0.8711707447236291,-0.1741,0.0978,-0.4533513078043136,13.496873608747027,2.5315926768704817,2.5297545759658386,2.47253912159476,1.23626956079738,0.61813478039869,5.735665137614679,0.0004064778099740736,0.00028701006557877074,0.07541937243595598,1.2657963384352409,0.6328981692176204
mkt,best,10,10,26223,0.10216530150586865,0.09133584991370292,0.17134697039235033,0.41297929548832457,-0.8711707447236291,-0.1741,0.0867,-0.5879405148481117,12.835562284343112,2.410036092205046,2.408472839867351,2.3515828464936184,1.1757914232468092,0.5878957116234046,5.735665137614679,0.0003887922815848682,0.00026931701178354873,0.07077006157983542,1.205018046102523,0.6025090230512615
mkt,best,20,20,26213,0.09415147817359522,0.08295211903774091,0.16949526955812003,0.37019031483201836,-0.9136831254225107,-0.1741,0.0727,-0.7708303703630605,12.213138152175482,2.1839570537187916,2.1828186441411024,2.1307090408990366,1.0653545204495183,0.5326772602247591,5.735665137614679,0.00035829550223171705,0.00023880135810475716,0.06275127852675191,1.0919785268593958,0.5459892634296979
mkt,best,50,50,26183,0.07550684187542529,0.06352975968871455,0.166129199479056,0.2653247140256499,-0.9632953334445661,-0.1741,0.05410000000000001,-1.057285008289259,11.885869585224743,1.5971047322329348,1.5966769691792777,1.5647665966724562,0.7823832983362281,0.39119164916811405,5.735665137614679,0.00028734293243707753,0.00016774624756521407,0.0440796969762817,0.7985523661164674,0.3992761830582337
mkt,best,100,100,26133,0.052074565777396914,0.03943106508314398,0.16294473518551317,0.12654430900379848,-0.9871973468021961,-0.1741,0.0417,-1.2909938472876483,12.150643614540682,0.7766482809817369,0.7766009534354069,0.7684709226600148,0.3842354613300074,0.1921177306650037,5.735665137614679,0.00019817089503692647,7.84678375999694e-05,0.02061946871536459,0.38832414049086844,0.19416207024543422
mkt,best,200,200,26033,0.014400042959414954,0.0016446810990633498,0.1588580767006215,-0.10768558556819484,-0.9980458617687995,-0.1741,0.034,-1.5705538965729082,12.914938257977967,-0.6779584227417975,-0.6779285049221745,4.4755769933956584e-05,2.2377884966978292e-05,1.1188942483489146e-05,5.735665137614679,5.479967733261628e-05,-6.509430338416624e-05,-0.017105224168669976,-0.33897921137089876,-0.16948960568544938
mkt,best,500,500,25733,-0.06822190418063516,-0.07689701025827211,0.152467373890071,-0.6549152384054833,-0.9998994095982873,-0.1741,0.0228,-1.9846929513396914,14.85345459158232,-4.2965673547035355,-4.289565475994646,4.4755769933956584e-05,2.2377884966978292e-05,1.1188942483489146e-05,5.735665137614679,-0.00025961994326351384,-0.0003799090661796137,-0.09983100521654971,-2.1482836773517677,-1.0741418386758839
mkt,worst,0,0,26233,0.11283653635191837,0.10244467074803998,0.17470275413524233,0.46614813037710473,-0.8407399476860208,-0.1741,0.1567,-0.15869808233192317,16.137895674264207,2.66801337253739,2.6658088848696426,2.6163616454101675,1.3081808227050837,0.6540904113525419,5.735665137614679,0.0004294018983722791,0.00030994930049937106,0.0814472540657653,1.334006686268695,0.6670033431343475
mkt,worst,1,1,26232,0.11458486463433375,0.10456324239982528,0.1738305436243363,0.4785583252861162,-0.8407399476860208,-0.12,0.1567,0.001843815542825575,13.841357317642462,2.7528123042361092,2.7504151345854027,2.718705939219172,1.359352969609586,0.679676484804793,8.327227310574521,0.0004360551997560232,0.00031660948459896304,0.08319739096109068,1.3764061521180546,0.6882030760590273
mkt,worst,5,5,26228,0.11905073726470113,0.1098028341687578,0.17239710806507558,0.5084551127063832,-0.8024023458235584,-0.09620000000000001,0.1567,0.17600392913992574,12.50243502257952,2.949124667047171,2.9462259751013,2.929072345717368,1.464536172858684,0.732268086429342,10.385254413291795,0.00045305017538508464,0.00033361293274363277,0.08766548996567543,1.4745623335235856,0.7372811667617928
mkt,worst,10,10,26223,0.12358380958691027,0.11508331442071706,0.17121770089243477,0.5383921536096992,-0.8024023458235584,-0.08280000000000001,0.1567,0.2948386009725025,11.901517424383236,3.144222896539704,3.1407582197676347,3.134572527999115,1.5672862639995575,0.7836431319997788,12.037304452466906,0.0004703008809060748,0.000350844678335812,0.09219358007261116,1.572111448269852,0.786055724134926
mkt,worst,20,20,26213,0.1311955536947714,0.1239366580656982,0.1695463015582534,0.5885435953717743,-0.8024023458235584,-0.0696,0.1567,0.4429853307012422,11.41298684001188,3.470931725296381,3.4663622954935382,3.4772184210204053,1.7386092105102027,0.8693046052551013,14.367816091954024,0.0004992675390073628,0.00037978865448441614,0.09979936390645336,1.7354658626481905,0.8677329313240952
mkt,worst,50,50,26183,0.1497150082223492,0.14560006934577086,0.16622718628790065,0.7115797076932283,-0.758433367989823,-0.0546,0.1567,0.7010632846677857,11.062558603691544,4.280168563870408,4.271936614128032,4.3321064941665135,2.1660532470832567,1.0830266235416284,18.315018315018314,0.0005697437268456632,0.0004502119695985945,0.1183049247482323,2.140084281935204,1.070042140967602
mkt,worst,100,100,26133,0.17410811509145505,0.17456180220134399,0.162768470833751,0.8761819790485837,-0.6910125119135904,-0.0431,0.1567,0.937483976108634,11.224411221456197,5.381759521055803,5.366082022395172,5.515433706758385,2.7577168533791925,1.3788584266895962,23.099307159353348,0.0006625722266865648,0.0005428691692496078,0.14265301802942276,2.6908797605279013,1.3454398802639507
mkt,worst,200,200,26033,0.21272818264480473,0.22164757002102586,0.158443626811608,1.14328245698385,-0.4815948240000786,-0.0338,0.1567,1.2075763994199609,11.899112519110972,7.213273846984276,7.1775699673140245,7.537745364805751,3.7688726824028755,1.8844363412014378,29.50147492625369,0.000809541735489571,0.0006896131832673914,0.18121383095295734,3.606636923492138,1.803318461746069
mkt,worst,500,500,25733,0.3019581048110078,0.3371592503197993,0.1508198005079645,1.791291066357288,-0.36769791717533995,-0.0244,0.1567,1.670565409286695,13.926636191653294,11.87058161782598,11.727374630111367,13.055098850393442,6.527549425196721,3.2637747125983605,40.65853658536585,0.0011491081490692884,0.0010287063303928807,0.2703193900279187,5.93529080891299,2.967645404456495
mkt,both,0,0,26233,0.11283653635191837,0.10244467074803998,0.17470275413524233,0.46614813037710473,-0.8407399476860208,-0.1741,0.1567,-0.15869808233192317,16.137895674264207,2.66801337253739,2.6658088848696426,2.6163616454101675,1.3081808227050837,0.6540904113525419,5.735665137614679,0.0004294018983722791,0.00030994930049937106,0.0814472540657653,1.334006686268695,0.6670033431343475
mkt,both,1,2,26231,0.11301944879936464,0.10295781601512277,0.17312877633444598,0.4714528313008097,-0.8407399476860208,-0.12,0.11359999999999999,-0.1161092926030627,12.365019446281055,2.7229465392664305,2.720645207792107,2.6835279518233266,1.3417639759116633,0.6708819879558316,8.327227310574521,0.00043009797567763336,0.0003106477069116694,0.08163077854674325,1.3614732696332152,0.6807366348166076
mkt,both,5,10,26223,0.1130268720631069,0.10351440270974677,0.17025183961156756,0.4794671258046048,-0.8222243327247492,-0.09620000000000001,0.0978,-0.11804064582254381,9.50378486357922,2.816072080266559,2.8136105089423147,2.7812265697807828,1.3906132848903914,0.6953066424451957,10.385254413291795,0.00043012622506959536,0.00031067383594554404,0.08163764463115464,1.4080360401332794,0.7040180200666397
mkt,both,10,20,26213,0.11291260374875318,0.1038476752363684,0.16779214331466621,0.4857673804303259,-0.8222243327247492,-0.08280000000000001,0.0867,-0.13368273899300226,7.8962260140064675,2.8948642216770812,2.892266899368312,2.861096298409235,1.4305481492046175,0.7152740746023087,12.037304452466906,0.0004296913745088315,0.0003102124899858849,0.08151641396043516,1.4474321108385406,0.7237160554192703
mkt,both,20,40,26193,0.11251024656380021,0.10406533953877428,0.16417500214901506,0.49394985542681275,-0.8754435064512656,-0.0696,0.0727,-0.16899071351961786,6.163086320360614,3.008463268965926,3.005672408238857,2.9739292590977917,1.4869646295488959,0.7434823147744479,14.367816091954024,0.0004281601954720727,0.0003086397129003932,0.08110312580439005,1.504231634482963,0.7521158172414815
mkt,both,50,100,26133,0.11238445042628686,0.10516703208461253,0.15719005833218028,0.5148502301418277,-0.9014386284492111,-0.0546,0.05410000000000001,-0.20070292436933918,4.037471335793766,3.2751756797649034,3.271875106538373,3.2386993277435687,1.6193496638717844,0.8096748319358922,18.315018315018314,0.00042768147552902465,0.0003080052041480121,0.08093639209833273,1.6375878398824517,0.8187939199412259
mkt,both,100,200,26033,0.11334810206375887,0.10744529921889834,0.15007076085383214,0.5451800492489223,-0.8843041717595979,-0.0431,0.0417,-0.20472162684169842,2.7758491399486305,3.6324666591011208,3.628362525609407,3.5932200516947486,1.7966100258473743,0.8983050129236871,23.099307159353348,0.0004313486728383206,0.00031139323166749896,0.08182668460009629,1.8162333295505604,0.9081166647752802
mkt,both,200,400,25833,0.11430295509754093,0.1100067773074298,0.14075433726612382,0.5872369316687805,-0.869587035491734,-0.0338,0.034,-0.22886248167347095,1.7348740380088348,4.171494196913491,4.166026810016701,4.123568572017891,2.0617842860089457,1.0308921430044728,29.50147492625369,0.000434982386869508,0.00031460534974644836,0.08267075231324784,2.0857470984567454,1.0428735492283727
mkt,both,500,1000,25233,0.12105943774824658,0.11997838465889266,0.12425550759562552,0.7176051882543651,-0.7621016364488502,-0.0244,0.0228,-0.2287285929682795,0.6478476408343603,5.7738349947679035,5.762541804264852,5.699458575304696,2.849729287652348,1.424864643826174,40.65853658536585,0.00046069432885507077,0.00033942060000792616,0.08919160585121617,2.8869174973839518,1.4434587486919759
scv,best,0,0,26233,0.1565667669966816,0.14393116810314988,0.2101344195421973,0.5956293781096133,-0.8895053111818321,-0.1602,0.267,0.27700207950349653,24.823938803144376,2.8342787153391558,2.8304571650721333,2.78009325764397,1.390046628821985,0.6950233144109925,6.242197253433208,0.0005958182441962415,0.00047636564632333326,0.1251774847105285,1.4171393576695779,0.7085696788347889
scv,best,1,1,26232,0.1538980936359111,0.1412283887943966,0.2084398179249752,0.5876676767862531,-0.8895053111818321,-0.1602,0.23190000000000002,-0.053180571982877865,18.70758114903743,2.819142833677329,2.815442498708429,2.747464446017644,1.373732223008822,0.686866111504411,6.242197253433208,0.000585662549557792,0.0004662053979871913,0.12250761474704812,1.4095714168386646,0.7047857084193323
scv,best,5,5,26228,0.14677006424619077,0.13378912008969523,0.20525356907256753,0.5620524314598109,-0.8895053111818321,-0.1602,0.1358,-0.5307724442395435,12.45161153994353,2.738162805432941,2.734874880477618,2.644666618808712,1.322333309404356,0.661166654702178,6.242197253433208,0.0005585366783590057,0.0004390613085252402,0.11537479803402612,1.3690814027164706,0.6845407013582353
scv,best,10,10,26223,0.1415571585595669,0.12818505152218185,0.20391393863672344,0.5401648852905355,-0.8895053111818321,-0.1602,0.0892,-0.6535299270284924,11.81256215214701,2.648850945768921,2.6459128968978862,2.5550794400271895,1.2775397200135947,0.6387698600067974,6.242197253433208,0.0005386988521526904,0.00041920451512031425,0.11015690822179956,1.3244254728844604,0.6622127364422302
scv,best,20,20,26213,0.1330260541115621,0.11898180982388995,0.20216330023630594,0.5026074342198681,-0.90950458781104,-0.1602,0.0817,-0.7849779545358421,11.497238263109432,2.4860680735973633,2.4836803486386847,2.397925066647456,1.198962533323728,0.599481266661864,6.242197253433208,0.0005062335482394232,0.0003867012551024301,0.1016158298184056,1.2430340367986816,0.6215170183993408
scv,best,50,50,26183,0.11119332135181756,0.09563215235366851,0.19830470952014528,0.40218513966975444,-0.9705497092421567,-0.1602,0.0654,-1.055037060397807,11.19154093469941,2.028145149288482,2.026897436536112,1.9623230722507539,0.9811615361253769,0.49058076806268847,6.242197253433208,0.00042314860787533897,0.0003035175495550548,0.07975714393354219,1.014072574644241,0.5070362873221205
scv,best,100,100,26133,0.08203342908109205,0.06498726785986308,0.19416018647764213,0.26036522356039127,-0.9940607530174905,-0.1602,0.052199999999999996,-1.3197646292844865,11.340412664652831,1.3410960691203222,1.340750173831866,1.3095708562955046,0.6547854281477523,0.32739271407387616,6.242197253433208,0.0003121800022959477,0.0001923698006352122,0.05055017708274693,0.6705480345601611,0.33527401728008055
scv,best,200,200,26033,0.035089632230347834,0.01716881118060254,0.1887902788961851,0.01860427262364044,-0.9995602549865027,-0.1602,0.0414,-1.6450491496285211,11.99874074375459,0.09856576022448117,0.09856563039246835,0.09824432009253584,0.04912216004626792,0.02456108002313396,6.242197253433208,0.00013353436023508624,1.3363807475127743e-05,0.003511688592163516,0.049282880112240586,0.024641440056120293
scv,best,500,500,25733,-0.06619183075363384,-0.07945961737585627,0.1806100471491981,-0.5429147372912729,-0.9999940329062674,-0.1602,0.0277,-2.1192389467016586,13.834798411337488,-3.0074575202102367,-3.004087698227855,4.8708273139044716e-05,2.4354136569522358e-05,1.2177068284761179e-05,6.242197253433208,-0.0002518944545913807,-0.0003729879920724361,-0.09801231267455306,-1.5037287601051184,-0.7518643800525592
scv,worst,0,0,26233,0.1565667669966816,0.14393116810314988,0.2101344195421973,0.5956293781096133,-0.8895053111818321,-0.1602,0.267,0.27700207950349653,24.823938803144376,2.8342787153391558,2.8304571650721333,2.78009325764397,1.390046628821985,0.6950233144109925,6.242197253433208,0.0005958182441962415,0.00047636564632333326,0.1251774847105285,1.4171393576695779,0.7085696788347889
scv,worst,1,1,26232,0.15817752067871244,0.1459394719101179,0.209521205232478,0.6050506821430067,-0.8895053111818321,-0.1244,0.267,0.35123758956009615,24.24092181189823,2.887521303762445,2.8835039984636626,2.842260456262288,1.421130228131144,0.710565114065572,8.03293172690763,0.0006019480024397683,0.00048249085086916747,0.12678704178984945,1.4437606518812225,0.7218803259406112
scv,worst,5,5,26228,0.16312994751075663,0.1520056010962727,0.20807091860801466,0.6330470847284344,-0.8895053111818321,-0.1186,0.267,0.490233078832203,23.69934001548532,3.0421586154080718,3.037526036688246,3.0095047371265844,1.5047523685632922,0.7523761842816461,8.425442291491153,0.0006207945706878145,0.0005013268262925119,0.1317366850812198,1.5210793077040359,0.7605396538520179
scv,worst,10,10,26223,0.16879976924035653,0.15894949505089007,0.20654087157429046,0.6651699688191083,-0.8895053111818321,-0.1047,0.267,0.630164497793143,23.30548256906905,3.220184683172402,3.2147715817680806,3.202713640549297,1.6013568202746484,0.8006784101373242,9.534795042897997,0.0006423712008542119,0.0005228959310528924,0.1374045293143233,1.610092341586201,0.8050461707931005
scv,worst,20,20,26213,0.17857102970633373,0.17091036863466513,0.20425416380294115,0.7203877094406184,-0.8765836157509574,-0.08869999999999999,0.267,0.8205621531228319,23.11635331037053,3.526462348720228,3.5195113734374757,3.5336954427369536,1.7668477213684768,0.8834238606842384,11.250843644544432,0.0006795559455232136,0.0005600465417922404,0.14716682020096514,1.763231174360114,0.881615587180057
scv,worst,50,50,26183,0.2023876417326562,0.2002820633852569,0.19968223431325036,0.8559996413147454,-0.8431174462306045,-0.0693,0.267,1.163608149235493,23.591437894314563,4.286055431292586,4.274136800012245,4.361243792483753,2.1806218962418766,1.0903109481209383,14.43001443001443,0.0007701905816751328,0.0006506091738914563,0.17096451128646004,2.143027715646293,1.0715138578231465
scv,worst,100,100,26133,0.23356832398376243,0.23947624325506234,0.19493798844255208,1.0364440157324915,-0.7849769239015791,-0.0542,0.267,1.4887377340407861,24.873021630198423,5.3154170785591175,5.293775544001219,5.50880967504709,2.754404837523545,1.3772024187617724,18.386029411764707,0.0008888493475682088,0.0007691041977576246,0.20210216605389295,2.6577085392795587,1.3288542696397794
scv,worst,200,200,26033,0.2819828403936804,0.3023792738922839,0.18921630411576398,1.3229122524222359,-0.6658268518983821,-0.042199999999999994,0.267,1.8553748249842656,27.262652187422734,6.988744774282763,6.9425056906817675,7.437267909945327,3.7186339549726637,1.8593169774863318,23.483568075117375,0.0010730918449660047,0.0009530019590519725,0.2504260940709417,3.4943723871413814,1.7471861935706907
scv,worst,500,500,25733,0.3918072349023373,0.4560515724724121,0.17943269204927412,2.004958499369674,-0.42422443630455864,-0.029500000000000002,0.267,2.4911776625173383,33.07831180723814,11.165946767539431,10.997701142541185,12.711566794175827,6.355783397087913,3.1778916985439567,33.79054054054054,0.001491030971903781,0.0013700812186686355,0.3600245360381581,5.5829733837697155,2.7914866918848578
scv,both,0,0,26233,0.1565667669966816,0.14393116810314988,0.2101344195421973,0.5956293781096133,-0.8895053111818321,-0.1602,0.267,0.27700207950349653,24.823938803144376,2.8342787153391558,2.8304571650721333,2.78009325764397,1.390046628821985,0.6950233144109925,6.242197253433208,0.0005958182441962415,0.00047636564632333326,0.1251774847105285,1.4171393576695779,0.7085696788347889
scv,both,1,2,26231,0.155508806987048,0.1432319209107764,0.20782159350813725,0.5971565867779381,-0.8895053111818321,-0.1244,0.23190000000000002,0.019921233043566012,18.02741298607662,2.8731697233479316,2.8692758705404464,2.8094539738181146,1.4047269869090573,0.7023634934545286,8.03293172690763,0.000591792154321223,0.00047233044870572993,0.12411713140423937,1.4365848616739658,0.7182924308369829
scv,both,5,10,26223,0.15333262821710972,0.14179155797762388,0.20314034272853246,0.6001730545157912,-0.8895053111818321,-0.1186,0.1358,-0.3272776632402307,10.640507371393157,2.9542479043109755,2.9502036750983947,2.872988073373367,1.4364940366866834,0.7182470183433417,8.425442291491153,0.0005835106585821607,0.0004640201349959959,0.1219333799616892,1.4771239521554878,0.7385619760777439
scv,both,10,20,26213,0.15378910155546652,0.14299629609640863,0.20020838130390142,0.6112099279276455,-0.8895053111818321,-0.1047,0.0892,-0.31883204151397215,8.984015249780779,3.0526476122993462,3.0483137884804417,2.974237723624296,1.487118861812148,0.743559430906074,9.534795042897997,0.0005852477778201655,0.0004657307442871857,0.1223828871208353,1.5263238061496731,0.7631619030748366
scv,both,20,40,26193,0.1550291436450409,0.1453736901237861,0.19604301717577025,0.6304212713389631,-0.8886434819966206,-0.08869999999999999,0.0817,-0.27374196845095694,7.473972798160471,3.2154806193596626,3.2106245817922137,3.1418315954448834,1.5709157977224417,0.7854578988612209,11.250843644544432,0.0005899667850188981,0.00047037758179666327,0.12360396474426268,1.6077403096798313,0.8038701548399156
scv,both,50,100,26133,0.15701505214926828,0.14961468271302247,0.18718892112488678,0.6706067131758963,-0.9036149658401061,-0.0693,0.0654,-0.23341502999662228,5.222617356476942,3.5822297285655296,3.576109362232771,3.5114315083711167,1.7557157541855584,0.8778578770927792,14.43001443001443,0.0005975242031148356,0.00047776374698656876,0.12554487208563983,1.7911148642827648,0.8955574321413824
scv,both,100,200,26033,0.15904446718472304,0.15397728621725126,0.17758918343883082,0.7177639000107033,-0.8921256352094384,-0.0542,0.052199999999999996,-0.2139683862647414,3.6445292058038445,4.0413392001355595,4.033431161744901,3.9685147377952923,1.9842573688976461,0.9921286844488231,18.386029411764707,0.0006052471862635886,0.00048514193523604656,0.12748368327808993,2.0206696000677797,1.0103348000338899
scv,both,200,400,25833,0.16053620102958924,0.15816887380419598,0.1651495133479041,0.7797117888626703,-0.8721912672972774,-0.042199999999999994,0.0414,-0.23667039623715916,2.3511539066075056,4.720733589235205,4.709836636420816,4.633277922276126,2.316638961138063,1.1583194805690316,23.483568075117375,0.0006109240119227346,0.0004901056787829521,0.12878803621946053,2.3603667946176023,1.1801833973088012
scv,both,500,1000,25233,0.16929596941840608,0.17226603393798223,0.14352954114787944,0.9547664803036852,-0.8360877047902244,-0.029500000000000002,0.0277,-0.22571247181630114,0.990777300676577,6.650934219109826,6.627940756864334,6.521384051902382,3.260692025951191,1.6303460129755956,33.79054054054054,0.0006442595014465184,0.0005216066262434114,0.13706573088433222,3.325467109554913,1.6627335547774564
