variant,series,frac,X,scenario,label,kelly_mult,leverage,leverage_min,leverage_max,n_obs,cagr,ann_vol,sharpe,sortino,max_dd,calmar,final_wealth,log_final_wealth,final_wealth_raw,worst_day,best_day,worst_month,mdd_peak,mdd_trough,mdd_recovery,mdd_recovered,mdd_duration_days,mdd_recovery_days,mdd_duration_tdays,mdd_recovery_tdays,longest_underwater_days,n_dd_20,n_dd_35,n_dd_50,pct_days_below_20,q01,q05,q50,q95,q99,skew,kurt,wiped_out
walkforward,mkt,full,0,full_x0,"Full Kelly, original",1.0,2.2030944087973623,0.339972814961476,2.8717927932916645,23258,0.1529340468080577,0.3601682196596845,0.48475411706465554,0.674373113653366,-0.9433800031678148,0.1621128774136765,356308.4139733034,12.783551966171403,295284.4483973008,-0.46036396731578105,0.2780728334329087,-0.5734442689845726,2000-03-24,2009-03-09,2017-01-06,True,6132.0,2860.0,4223,1973,6132.0,30,15,8,0.5376644595408032,-0.06365248600872893,-0.03345624709140456,0.0012434299501964405,0.03251727386189606,0.05915181840949396,-0.6376400070560803,21.410333590509307,False
fixed_1936,mkt,full,0,full_x0,"Full Kelly, original",1.0,2.6163616454101675,2.6163616454101675,2.6163616454101675,23258,0.18075911058187616,0.4129054511386079,0.5304907763180517,0.739246421539203,-0.9508172893259179,0.19010919617377317,3035075.782987173,14.925746951846753,2437319.152922367,-0.4559934709595332,0.297218682918595,-0.568641183431147,2000-03-24,2009-03-09,2016-08-05,True,5978.0,2706.0,4117,1867,5978.0,33,15,10,0.5417060796285149,-0.07209758141332062,-0.03842215235207048,0.0017698169872461004,0.037099944624964375,0.06737486522400563,-0.513099006797217,15.347036257866932,False
cost_futures,mkt,full,0,full_x0,"Full Kelly, original",1.0,2.6163616454101675,2.6163616454101675,2.6163616454101675,26233,0.13256720224564386,0.45724658188488815,0.4345856927142814,0.6117684585093004,-0.9968070625196177,0.1329918368661587,249586.38962861773,12.427560385259161,249586.38962861607,-0.45654397663289187,0.4096839638319601,-0.6109060482319536,1929-09-03,1932-07-08,1954-06-28,True,9064.0,8025.0,7206,6361,9064.0,32,13,8,0.6589029085502992,-0.08057768356402252,-0.041265615646403596,0.0017191822849085994,0.039218096417073016,0.07801403468811173,-0.16235792557708603,16.126627602085282,False
cost_broker,mkt,full,0,full_x0,"Full Kelly, original",1.0,2.6163616454101675,2.6163616454101675,2.6163616454101675,26233,0.1198254979465104,0.45724658188488815,0.4098423634641788,0.5763983222853698,-0.9969220887808152,0.12019544886707331,80666.2902358782,11.298076049962456,80666.29023587772,-0.4565870343291846,0.40964090613566734,-0.6113249227446186,1929-09-03,1932-07-08,1954-11-12,True,9201.0,8162.0,7302,6457,9201.0,32,13,8,0.6827659817786758,-0.08062074126031527,-0.04130867334269635,0.0016761245886158483,0.039175038720780264,0.07797097699181899,-0.16235792557708578,16.126627602085282,False
cost_letf,mkt,full,0,full_x0,"Full Kelly, original",1.0,2.6163616454101675,2.6163616454101675,2.6163616454101675,26233,0.11274501680418557,0.4572667119270489,0.3959713690312488,0.5566103862068794,-0.9969559773861403,0.1130892630783809,42824.302100133435,10.664861026506903,42824.30210013379,-0.45669541812347597,0.40961122171483505,-0.6113513929972887,1929-09-03,1932-07-08,1954-11-23,True,9212.0,8173.0,7309,6464,9212.0,30,12,8,0.6983570312202189,-0.08063308263310702,-0.041347785140274394,0.0016438279684123237,0.03916129052360129,0.07795931683513577,-0.16200645003270686,16.126255533027884,False
cash_day,mkt,full,0,full_x0,"Full Kelly, original",1.0,2.6163616454101675,2.6163616454101675,2.6163616454101675,26233,0.14903182447736774,0.4571129145667999,0.46614813037710473,0.6570431657481695,-0.9966754611485887,0.14952893924529906,1054300.8838567971,13.868388435899895,1054300.8838568085,-0.4559934709595332,0.4099838698357733,-0.6104393148826501,1929-09-03,1932-07-08,1954-02-04,True,8920.0,7881.0,7107,6262,8920.0,32,14,9,0.6196393855068044,-0.08061012769786792,-0.041238513997480644,0.0017698169872461004,0.03924542468115251,0.07803557703322302,-0.16136801291767994,16.134456146026313,False
walkforward,mkt,half,0,half_x0,"Half Kelly, original",0.5,1.1015472043986811,0.169986407480738,1.4358963966458322,23258,0.11027089002788013,0.18007612676946497,0.48475411706465554,0.674373113653366,-0.6239383082620977,0.1767336426817996,12045.704069501817,9.396463366599408,10492.12165274265,-0.23003198365789054,0.13903641671645434,-0.29808642656694195,2007-10-09,2009-03-09,2013-01-17,True,1927.0,1410.0,1328,973,2856.0,18,6,3,0.20638060022357899,-0.031723919322613016,-0.01662692729850511,0.0006676433595595659,0.016315471959846516,0.02964748652398687,-0.6359190557171288,21.40348877790416,False
fixed_1936,mkt,half,0,half_x0,"Half Kelly, original",0.5,1.3081808227050837,1.3081808227050837,1.3081808227050837,23258,0.1294259140817012,0.20644058522641698,0.5304907763180517,0.739246421539203,-0.660455963366742,0.19596448705215613,55995.425141792184,10.933025272483595,47684.49977049311,-0.2278467354797666,0.1486093414592975,-0.3025618689228632,2007-10-09,2009-03-09,2012-09-13,True,1801.0,1284.0,1243,888,2580.0,19,9,4,0.26519907128729897,-0.036031224399766124,-0.01913025809376473,0.0009157265758935587,0.018645349600141678,0.033767561675038534,-0.5146973653702134,15.346971368524962,False
cost_futures,mkt,half,0,half_x0,"Half Kelly, original",0.5,1.3081808227050837,1.3081808227050837,1.3081808227050837,26233,0.11513667876839158,0.22857059663498672,0.45411296169318444,0.6397659624057028,-0.9182132209705934,0.1253920942748862,53061.10418189286,10.87919943753726,53061.10418189311,-0.22795169670041995,0.20493475385370352,-0.36508412310925675,1929-09-03,1932-07-08,1945-10-15,True,5886.0,4847.0,4808,3963,5886.0,19,9,4,0.3564594213395342,-0.04026487794376304,-0.02055090106592777,0.0009105816994830284,0.019702791905832694,0.0390476811823041,-0.1644021828660315,16.12724002313259,False
cost_broker,mkt,half,0,half_x0,"Half Kelly, original",0.5,1.3081808227050837,1.3081808227050837,1.3081808227050837,26233,0.11273437060735012,0.22857059663498672,0.44467589544647745,0.6262476596732035,-0.9187805063956179,0.12270000269118443,42783.418795749785,10.663905895192487,42783.41879574976,-0.22795990622228343,0.20492654433184004,-0.3652116633477409,1929-09-03,1932-07-08,1945-11-07,True,5909.0,4870.0,4826,3981,5909.0,20,9,4,0.3623298898334159,-0.040273087465626516,-0.02055911058779125,0.0009023721776195482,0.019694582383969213,0.039039471660440625,-0.16440218286603134,16.127240023132586,False
cost_letf,mkt,half,0,half_x0,"Half Kelly, original",0.5,1.3081808227050837,1.3081808227050837,1.3081808227050837,26233,0.10323800318409591,0.2285737828533545,0.40716752411305623,0.5726168416802181,-0.9208540046922377,0.11211115188514546,18183.538243513096,9.808271971650413,18183.5382435137,-0.22800859856404626,0.20489285707122834,-0.3656549389377317,1929-09-03,1932-07-08,1946-02-02,True,5996.0,4957.0,4896,4051,5996.0,19,8,3,0.38687912171692146,-0.04030223678418332,-0.02058801292452735,0.0008732103674667244,0.01966158447590461,0.039009220965259626,-0.1642667944406135,16.12728055718175,False
cash_day,mkt,half,0,half_x0,"Half Kelly, original",0.5,1.3081808227050837,1.3081808227050837,1.3081808227050837,26233,0.11820138587007545,0.228546674180072,0.46614813037710473,0.6570431657481695,-0.9175848811609626,0.12881793095862984,69785.7099319718,11.153184539022357,69785.70993197126,-0.2278467354797666,0.20499193491788664,-0.36494235466291225,1929-09-03,1932-07-08,1945-10-01,True,5872.0,4833.0,4798,3953,5872.0,19,9,4,0.3467007204665879,-0.04027106384893396,-0.020538438916469816,0.0009232723290820335,0.019691894258305746,0.03905178851661153,-0.16403206846925103,16.12979217984354,False
walkforward,mkt,quarter,0,quarter_x0,"Quarter Kelly, original",0.25,0.5507736021993406,0.084993203740369,0.7179481983229161,23258,0.07595393855266487,0.09003872771677592,0.48475411706465554,0.674373113653366,-0.35588767995724313,0.21342109555967234,717.7790371227154,6.5761617739442215,651.6602882395409,-0.11486599182894527,0.06951820835822717,-0.147673198957873,2007-10-09,2009-03-09,2011-04-27,True,1296.0,779.0,894,539,2831.0,6,1,0,0.029624215323759567,-0.015772515043172376,-0.008239620483339035,0.0003760402410186411,0.008246284398419871,0.014929649650942494,-0.6323042647638508,21.381559592249015,False
fixed_1936,mkt,quarter,0,quarter_x0,"Quarter Kelly, original",0.25,0.6540904113525419,0.6540904113525419,0.6540904113525419,23258,0.08658861852319664,0.10321569500425658,0.5304907763180517,0.739246421539203,-0.3839923480027134,0.22549568754058813,1736.5701852472853,7.459667289016249,1556.2674477306343,-0.11377336773988331,0.07430467072964875,-0.16266534220639073,2007-10-09,2009-03-09,2011-02-04,True,1214.0,697.0,838,483,2246.0,7,2,0,0.05464786310086852,-0.017985335772536186,-0.009515129046882365,0.0005270452056762709,0.009353492882341349,0.016946336867560596,-0.5177901820697187,15.34237991384343,False
cost_futures,mkt,quarter,0,quarter_x0,"Quarter Kelly, original",0.25,0.6540904113525419,0.6540904113525419,0.6540904113525419,26233,0.08124897953109812,0.1142700235401623,0.46614813037710473,0.6570431657481695,-0.6806677551014767,0.11936657631003131,2436.7573240471997,7.798423468874926,2436.7573240471665,-0.11377336773988331,0.10249596745894332,-0.19975284637958501,1929-09-03,1932-06-01,1943-06-05,True,5023.0,4021.0,4112,3297,5023.0,7,2,1,0.125986353066748,-0.020048575628523035,-0.010203810417099654,0.0005232723290820335,0.009942174252558637,0.019612850554249703,-0.16933866312555826,16.116793934321954,False
cost_broker,mkt,quarter,0,quarter_x0,"Quarter Kelly, original",0.25,0.6540904113525419,0.6540904113525419,0.6540904113525419,26233,0.08124897953109812,0.1142700235401623,0.46614813037710473,0.6570431657481695,-0.6806677551014767,0.11936657631003131,2436.7573240471997,7.798423468874926,2436.7573240471665,-0.11377336773988331,0.10249596745894332,-0.19975284637958501,1929-09-03,1932-06-01,1943-06-05,True,5023.0,4021.0,4112,3297,5023.0,7,2,1,0.125986353066748,-0.020048575628523035,-0.010203810417099654,0.0005232723290820335,0.009942174252558637,0.019612850554249703,-0.16933866312555826,16.116793934321954,False
cost_letf,mkt,quarter,0,quarter_x0,"Quarter Kelly, original",0.25,0.6540904113525419,0.6540904113525419,0.6540904113525419,26233,0.07145673403137946,0.1142700235401623,0.38652282528067283,0.543174360898658,-0.6897874493588411,0.10359239516143509,982.5977661940137,6.890199846369474,982.5977661940049,-0.11380799798821883,0.1024613372106078,-0.2004239729183176,1929-09-03,1932-07-08,1945-02-19,True,5648.0,4609.0,4623,3778,5648.0,7,2,1,0.16509739640910304,-0.02008320587685856,-0.010238440665435182,0.0004886420807465057,0.009907544004223109,0.019578220305914176,-0.16933866312555804,16.116793934321954,False
cash_day,mkt,quarter,0,quarter_x0,"Quarter Kelly, original",0.25,0.6540904113525419,0.6540904113525419,0.6540904113525419,26233,0.08124897953109812,0.1142700235401623,0.46614813037710473,0.6570431657481695,-0.6806677551014767,0.11936657631003131,2436.7573240471997,7.798423468874926,2436.7573240471665,-0.11377336773988331,0.10249596745894332,-0.19975284637958501,1929-09-03,1932-06-01,1943-06-05,True,5023.0,4021.0,4112,3297,5023.0,7,2,1,0.125986353066748,-0.020048575628523035,-0.010203810417099654,0.0005232723290820335,0.009942174252558637,0.019612850554249703,-0.16933866312555826,16.116793934321954,False
walkforward,mkt,full,10,full_x10,"Full Kelly, -10 best days",1.0,1.9000262220737216,4.1762113583609977e-05,2.671705340186208,23252,0.12611396689761084,0.31731096958598415,0.42987304030173246,0.5897807077523941,-0.9469339962834361,0.13318136997149527,43011.49098036115,10.669222591076988,36670.34556337361,-0.41696251710643506,0.20534241809645348,-0.6066711621192118,2000-03-24,2009-03-09,2017-10-20,True,6419.0,3147.0,4420,2172,6419.0,28,13,8,0.46529330810252884,-0.05705452325837215,-0.02983034511037272,0.0007110806923937994,0.02911291998925431,0.05334936782129999,-1.0048063331475878,20.709315026123377,False
fixed_1936,mkt,full,10,full_x10,"Full Kelly, -10 best days",1.0,2.6163616454101675,2.6163616454101675,2.6163616454101675,23252,0.1629291727767758,0.40768756563350755,0.4954318999123938,0.6815760395438653,-0.9698108376241475,0.16800098169238997,773707.2675391573,13.558948873719682,631750.7273907133,-0.4559934709595332,0.22683855465706151,-0.6659872846565488,2000-03-24,2009-03-09,2017-10-18,True,6417.0,3145.0,4418,2170,6417.0,33,15,11,0.5760364699810769,-0.07210958141332062,-0.03842215235207048,0.0017698169872461004,0.03699069920028336,0.06665435307012763,-0.7898567977647523,13.590985505984108,False
cost_futures,mkt,full,10,full_x10,"Full Kelly, -10 best days",1.0,2.6163616454101675,2.6163616454101675,2.6163616454101675,26223,0.10506036873225334,0.44846339745714797,0.3808078864623414,0.5256644831332503,-0.9983853369749502,0.10523028017476717,21440.54183516807,9.973038887028094,21359.185750566616,-0.45654397663289187,0.2267966469665335,-0.6665845915824218,1929-09-03,1933-03-31,1956-08-02,True,9830.0,8525.0,7731,6680,9830.0,31,13,9,0.6997292453189948,-0.08060757379204797,-0.04127795401440781,0.0017007525168891212,0.0390873681326716,0.07712733781141723,-0.5911132364703285,12.834099312383168,False
cost_broker,mkt,full,10,full_x10,"Full Kelly, -10 best days",1.0,2.6163616454101675,2.6163616454101675,2.6163616454101675,26223,0.09262709950177411,0.44846339745714797,0.35557980069625744,0.49038139655544055,-0.998457323916509,0.09277021389200565,6928.931748836225,8.843460931504715,6905.61281115152,-0.4565870343291846,0.22675358927024075,-0.6669036027685515,1929-09-03,1933-03-31,1958-12-18,True,10698.0,9393.0,8330,7279,10698.0,28,12,9,0.7291309156084353,-0.08065063148834073,-0.04132101171070056,0.00165769482059637,0.03904431043637885,0.07708428011512447,-0.5911132364703282,12.834099312383168,False
cost_letf,mkt,full,10,full_x10,"Full Kelly, -10 best days",1.0,2.6163616454101675,2.6163616454101675,2.6163616454101675,26223,0.08571694755832626,0.4484832385456322,0.3414371468721785,0.470640708414102,-0.9984751025778489,0.08584785673375676,3677.891581909352,8.210094927271774,3666.398944167688,-0.45669541812347597,0.22675151066892996,-0.6669495855991023,1929-09-03,1933-03-31,1959-01-02,True,10713.0,9408.0,8338,7287,10713.0,24,10,9,0.7466727681806048,-0.08066135355564658,-0.041353102843039086,0.0016212638139398116,0.03902700440030645,0.07705823637408273,-0.5907249834219527,12.834048320758171,False
cash_day,mkt,full,10,full_x10,"Full Kelly, -10 best days",1.0,2.6163616454101675,2.6163616454101675,2.6163616454101675,26233,0.121086320312119,0.44824174907399117,0.4129005262068406,0.5706915531445839,-0.9983019463697826,0.12129228111037581,90256.66010541002,11.410412669654145,90256.6601054087,-0.4559934709595332,0.22683855465706151,-0.6659872846565488,1929-09-03,1933-03-31,1955-09-06,True,9499.0,8194.0,7507,6452,9499.0,32,14,10,0.6668318530095682,-0.08061012769786792,-0.041238513997480644,0.0017698169872461004,0.039183788516611494,0.07718266853959994,-0.5906272952299998,12.840816000311047,False
walkforward,mkt,half,10,half_x10,"Half Kelly, -10 best days",0.5,0.9500131110368608,2.0881056791804988e-05,1.335852670093104,23252,0.0932422219735003,0.15865076642836046,0.42987304030173246,0.5897807077523941,-0.6683054325898096,0.1395203711155977,3005.0428823108346,8.008047117187232,2665.991452650284,-0.20833125855321755,0.10282120904822674,-0.3582100497016427,2007-10-09,2009-03-09,2013-10-28,True,2211.0,1694.0,1522,1169,2976.0,14,6,3,0.17164114914846035,-0.028425673678867697,-0.014820036824612633,0.00039887771599596077,0.014651806056927973,0.026785261054979935,-1.00215948686263,20.701763066026913,False
fixed_1936,mkt,half,10,half_x10,"Half Kelly, -10 best days",0.5,1.3081808227050837,1.3081808227050837,1.3081808227050837,23252,0.12039222315369832,0.20383280180359703,0.4954318999123938,0.6815760395438653,-0.737917675128797,0.16315129344568813,27218.21952854204,10.211641863652517,23364.74480513013,-0.2278467354797666,0.11341927732853076,-0.40357156127674365,2007-10-09,2009-03-09,2013-08-02,True,2124.0,1607.0,1462,1109,2677.0,19,9,4,0.2924049544125237,-0.03603907348470235,-0.01913025809376473,0.0009157265758935587,0.018576167682412187,0.03342640925835475,-0.7913522322917897,13.592774035430164,False
cost_futures,mkt,half,10,half_x10,"Half Kelly, -10 best days",0.5,1.3081808227050837,1.3081808227050837,1.3081808227050837,26223,0.10067674869123208,0.22417994928126622,0.40071156272189273,0.5535755901858502,-0.9377555242859821,0.10735927017640182,14418.086114624066,9.576238677663016,14365.549489292802,-0.22795169670041995,0.11341128707054532,-0.40376759478585345,1929-09-03,1932-07-08,1951-05-01,True,7910.0,6871.0,6373,5530,7910.0,18,8,4,0.4112420394310338,-0.040278670279997986,-0.02055090106592777,0.0009077363179081213,0.019614722082590817,0.038585630181954544,-0.5933384806998832,12.833132321748193,False
cost_broker,mkt,half,10,half_x10,"Half Kelly, -10 best days",0.5,1.3081808227050837,1.3081808227050837,1.3081808227050837,26223,0.09830548095198197,0.22417994928126622,0.39108953981114647,0.5400905181985011,-0.9381863759503379,0.1047824648406381,11625.254447033836,9.360935118132916,11583.84503068306,-0.22795990622228343,0.11340307754868184,-0.403873054010091,1929-09-03,1932-07-08,1951-08-06,True,8007.0,6968.0,6444,5601,8007.0,19,8,4,0.4170384776722724,-0.040286879801861464,-0.02055911058779125,0.0008995267960446411,0.01960651256072734,0.038577420660091066,-0.5933384806998832,12.833132321748193,False
cost_letf,mkt,half,10,half_x10,"Half Kelly, -10 best days",0.5,1.3081808227050837,1.3081808227050837,1.3081808227050837,26223,0.08893159174150067,0.2241830674333172,0.35284600539840494,0.48659097534475887,-0.9397611169829996,0.09463212526498845,4940.59243827599,8.505240529767834,4924.600031512057,-0.22800859856404626,0.1133746537043333,-0.40424802958430317,1929-09-03,1932-07-08,1952-12-19,True,8508.0,7469.0,6820,5977,8508.0,18,7,3,0.44182587804599016,-0.04031610514691512,-0.02058801292452735,0.0008711029516961021,0.019578088716378797,0.038549241435947505,-0.5931928241369215,12.833262455821972,False
cash_day,mkt,half,10,half_x10,"Half Kelly, -10 best days",0.5,1.3081808227050837,1.3081808227050837,1.3081808227050837,26233,0.10366736566574263,0.22411287499420365,0.4129005262068406,0.5706915531445839,-0.9372656513575339,0.110606171810085,18903.77169518507,9.847116741729979,18903.77169518521,-0.2278467354797666,0.11341927732853076,-0.40357156127674365,1929-09-03,1932-07-08,1951-01-29,True,7818.0,6779.0,6302,5457,7818.0,18,8,4,0.40330880951473336,-0.04027106384893396,-0.020538438916469816,0.0009157265758935587,0.019622712340576255,0.03859133426979997,-0.5931996977436288,12.839050616579431,False
walkforward,mkt,quarter,10,quarter_x10,"Quarter Kelly, -10 best days",0.25,0.4750065555184304,1.0440528395902494e-05,0.667926335046552,23252,0.06670244515889386,0.07933048105855985,0.42987304030173246,0.5897807077523941,-0.4006396235221984,0.16648988577935314,330.44372416623196,5.80043636995592,302.9970569950999,-0.10401562927660878,0.051560604524113374,-0.19453398788007992,2007-10-09,2009-03-09,2013-05-06,True,2036.0,1519.0,1400,1047,2971.0,5,1,0,0.03388955788749355,-0.014131748053353583,-0.0073220087762158464,0.000234895204433928,0.007388901831640847,0.01348595430747832,-0.9965060991425265,20.67638885934242,False
fixed_1936,mkt,quarter,10,quarter_x10,"Quarter Kelly, -10 best days",0.25,0.6540904113525419,0.6540904113525419,0.6540904113525419,23252,0.0821078137346148,0.1019130600463402,0.4954318999123938,0.6815760395438653,-0.4610738673028595,0.17807952165001303,1198.0742849646101,7.088470784235997,1077.6113020829134,-0.11377336773988331,0.05670963866426538,-0.22205050782129854,2007-10-09,2009-03-09,2013-02-19,True,1960.0,1443.0,1347,994,2560.0,7,2,0,0.08214347152933081,-0.01798556214513184,-0.009515129046882365,0.0005232723290820335,0.009353492882341349,0.016743406349802575,-0.794173697787764,13.592311190329784,False
cost_futures,mkt,quarter,10,quarter_x10,"Quarter Kelly, -10 best days",0.25,0.6540904113525419,0.6540904113525419,0.6540904113525419,26223,0.07398650366757743,0.11207637250718284,0.4129792954883247,0.5708003578496096,-0.7227408803528812,0.10236933550991777,1243.427393116084,7.125626872408126,1240.054474606318,-0.11377336773988331,0.05670963866426538,-0.22205050782129854,1929-09-03,1932-06-01,1946-01-28,True,5991.0,4989.0,4886,4073,5991.0,7,2,1,0.2084429699119094,-0.020058575628523034,-0.010203810417099654,0.0005232723290820335,0.00988053808801762,0.019346686186985408,-0.5981709159161375,12.826499037879987,False
cost_broker,mkt,quarter,10,quarter_x10,"Quarter Kelly, -10 best days",0.25,0.6540904113525419,0.6540904113525419,0.6540904113525419,26223,0.07398650366757743,0.11207637250718284,0.4129792954883247,0.5708003578496096,-0.7227408803528812,0.10236933550991777,1243.427393116084,7.125626872408126,1240.054474606318,-0.11377336773988331,0.05670963866426538,-0.22205050782129854,1929-09-03,1932-06-01,1946-01-28,True,5991.0,4989.0,4886,4073,5991.0,7,2,1,0.2084429699119094,-0.020058575628523034,-0.010203810417099654,0.0005232723290820335,0.00988053808801762,0.019346686186985408,-0.5981709159161375,12.826499037879987,False
cost_letf,mkt,quarter,10,quarter_x10,"Quarter Kelly, -10 best days",0.25,0.6540904113525419,0.6540904113525419,0.6540904113525419,26223,0.06425979018490643,0.11207637250718284,0.3317930766169239,0.4572118082664455,-0.7306416401856937,0.08794980555525786,501.3882422158295,6.21738073554064,500.20132863603277,-0.11380799798821883,0.05667500841592985,-0.22262301630457293,1929-09-03,1932-07-08,1950-11-22,True,7750.0,6711.0,6243,5400,7750.0,7,2,1,0.25130610532738434,-0.02009320587685856,-0.010238440665435182,0.0004886420807465057,0.009845907839682092,0.01931205593864988,-0.5981709159161375,12.826499037879987,False
cash_day,mkt,quarter,10,quarter_x10,"Quarter Kelly, -10 best days",0.25,0.6540904113525419,0.6540904113525419,0.6540904113525419,26233,0.07396373612373132,0.11205503561095041,0.4129005262068406,0.5706915531445839,-0.7226854285289512,0.10234568624731623,1240.7986685130609,7.12351053877428,1240.7986685130597,-0.11377336773988331,0.05670963866426538,-0.22205050782129854,1929-09-03,1932-06-01,1946-01-28,True,5991.0,4989.0,4891,4076,5991.0,7,2,1,0.20866847100979682,-0.020048575628523035,-0.010203810417099654,0.0005232723290820335,0.00988053808801762,0.01934014528287198,-0.5982455529594455,12.83248765471524,False
walkforward,mkt,full,25,full_x25,"Full Kelly, -25 best days",1.0,1.4145264641747173,4.1762113583609977e-05,2.2643571790124013,23248,0.09930802798211733,0.2542585241609003,0.36921771356498756,0.5032887249694445,-0.8953565772028512,0.11091450100513216,4939.804755153224,8.505081086152575,4343.751448663044,-0.3364649865596903,0.121047077991757,-0.5359868252917133,2000-03-24,2009-03-09,2017-05-25,True,6271.0,2999.0,4316,2068,6271.0,17,11,5,0.3623107364074329,-0.04694282957302811,-0.02342118014070323,3.0486342916035286e-07,0.023427059451186973,0.04395391836950045,-1.1729376544493761,22.48040178686056,False
fixed_1936,mkt,full,25,full_x25,"Full Kelly, -25 best days",1.0,2.6163616454101675,2.6163616454101675,2.6163616454101675,23248,0.15322902268632185,0.4053937044162052,0.4755341816165897,0.6504644234755246,-0.9698108376241475,0.1579988764218225,364591.0406001979,12.806531567694385,300412.23839746864,-0.4559934709595332,0.1779125918878914,-0.6659872846565488,2000-03-24,2009-03-09,2018-01-04,True,6495.0,3223.0,4470,2222,6495.0,33,15,11,0.6012130075705437,-0.07211758141332063,-0.03842215235207048,0.0017698169872461004,0.0368539995287906,0.06590334446700187,-0.895077547339787,13.162967935706885,False
cost_futures,mkt,full,25,full_x25,"Full Kelly, -25 best days",1.0,2.6163616454101675,2.6163616454101675,2.6163616454101675,26208,0.07507646490624256,0.4417604762820425,0.31831498734292946,0.43270454688841653,-0.9996945370522827,0.0750994049918632,1375.9375725503824,7.2268906486780375,1366.4937551375015,-0.45654397663289187,0.17787842396237208,-0.6665845915824218,1929-09-03,1942-04-28,1968-07-11,True,14191.0,9571.0,10718,6956,14191.0,23,10,8,0.7969322344322345,-0.08065240913408618,-0.04128706456374764,0.001679974382829306,0.03890420173411397,0.07536649698929462,-0.837860287912056,12.079649762241024,False
cost_broker,mkt,full,25,full_x25,"Full Kelly, -25 best days",1.0,2.6163616454101675,2.6163616454101675,2.6163616454101675,26208,0.06297939844295547,0.44176047628204257,0.2927038785893111,0.39751823205237596,-0.9997403462773476,0.06299575552538894,444.6130949794207,6.097204454491367,442.03710655463783,-0.4565870343291846,0.17783536626607932,-0.6669036027685515,1929-09-03,1942-04-28,1985-12-13,True,20555.0,15935.0,15099,11337,20555.0,19,7,7,0.8458867521367521,-0.08069546683037893,-0.04133012226004039,0.0016369166865365546,0.038861144037821226,0.07532343929300186,-0.8378602879120557,12.07964976224102,False
cost_letf,mkt,full,25,full_x25,"Full Kelly, -25 best days",1.0,2.6163616454101675,2.6163616454101675,2.6163616454101675,26208,0.056254120793657054,0.44177962940360893,0.2783449089559658,0.37782730343301224,-0.9997451457401891,0.05626846105064882,235.94295658758992,5.463590066434567,234.71764363706768,-0.45669541812347597,0.17783411581962447,-0.6669495855991023,1929-09-03,1942-04-28,1986-04-16,True,20679.0,16059.0,15183,11421,20679.0,18,7,7,0.8556547619047619,-0.08070375993945593,-0.041371289108637466,0.001603071409523307,0.03883839951069675,0.07530144453120265,-0.8374742549205179,12.079482232246667,False
cash_day,mkt,full,25,full_x25,"Full Kelly, -25 best days",1.0,2.6163616454101675,2.6163616454101675,2.6163616454101675,26233,0.09063701098954065,0.44141329659400735,0.3507960956407867,0.477463165103449,-0.9996349003299775,0.09067011461846876,5775.998216858676,8.661466371857008,5775.998216858638,-0.4559934709595332,0.1779125918878914,-0.6659872846565488,1929-09-03,1942-04-28,1965-10-18,True,13194.0,8574.0,10054,6275,13194.0,26,12,9,0.7546220409407998,-0.08061012769786792,-0.041238513997480644,0.0017698169872461004,0.038983788516611495,0.07535121538781282,-0.8377358297018552,12.093841036832023,False
walkforward,mkt,half,25,half_x25,"Half Kelly, -25 best days",0.5,0.7072632320873586,2.0881056791804988e-05,1.1321785895062006,23248,0.07512098343049892,0.12712920880835954,0.36921771356498756,0.5032887249694445,-0.5933129460091342,0.12661274953764856,669.541642154828,6.506593362083931,606.8131076034873,-0.16808249327984517,0.0605735389958785,-0.3079629472154377,2007-10-09,2009-03-09,2013-12-23,True,2267.0,1750.0,1560,1207,2558.0,11,5,2,0.1348072952512044,-0.02343693096809536,-0.011607388630525411,2.0045814520132788e-07,0.01177937537272949,0.022050459184750282,-1.170043169480475,22.466933185893232,False
fixed_1936,mkt,half,25,half_x25,"Half Kelly, -25 best days",0.5,1.3081808227050837,1.3081808227050837,1.3081808227050837,23248,0.1154960071196986,0.20268632407130857,0.4755341816165897,0.6504644234755246,-0.737917675128797,0.15651611421225245,18365.353195971344,9.818221190084694,15831.873815260415,-0.2278467354797666,0.0889562959439457,-0.40357156127674365,2007-10-09,2009-03-09,2013-12-09,True,2253.0,1736.0,1550,1197,2890.0,19,9,4,0.31189779766001374,-0.036044306207993176,-0.01913025809376473,0.0009157265758935587,0.018534563271346935,0.033002823148564654,-0.8965569356599065,13.164975369337274,False
cost_futures,mkt,half,25,half_x25,"Half Kelly, -25 best days",0.5,1.3081808227050837,1.3081808227050837,1.3081808227050837,26208,0.08497758214226335,0.22083056535104395,0.33851340752595527,0.4605225657476989,-0.9669429304627298,0.0878827275789662,3436.0852224781743,8.142088085613258,3409.5264541245324,-0.22795169670041995,0.08894978137498982,-0.40376759478585345,1929-09-03,1933-03-31,1956-03-15,True,9690.0,8385.0,7622,6578,9690.0,18,8,4,0.4650106837606838,-0.04029935878435042,-0.020557329234137615,0.0009077363179081213,0.019486539647724205,0.037753789648661,-0.8400527734195726,12.079403386887954,False
cost_broker,mkt,half,25,half_x25,"Half Kelly, -25 best days",0.5,1.3081808227050837,1.3081808227050837,1.3081808227050837,26208,0.08264001442311432,0.22083056535104395,0.3287452612277444,0.447074436294308,-0.967226068875989,0.08544022652237865,2770.472859109278,7.926773291872227,2749.6230037878263,-0.22795990622228343,0.08894157185312634,-0.403873054010091,1929-09-03,1933-03-31,1956-07-20,True,9817.0,8512.0,7710,6666,9817.0,19,8,4,0.471535409035409,-0.040307568306213896,-0.020565538756001096,0.0008995267960446411,0.019478330125860723,0.037745580126797525,-0.8400527734195724,12.079403386887954,False
cost_letf,mkt,half,25,half_x25,"Half Kelly, -25 best days",0.5,1.3081808227050837,1.3081808227050837,1.3081808227050837,26208,0.07339892899878837,0.22083354193853708,0.2899202498659432,0.393719776660648,-0.9682439126429752,0.07580623853181206,1177.3190089811217,7.070995106204644,1169.412144673363,-0.22800859856404626,0.08891330590750396,-0.40424802958430317,1929-09-03,1933-03-31,1958-12-18,True,10698.0,9393.0,8318,7274,10698.0,16,7,3,0.5127060439560439,-0.04033690769101282,-0.020595128906735646,0.0008711029516961021,0.0194501882957844,0.03771335900184543,-0.8399103270184409,12.079483543651431,False
cash_day,mkt,half,25,half_x25,"Half Kelly, -25 best days",0.5,1.3081808227050837,1.3081808227050837,1.3081808227050837,26233,0.08788746090927821,0.22070093549470246,0.3507960956407867,0.477463165103449,-0.9666089954589728,0.09092348749304448,4489.387535852133,8.409471565163114,4489.387535852119,-0.2278467354797666,0.0889562959439457,-0.40357156127674365,1929-09-03,1933-03-31,1956-02-24,True,9670.0,8365.0,7625,6570,9670.0,18,8,4,0.456905424465368,-0.04027106384893396,-0.020538438916469816,0.0009157265758935587,0.019491894258305748,0.037722651397962485,-0.8401961778977224,12.093304568597459,False
walkforward,mkt,quarter,25,quarter_x25,"Quarter Kelly, -25 best days",0.25,0.3536316160436793,1.0440528395902494e-05,0.5660892947531003,23248,0.056618669692942165,0.06357679986478107,0.36921771356498756,0.5032887249694445,-0.3417873810837385,0.16565465206297506,140.7837131591851,4.947224763447895,130.63774439871315,-0.08389124663992259,0.03033676949793925,-0.1649836253696031,2007-10-09,2009-03-09,2013-07-12,True,2103.0,1586.0,1446,1093,2558.0,3,0,0,0.02094803854094976,-0.011642221089523624,-0.0057213431312694105,1.988920659419425e-07,0.005985020122694923,0.011071946768415856,-1.1635938897677696,22.422545075929765,False
fixed_1936,mkt,quarter,25,quarter_x25,"Quarter Kelly, -25 best days",0.25,0.6540904113525419,0.6540904113525419,0.6540904113525419,23248,0.07968481318401194,0.10134031698709381,0.4755341816165897,0.6504644234755246,-0.4610738673028614,0.1728243972059039,979.561483812687,6.887105006024794,882.694866290756,-0.11377336773988331,0.04447814797197285,-0.22205050782129854,2007-10-09,2009-03-09,2013-05-08,True,2038.0,1521.0,1401,1048,2672.0,7,2,0,0.11330006882312457,-0.01798571306019561,-0.009515129046882365,0.0005232723290820335,0.009344027060354596,0.01655048703181425,-0.8993206056826824,13.1650320156259,False
cost_futures,mkt,quarter,25,quarter_x25,"Quarter Kelly, -25 best days",0.25,0.6540904113525419,0.6540904113525419,0.6540904113525419,26208,0.06612486921744083,0.11040401595850988,0.3509634412327219,0.4776908385979405,-0.7932943894114208,0.08335476728443991,597.155015248887,6.392176736720867,593.5283641500879,-0.11377336773988331,0.04447814797197285,-0.22205050782129854,1929-09-03,1933-03-31,1954-05-26,True,9031.0,7726.0,7167,6123,9031.0,7,2,1,0.29174297924297926,-0.020073575628523035,-0.010203810417099654,0.0005232723290820335,0.009815129046882365,0.018899162457932207,-0.8446581195818518,12.075043917509248,False
cost_broker,mkt,quarter,25,quarter_x25,"Quarter Kelly, -25 best days",0.25,0.6540904113525419,0.6540904113525419,0.6540904113525419,26208,0.06612486921744083,0.11040401595850988,0.3509634412327219,0.4776908385979405,-0.7932943894114208,0.08335476728443991,597.155015248887,6.392176736720867,593.5283641500879,-0.11377336773988331,0.04447814797197285,-0.22205050782129854,1929-09-03,1933-03-31,1954-05-26,True,9031.0,7726.0,7167,6123,9031.0,7,2,1,0.29174297924297926,-0.020073575628523035,-0.010203810417099654,0.0005232723290820335,0.009815129046882365,0.018899162457932207,-0.8446581195818518,12.075043917509248,False
cost_letf,mkt,quarter,25,quarter_x25,"Quarter Kelly, -25 best days",0.25,0.6540904113525419,0.6540904113525419,0.6540904113525419,26208,0.05646909338841138,0.11040401595850988,0.2685441277074002,0.3644138324631897,-0.8006458241826331,0.07052942972138748,240.78533424497132,5.483905807281637,239.53023601471162,-0.11380799798821883,0.044443517723637326,-0.22262301630457293,1929-09-03,1933-03-31,1955-07-06,True,9437.0,8132.0,7447,6403,9437.0,7,2,1,0.3229166666666667,-0.020108205876858562,-0.010238440665435182,0.0004886420807465057,0.009780498798546837,0.01886453220959668,-0.8446581195818519,12.075043917509248,False
cash_day,mkt,quarter,25,quarter_x25,"Quarter Kelly, -25 best days",0.25,0.6540904113525419,0.6540904113525419,0.6540904113525419,26233,0.06607369639510667,0.11035145467409369,0.3507960956407866,0.47746316510344894,-0.7931703391708571,0.08330328698899281,594.300378495698,6.387384879248895,594.3003784957011,-0.11377336773988331,0.04447814797197285,-0.22205050782129854,1929-09-03,1933-03-31,1954-05-24,True,9029.0,7724.0,7182,6127,9029.0,7,2,1,0.29218922730911445,-0.020048575628523035,-0.010203810417099654,0.0005232723290820335,0.009815129046882365,0.01888469663594551,-0.8449692442000425,12.089289198847684,False
walkforward,mkt,full,100,full_x100,"Full Kelly, -100 best days",1.0,0.28332001950496866,4.1762113583609977e-05,1.0791823728930137,23207,0.037528454140695625,0.07549791358105302,0.0802211179736158,0.10526663017059426,-0.6048046182154473,0.062050541630168245,27.369293710261275,3.3094217174679295,25.884353688689707,-0.0920855029854728,0.04126131965281494,-0.30669792732253565,2000-03-24,2009-03-09,,False,9533.0,6261.0,6530,4297,9533.0,3,1,1,0.253888912828026,-0.016342659517156785,-0.0062311748507238,9.997076652049148e-05,0.006585281504864715,0.013787815574925144,-1.9371613896431374,34.0593501561776,False
fixed_1936,mkt,full,100,full_x100,"Full Kelly, -100 best days",1.0,2.6163616454101675,2.6163616454101675,2.6163616454101675,23207,0.08941876068748757,0.395731422177622,0.33422482736979725,0.4458764660239016,-0.9954098294426226,0.08983110076133907,2193.6728996727725,7.693332541148243,1926.8755189463893,-0.4559934709595332,0.10910228061360398,-0.7731775517877604,2000-03-24,2009-03-09,,False,9533.0,6261.0,6530,4297,9533.0,23,10,8,0.694014736932822,-0.07219958141332063,-0.03844900703689177,0.0016698169872461004,0.03636742687120133,0.062459708990889304,-1.2185295178646944,13.1927773584537,False
cost_futures,mkt,full,100,full_x100,"Full Kelly, -100 best days",1.0,2.6163616454101675,2.6163616454101675,2.6163616454101675,26133,-0.022282050334263177,0.4264471691676064,0.09274692160771258,0.12152777008986934,-0.9999985875141894,-0.022282081807387562,0.10544355682565225,-2.2495794756249183,0.10635166352527824,-0.45654397663289187,0.10907484752827386,-0.7727956807452518,1929-09-03,1942-04-28,,False,35303.0,30683.0,25187,21467,35303.0,4,1,1,0.9632648375617036,-0.08080453203403955,-0.041369099909680206,0.001622179381348349,0.03800523108178861,0.06824513125467735,-1.293489349904422,12.15357218833216,False
cost_broker,mkt,full,100,full_x100,"Full Kelly, -100 best days",1.0,2.6163616454101675,2.6163616454101675,2.6163616454101675,26133,-0.03328733112650092,0.4264471691676064,0.06621526175803749,0.0866818813907623,-0.9999987974275553,-0.03328737115697623,0.03405937917052198,-3.379649831438025,0.03450101167258696,-0.4565870343291846,0.10903178983198111,-0.7729687082140234,1929-09-03,1942-04-28,,False,35303.0,30683.0,25187,21467,35303.0,4,1,1,0.9633031033559102,-0.08084758973033229,-0.04141215760597296,0.001579121685055598,0.03796217338549586,0.0682020735583846,-1.293489349904422,12.153572188332157,False
cost_letf,mkt,full,100,full_x100,"Full Kelly, -100 best days",1.0,2.6163616454101675,2.6163616454101675,2.6163616454101675,26133,-0.03941465740442525,0.42646364564986183,0.05132656877242896,0.06715711282069925,-0.9999988194197031,-0.03941470393664812,0.018053442111353922,-4.014418913693959,0.018331837460895964,-0.45669541812347597,0.10903126001342649,-0.7729876571809384,1929-09-03,1942-04-28,,False,35303.0,30683.0,25187,21467,35303.0,4,1,1,0.9633413691501167,-0.08084975105045306,-0.04143594359044153,0.0015361699469223667,0.03792407662836582,0.06819999495707381,-1.2931497755958068,12.153139967171473,False
cash_day,mkt,full,100,full_x100,"Full Kelly, -100 best days",1.0,2.6163616454101675,2.6163616454101675,2.6163616454101675,26233,-0.007954221034828473,0.42549828990739264,0.12630288026943157,0.1657052375116157,-0.9999983134604645,-0.007954234449959347,0.4505677343784052,-0.7972468594545994,0.4505677343783996,-0.4559934709595332,0.10910228061360398,-0.773041424290929,1929-09-03,1942-04-28,,False,35303.0,30683.0,25287,21508,35303.0,4,1,1,0.9633667518011665,-0.08061012769786792,-0.041238513997480644,0.0015698169872461003,0.03797560769390641,0.06828703894520537,-1.2955023118217455,12.210701386345448,False
walkforward,mkt,half,100,half_x100,"Half Kelly, -100 best days",0.5,0.14166000975248433,2.0881056791804988e-05,0.5395911864465068,23207,0.03662042428893036,0.03778712755238112,0.0802211179736158,0.10526663017059426,-0.3028099488349363,0.12093534056535372,25.299138879127938,3.2307703587561223,23.95825776689621,-0.045892751492736396,0.02073065982640747,-0.16419113069270408,2007-10-09,2009-03-09,2019-12-20,True,4455.0,3938.0,3054,2710,4455.0,3,0,0,0.07368466410996682,-0.008082222905915825,-0.003057348071582631,0.00010000417621135837,0.0033508325187366727,0.006967400224970831,-1.9251065991663427,33.87824153682909,False
fixed_1936,mkt,half,100,half_x100,"Half Kelly, -100 best days",0.5,1.3081808227050837,1.3081808227050837,1.3081808227050837,23207,0.08328184922802635,0.1978585109476806,0.33422482736979725,0.4458764660239016,-0.8926069565215428,0.09330181511532548,1320.6482827262523,7.1858780182963224,1169.9942463741038,-0.2278467354797666,0.05455114030680199,-0.4998188529141414,2000-03-24,2009-03-09,,False,9533.0,6261.0,6530,4297,9533.0,12,7,4,0.49282544059981903,-0.03609794162172408,-0.019151830751354088,0.0009157265758935587,0.018274468010919535,0.0313015836679829,-1.219805751053661,13.196049689122137,False
cost_futures,mkt,half,100,half_x100,"Half Kelly, -100 best days",0.5,1.3081808227050837,1.3081808227050837,1.3081808227050837,26133,0.0332147417156269,0.21318186594277605,0.11365466289050866,0.14903952103409437,-0.9973116664751744,0.03330427471386017,26.100605987998577,3.261958531990086,25.778065874610622,-0.22795169670041995,0.05454590982460738,-0.4996638594342423,1929-09-03,1942-04-28,1986-03-11,True,20643.0,16023.0,15112,11392,20643.0,4,3,3,0.8356484138828302,-0.040389063289882655,-0.020578026673659298,0.0008951726583477742,0.019082165199777214,0.034135529214617245,-1.2953713218385152,12.154774583581538,False
cost_broker,mkt,half,100,half_x100,"Half Kelly, -100 best days",0.5,1.3081808227050837,1.3081808227050837,1.3081808227050837,26133,0.030988295384063485,0.21318186594277605,0.10353535749946115,0.13572134994328583,-0.9973926680978129,0.031069303369918602,21.043777748885894,3.0466049225547582,20.800796668681226,-0.22795990622228343,0.054537700302743894,-0.4997326005618492,1929-09-03,1942-04-28,1986-07-02,True,20756.0,16136.0,15191,11471,20756.0,4,3,3,0.840087246010791,-0.040397272811746134,-0.020586236195522776,0.0008869631364842939,0.019073955677913732,0.03412731969275377,-1.2953713218385152,12.15477458358154,False
cost_letf,mkt,half,100,half_x100,"Half Kelly, -100 best days",0.5,1.3081808227050837,1.3081808227050837,1.3081808227050837,26133,0.022184565434057592,0.21318430661224597,0.06330906628827962,0.08287297850832952,-0.9976594699496197,0.0222366108900644,8.939522651790558,2.190482193105581,8.865187512916172,-0.22800859856404626,0.054509571754404976,-0.49997439968527446,1929-09-03,1942-04-28,1992-12-18,True,23117.0,18497.0,16825,13105,23117.0,3,2,2,0.873646347529943,-0.0404257124275348,-0.020618040972286148,0.0008547310748852707,0.019029839793735157,0.034098895848405225,-1.2952515610895772,12.154763496948565,False
cash_day,mkt,half,100,half_x100,"Half Kelly, -100 best days",0.5,1.3081808227050837,1.3081808227050837,1.3081808227050837,26233,0.03597602517821191,0.21275109356587968,0.12630288026943157,0.1657052375116157,-0.9972165918214784,0.03607644063813605,34.0694352565443,3.528400655560855,34.069435256544025,-0.2278467354797666,0.05455114030680199,-0.499518669188713,1929-09-03,1942-04-28,1985-11-27,True,20539.0,15919.0,15105,11326,20539.0,4,3,3,0.8251439027179507,-0.04027106384893396,-0.020538438916469816,0.0008849084936230502,0.019068621929223713,0.03414351947260268,-1.2975506984372116,12.21188409077567,False
walkforward,mkt,quarter,100,quarter_x100,"Quarter Kelly, -100 best days",0.25,0.07083000487624216,1.0440528395902494e-05,0.2697955932232534,23207,0.03560733054019888,0.018972783119230917,0.0802211179736158,0.10526663017059426,-0.15261310691570296,0.2333176439417282,23.171828776322617,3.1429372639580917,21.97620903938816,-0.022796375746368197,0.010465329913203735,-0.08437847300177037,2007-10-09,2009-03-09,2018-08-21,True,3969.0,3452.0,2719,2375,3969.0,0,0,0,0.0,-0.003952830156801593,-0.0014921622850095078,0.00010001461673975427,0.0017274756886286962,0.003559288087858291,-1.8881601636794654,33.21792494864101,False
fixed_1936,mkt,quarter,100,quarter_x100,"Quarter Kelly, -100 best days",0.25,0.6540904113525419,0.6540904113525419,0.6540904113525419,23207,0.06374913694006742,0.09892993008016138,0.33422482736979725,0.4458764660239016,-0.6011441739204788,0.10604633581377827,257.59489659517754,5.551388182679834,234.58428567338075,-0.11377336773988331,0.02731393398885998,-0.28465428792335545,2007-10-09,2009-03-09,2018-08-21,True,3969.0,3452.0,2719,2375,3969.0,8,4,2,0.24509846167104754,-0.017987259939599248,-0.009534060690855757,0.0005232723290820335,0.00922267480007084,0.015763578913596258,-1.2220746352968417,13.198443338503747,False
cost_futures,mkt,quarter,100,quarter_x100,"Quarter Kelly, -100 best days",0.25,0.6540904113525419,0.6540904113525419,0.6540904113525419,26133,0.040005150494963004,0.10658770414615071,0.12654430900379854,0.16602197691968595,-0.9354055394619469,0.042767707488641026,50.19463381192508,3.9159081248070886,49.45092245999738,-0.11377336773988331,0.02731393398885998,-0.28465428792335545,1929-09-03,1942-04-28,1972-04-11,True,15561.0,10941.0,11599,7879,15561.0,6,4,2,0.543144682967895,-0.02010153192446698,-0.010234628499370162,0.0005232723290820335,0.009615129046882364,0.01707175973630134,-1.2991207617612062,12.153488851183003,False
cost_broker,mkt,quarter,100,quarter_x100,"Quarter Kelly, -100 best days",0.25,0.6540904113525419,0.6540904113525419,0.6540904113525419,26133,0.040005150494963004,0.10658770414615071,0.12654430900379854,0.16602197691968595,-0.9354055394619469,0.042767707488641026,50.19463381192508,3.9159081248070886,49.45092245999738,-0.11377336773988331,0.02731393398885998,-0.28465428792335545,1929-09-03,1942-04-28,1972-04-11,True,15561.0,10941.0,11599,7879,15561.0,6,4,2,0.543144682967895,-0.02010153192446698,-0.010234628499370162,0.0005232723290820335,0.009615129046882364,0.01707175973630134,-1.2991207617612062,12.153488851183003,False
cost_letf,mkt,quarter,100,quarter_x100,"Quarter Kelly, -100 best days",0.25,0.6540904113525419,0.6540904113525419,0.6540904113525419,26133,0.030585067057852734,0.10658770414615071,0.04116183051438918,0.053840837085793514,-0.9432190487255173,0.032426261003930576,20.23781371857007,3.0075528207277102,20.00711683177293,-0.11380799798821883,0.027279303740524452,-0.2850590924908104,1929-09-03,1942-04-28,1980-07-03,True,18566.0,13946.0,13676,9956,18566.0,3,2,2,0.6616155818314009,-0.020136162172802508,-0.01026925874770569,0.0004886420807465057,0.009580498798546836,0.017037129487965815,-1.2991207617612062,12.153488851183,False
cash_day,mkt,quarter,100,quarter_x100,"Quarter Kelly, -100 best days",0.25,0.6540904113525419,0.6540904113525419,0.6540904113525419,26233,0.03990589585788026,0.10638444517223088,0.12630288026943157,0.1657052375116157,-0.9353215188477119,0.04266543114184214,49.71865438253173,3.906380202369038,49.71865438253241,-0.11377336773988331,0.02731393398885998,-0.28422497317994466,1929-09-03,1942-04-28,1972-04-07,True,15557.0,10937.0,11659,7880,15557.0,6,4,2,0.5441619334426104,-0.020048575628523035,-0.010203810417099654,0.0004924542468115251,0.009584310964611856,0.01707175973630134,-1.301396477245953,12.211064637850782,False
walkforward,scv,full,0,full_x0,"Full Kelly, original",1.0,2.3884062764125886,0.4239357978271846,3.335584103013962,23258,0.24062921222529018,0.45161422042938953,0.6330339340960175,0.8838191500255916,-0.988605631214715,0.2434026315727388,258081368.79250616,19.368785476079843,194152836.31605193,-0.35818202777200353,0.2760778832396396,-0.719303648950638,2007-02-22,2009-03-09,,False,7007.0,6261.0,4827,4313,7007.0,32,17,12,0.5707713474933356,-0.08244158765980411,-0.04053892295593198,0.00208097313995839,0.03888297658687931,0.07745711589082206,-0.5702302867989155,17.568516999706432,False
fixed_1936,scv,full,0,full_x0,"Full Kelly, original",1.0,2.78009325764397,2.78009325764397,2.78009325764397,23258,0.2900854140237981,0.5230569645476473,0.6878188134684813,0.9659885967592761,-0.9894958046947578,0.2931648751287878,8644369056.644455,22.880173969802787,6176045181.11109,-0.3460216105766743,0.6447036264476367,-0.7209466388132371,1937-03-17,1940-05-21,1945-04-28,True,2964.0,1803.0,2438,1482,3933.0,40,20,15,0.576962765500043,-0.09519873342150248,-0.04578324014999015,0.00278009325764397,0.04531552009959671,0.08590488166119867,-0.12399881436726486,22.033712096671625,False
cost_futures,scv,full,0,full_x0,"Full Kelly, original",1.0,2.78009325764397,2.78009325764397,2.78009325764397,26233,0.21095246796392866,0.5843799002107017,0.5683991399121652,0.8076694983631246,-0.9992742619101526,0.21110567539354472,198883663.10803738,19.108230604241868,198883663.1080378,-0.44541709266318297,0.7419546143892598,-0.7233575608260374,1929-02-05,1932-05-31,1951-02-01,True,8031.0,6820.0,6475,5491,8031.0,41,19,13,0.6366027522586055,-0.10660414610749934,-0.05105540491333276,0.0026473824352218904,0.048995798522332684,0.10396357171831347,0.2716536504722511,24.78709371237937,False
cost_broker,scv,full,0,full_x0,"Full Kelly, original",1.0,2.78009325764397,2.78009325764397,2.78009325764397,26233,0.19595734913138307,0.5843799002107017,0.5470774695247733,0.7767683794875097,-0.9993076337243022,0.19609311739276228,57329374.410214104,17.86432369274085,57329374.41021441,-0.44546451194900805,0.7419071951034347,-0.7236905629637935,1929-02-05,1932-05-31,1954-07-09,True,9285.0,8074.0,7384,6400,9285.0,38,18,13,0.6699195669576488,-0.10665156539332442,-0.05110282419915785,0.0025999631493968064,0.0489483792365076,0.10391615243248839,0.2716536504722513,24.78709371237937,False
cost_letf,scv,full,0,full_x0,"Full Kelly, original",1.0,2.78009325764397,2.78009325764397,2.78009325764397,26233,0.1887279438861818,0.5844026232382045,0.5366960263122265,0.7618246688676134,-0.9993173656528139,0.1888568640682967,31296962.527401604,17.259031606948344,31296962.527401898,-0.4454632931857325,0.7418780116771126,-0.7236871334146769,1929-02-05,1932-05-31,1954-07-12,True,9288.0,8077.0,7385,6401,9288.0,38,18,13,0.6773148324629283,-0.10665895173601836,-0.05121117502787038,0.0025658048833449437,0.048931868169403016,0.10390398071732573,0.27262089413245094,24.783645606199876,False
cash_day,scv,full,0,full_x0,"Full Kelly, original",1.0,2.78009325764397,2.78009325764397,2.78009325764397,26233,0.23037185788218614,0.5842328561922139,0.5956293781096133,0.8471708592905232,-0.9992356515754022,0.23054807694159052,973543849.24462,20.6964534246431,973543849.2446172,-0.44537093987456405,0.74228489979094,-0.72298508116512,1929-02-05,1932-05-31,1950-12-27,True,7995.0,6784.0,6445,5461,7995.0,42,20,14,0.6221553005756109,-0.10665558109352846,-0.051053715940649044,0.0027020839318795736,0.04906964133453366,0.10397548783588449,0.2718084647011923,24.821696170766582,False
walkforward,scv,half,0,half_x0,"Half Kelly, original",0.5,1.1942031382062943,0.2119678989135923,1.667792051506981,23258,0.16285109639668416,0.22579975549296324,0.6330339340960175,0.8838191500255916,-0.8422751692463734,0.19334666667473452,769054.9999582295,13.55291776733236,630175.8438666562,-0.17904101388600177,0.1380889416198198,-0.3988733419178405,2007-06-04,2009-03-09,2013-10-11,True,2321.0,1677.0,1602,1158,2645.0,21,9,3,0.2883308968956918,-0.04109533486634643,-0.020213719052603628,0.0011099257592189502,0.019500237122309156,0.03872855794541103,-0.5740370114741835,17.57003152334023,False
fixed_1936,scv,half,0,half_x0,"Half Kelly, original",0.5,1.390046628821985,1.390046628821985,1.390046628821985,23258,0.19619773522128756,0.26151458141349354,0.6878188134684813,0.9659885967592761,-0.8258122991185773,0.2375815126884127,9748875.298563944,16.0926624823268,7695733.896944213,-0.17296080528833715,0.32235181322381834,-0.430986318147738,1937-03-17,1940-05-21,1943-05-27,True,2262.0,1101.0,1864,908,2615.0,23,11,5,0.3081520337088314,-0.04759936671075124,-0.02283576937556275,0.0014510419659397868,0.022657760049798355,0.042952440830599334,-0.12948630015184034,22.03523424416182,False
cost_futures,scv,half,0,half_x0,"Half Kelly, original",0.5,1.390046628821985,1.390046628821985,1.390046628821985,26233,0.17257426498384573,0.292134668664509,0.5836971399752554,0.8298527172129877,-0.9593112584769414,0.17989392228945036,7985451.542355006,15.893131886855842,7985451.542355017,-0.22269558274431292,0.37107007913235335,-0.4588588728752293,1929-02-05,1932-05-31,1937-01-11,True,2897.0,1686.0,2357,1373,2897.0,26,12,6,0.3588609766324858,-0.05326652032661255,-0.025460551814809607,0.0014287118359441683,0.024593712523118247,0.05203823303073831,0.2665479770442833,24.803672647006415,False
cost_broker,scv,half,0,half_x0,"Half Kelly, original",0.5,1.390046628821985,1.390046628821985,1.390046628821985,26233,0.1693785180455517,0.292134668664509,0.5743519360231112,0.8162885424709839,-0.9597266332779832,0.17648621198208583,6081013.698992065,15.620681966852876,6081013.698991971,-0.22270597306094256,0.3710596888157237,-0.4589974069522269,1929-02-05,1932-05-31,1937-01-11,True,2897.0,1686.0,2357,1373,2897.0,26,12,6,0.3617199710288568,-0.05327691064324219,-0.025470942131439255,0.0014183215193145217,0.024583322206488598,0.052027842714108666,0.2665479770442834,24.803672647006415,False
cost_letf,scv,half,0,half_x0,"Half Kelly, original",0.5,1.390046628821985,1.390046628821985,1.390046628821985,26233,0.15956194763702283,0.2921390022176212,0.5454800984699062,0.7744776102035827,-0.9609087783010213,0.16605316887534696,2621089.2811388434,14.779100545494492,2621089.2811387666,-0.22273274822299796,0.37102625205236717,-0.45935631731381066,1929-02-05,1932-05-31,1937-02-08,True,2925.0,1714.0,2381,1397,2925.0,25,12,6,0.3723935501086418,-0.05330557132031744,-0.02549906396343064,0.0013815322878300272,0.02454475310026166,0.05199743797820345,0.26697586496305725,24.802386894667226,False
cash_day,scv,half,0,half_x0,"Half Kelly, original",0.5,1.390046628821985,1.390046628821985,1.390046628821985,26233,0.17665601313258292,0.292103996474128,0.5956293781096133,0.8471708592905232,-0.9588493844300482,0.18423749965443156,11296901.158790214,16.24003901233824,11296901.158789927,-0.22268546993728203,0.37114244989547,-0.45870460322554873,1929-02-05,1932-05-31,1937-01-08,True,2894.0,1683.0,2355,1371,2894.0,25,12,6,0.3542103457477223,-0.05327779054676423,-0.025453455172595202,0.0014510419659397868,0.024603825330149137,0.052029220747182366,0.26660302339737063,24.818289319426615,False
walkforward,scv,quarter,0,quarter_x0,"Quarter Kelly, original",0.25,0.5971015691031472,0.10598394945679615,0.8338960257534905,23258,0.10373045006823822,0.11289941937404092,0.6330339340960175,0.8838191500255916,-0.5571567351100741,0.18617822155150798,7084.963873546785,8.865730053106377,6219.506762349072,-0.08947050694300088,0.06909447080990991,-0.2128223789428434,2007-06-04,2009-03-09,2012-12-20,True,2026.0,1382.0,1399,955,2557.0,9,2,1,0.0825522400894316,-0.02051982299310498,-0.010047355993654026,0.0006125439067913584,0.009844015431486785,0.019377283898936087,-0.5815500534519472,17.568673033232322,False
fixed_1936,scv,quarter,0,quarter_x0,"Quarter Kelly, original",0.25,0.6950233144109925,0.6950233144109925,0.6950233144109925,23258,0.12186910062794847,0.13074934386038406,0.6878188134684813,0.9659885967592761,-0.5490942988541098,0.22194566740589702,30637.328675765115,10.329974435842445,26322.32773236165,-0.08643040264416857,0.16117590661190917,-0.2334500280058901,1937-03-17,1938-03-31,1943-03-25,True,2199.0,1820.0,1811,1500,2199.0,11,3,2,0.10972568578553615,-0.023757262668541654,-0.011341961669506304,0.0007950233144109925,0.01138987536201698,0.021537215752417467,-0.14045025411404605,22.034228766359224,False
cost_futures,scv,quarter,0,quarter_x0,"Quarter Kelly, original",0.25,0.6950233144109925,0.6950233144109925,0.6950233144109925,26233,0.11372951802957862,0.14604462824446368,0.5956293781096133,0.8471708592905232,-0.7699131429018381,0.14771733549180213,46776.994935606526,10.75314679984494,46776.99493560977,-0.11134273496864101,0.185571224947735,-0.2592060313524748,1929-02-05,1932-05-31,1936-01-23,True,2543.0,1332.0,2067,1083,2543.0,12,4,3,0.1616284832081729,-0.026619392941941013,-0.01265793131660336,0.0007950233144109925,0.01236290800219237,0.026050892798289926,0.2561598111908423,24.80798379467382,False
cost_broker,scv,quarter,0,quarter_x0,"Quarter Kelly, original",0.25,0.6950233144109925,0.6950233144109925,0.6950233144109925,26233,0.11372951802957862,0.14604462824446368,0.5956293781096133,0.8471708592905232,-0.7699131429018381,0.14771733549180213,46776.994935606526,10.75314679984494,46776.99493560977,-0.11134273496864101,0.185571224947735,-0.2592060313524748,1929-02-05,1932-05-31,1936-01-23,True,2543.0,1332.0,2067,1083,2543.0,12,4,3,0.1616284832081729,-0.026619392941941013,-0.01265793131660336,0.0007950233144109925,0.01236290800219237,0.026050892798289926,0.2561598111908423,24.80798379467382,False
cost_letf,scv,quarter,0,quarter_x0,"Quarter Kelly, original",0.25,0.6950233144109925,0.6950233144109925,0.6950233144109925,26233,0.10364408890888106,0.14604462824446368,0.5333288240913963,0.7568402771268173,-0.7776336543429743,0.1332813829880477,18864.012062238802,9.845011262208613,18864.012062238664,-0.11137736521697654,0.18553659469939948,-0.2598293451583955,1929-02-05,1932-05-31,1936-03-02,True,2582.0,1371.0,2098,1114,2582.0,12,4,3,0.17222582243738802,-0.02665402319027654,-0.012692561564938889,0.0007603930660754648,0.012328277753856842,0.0260162625499544,0.2561598111908426,24.80798379467382,False
cash_day,scv,quarter,0,quarter_x0,"Quarter Kelly, original",0.25,0.6950233144109925,0.6950233144109925,0.6950233144109925,26233,0.11372951802957862,0.14604462824446368,0.5956293781096133,0.8471708592905232,-0.7699131429018381,0.14771733549180213,46776.994935606526,10.75314679984494,46776.99493560977,-0.11134273496864101,0.185571224947735,-0.2592060313524748,1929-02-05,1932-05-31,1936-01-23,True,2543.0,1332.0,2067,1083,2543.0,12,4,3,0.1616284832081729,-0.026619392941941013,-0.01265793131660336,0.0007950233144109925,0.01236290800219237,0.026050892798289926,0.2561598111908423,24.80798379467382,False
walkforward,scv,full,10,full_x10,"Full Kelly, -10 best days",1.0,1.9983719563915288,4.8708273139044716e-05,3.061503940065332,23254,0.20343056306904164,0.39761525948663373,0.5834256680573557,0.8134587143033756,-0.9808137880912324,0.2074099747974986,16754521.21498394,16.63417870309524,13084206.183152527,-0.3291160196093948,0.2498772056856707,-0.7412464862421804,2007-02-22,2009-03-09,2018-06-06,True,4122.0,3376.0,2842,2328,4122.0,31,14,9,0.5228777844671885,-0.07353831307018946,-0.035142899302666036,0.0007856289160970617,0.03420353617243026,0.07026239603780671,-0.6386329122484131,19.736397298655966,False
fixed_1936,scv,full,10,full_x10,"Full Kelly, -10 best days",1.0,2.78009325764397,2.78009325764397,2.78009325764397,23254,0.26986435447148666,0.5138738830599388,0.662449543182581,0.9139416219457707,-0.9967251596836839,0.2707510208301851,2091247454.5048406,21.461026593052292,1520058429.8234813,-0.3460216105766743,0.24798431858184214,-0.7643215716663103,1937-03-17,1940-05-21,1946-01-23,True,3234.0,2073.0,2643,1690,3933.0,39,20,15,0.5943493592500215,-0.09520985379453305,-0.04579884201514303,0.00278009325764397,0.04523751077383231,0.08554886300966988,-0.7477600285182081,12.486268201947265,False
cost_futures,scv,full,10,full_x10,"Full Kelly, -10 best days",1.0,2.78009325764397,2.78009325764397,2.78009325764397,26223,0.1701269246532441,0.5670801376554185,0.5121124182873719,0.7060038803779357,-0.999947850577084,0.17013579713688215,6482088.164750498,15.684553264064508,6443447.778017939,-0.44541709266318297,0.24793729463190958,-0.7637828715489212,1929-02-05,1940-05-21,1961-02-27,True,11710.0,7587.0,9047,5689,11710.0,35,16,12,0.7129619036723487,-0.10660493726005829,-0.051119263339424716,0.002633303286575817,0.048883488545914955,0.10220203469246725,-0.6577472676102137,11.806730537085677,False
cost_broker,scv,full,10,full_x10,"Full Kelly, -10 best days",1.0,2.78009325764397,2.78009325764397,2.78009325764397,26223,0.15563577419888674,0.5670801376554185,0.4901400473437562,0.6751875224762539,-0.9999555617487116,0.15564269068788675,1868246.1503214377,14.440510661210425,1857990.247345851,-0.44546451194900805,0.2478898753460845,-0.7640396628990236,1929-02-05,1940-05-21,1963-05-22,True,12524.0,8401.0,9609,6251,12524.0,33,15,11,0.7319910002669412,-0.10665235654588337,-0.0511666826252498,0.0025858840007507325,0.04883606926008987,0.10215461540664217,-0.6577472676102135,11.806730537085677,False
cost_letf,scv,full,10,full_x10,"Full Kelly, -10 best days",1.0,2.78009325764397,2.78009325764397,2.78009325764397,26223,0.14864764467184036,0.567102277339681,0.47944113278430645,0.6602730738017436,-0.999956122339086,0.14865416726898523,1019685.2113011229,13.835004521257176,1014321.6560498568,-0.4454632931857325,0.24789100089509944,-0.7640517870394035,1929-02-05,1940-05-21,1963-08-30,True,12624.0,8501.0,9679,6321,12624.0,33,15,11,0.7404568508561187,-0.10665982754190112,-0.051211456717492346,0.0025554046884871586,0.048826746121005175,0.10215603935862352,-0.6566516701562173,11.804174344890924,False
cash_day,scv,full,10,full_x10,"Full Kelly, -10 best days",1.0,2.78009325764397,2.78009325764397,2.78009325764397,26233,0.18881652227686227,0.5668178093672869,0.5400618098765376,0.7452310504548365,-0.9999378629402986,0.18882825550944818,31530636.191882744,17.26647020866886,31530636.191882484,-0.44537093987456405,0.24798431858184214,-0.764298003823477,1929-02-05,1940-05-21,1959-01-15,True,10936.0,6813.0,8522,5155,10936.0,37,18,13,0.6936301604848855,-0.10665558109352846,-0.051053715940649044,0.0027020839318795736,0.048929641334533876,0.10216150591280901,-0.6588168563009023,11.824347794487265,False
walkforward,scv,half,10,half_x10,"Half Kelly, -10 best days",0.5,0.9991859781957644,2.4354136569522358e-05,1.530751970032666,23254,0.1384973892139075,0.1988034509943946,0.5834256680573557,0.8134587143033756,-0.8083666106163926,0.1713299230757453,114879.94480898521,11.651642903858765,96610.68132379398,-0.1645080098046974,0.12498860284283536,-0.43762399130746266,2007-06-04,2009-03-09,2013-07-15,True,2233.0,1589.0,1539,1095,2880.0,18,8,2,0.17313150425733206,-0.03673693308466603,-0.01752818743615534,0.00046101061936414827,0.017167414412687564,0.03518149333913732,-0.6428036598995597,19.737170559131386,False
fixed_1936,scv,half,10,half_x10,"Half Kelly, -10 best days",0.5,1.390046628821985,1.390046628821985,1.390046628821985,23254,0.1858870191452725,0.2569249081573642,0.662449543182581,0.9139416219457707,-0.908480728330304,0.2046130571056957,4479488.240674096,15.3150193658738,3567465.6955131893,-0.17296080528833715,0.12399215929092107,-0.45674312804387307,1937-03-17,1940-05-21,1945-02-08,True,2885.0,1724.0,2371,1418,2885.0,22,11,5,0.3294486969983659,-0.047604926897266524,-0.02283576937556275,0.0014510419659397868,0.022657760049798355,0.04281343616771714,-0.7532241123519468,12.49479759728254,False
cost_futures,scv,half,10,half_x10,"Half Kelly, -10 best days",0.5,1.390046628821985,1.390046628821985,1.390046628821985,26223,0.1508052538506424,0.28348645338135064,0.527872022427889,0.7281123895607002,-0.9620329756155431,0.15675684479957852,1229783.6942433922,14.022348853545006,1223227.658139091,-0.22269558274431292,0.12398185559864747,-0.4588588728752293,1929-02-05,1940-05-21,1946-05-28,True,6321.0,2198.0,5150,1792,6321.0,24,11,5,0.39507302749494716,-0.0532666936806698,-0.0254606059879525,0.0014256781399422198,0.024454707860236048,0.05111344229559299,-0.6634844506712219,11.819360265671436,False
cost_broker,scv,half,10,half_x10,"Half Kelly, -10 best days",0.5,1.390046628821985,1.390046628821985,1.390046628821985,26223,0.14766863463978067,0.28348645338135064,0.5182415039138186,0.7145853753523228,-0.9633366646707869,0.1532887100173285,936478.068369124,13.749881381872491,931582.411903309,-0.22270597306094256,0.12397146528201781,-0.4589974069522269,1929-02-05,1940-05-21,1950-08-03,True,7849.0,3726.0,6327,2969,7849.0,23,10,4,0.40071692788773217,-0.05327708399729945,-0.025470996304582147,0.001415287823312573,0.0244443175436064,0.051103051978963344,-0.6634844506712213,11.819360265671438,False
cost_letf,scv,half,10,half_x10,"Half Kelly, -10 best days",0.5,1.390046628821985,1.390046628821985,1.390046628821985,26223,0.1380332692368466,0.2834906392179532,0.48848785720301563,0.6728838083354217,-0.9666161373578593,0.142800501566367,403611.6731306439,12.908208489567231,401630.5399398857,-0.22273274822299796,0.12394466969524146,-0.45935631731381066,1929-02-05,1940-05-21,1950-10-17,True,7924.0,3801.0,6380,3022,7924.0,23,10,4,0.4205087137245929,-0.05330576322325883,-0.02549912393309982,0.001372177019437732,0.02441754238155101,0.05107632177700353,-0.6630065808829473,11.81835698640449,False
cash_day,scv,half,10,half_x10,"Half Kelly, -10 best days",0.5,1.390046628821985,1.390046628821985,1.390046628821985,26233,0.15474922410491534,0.2834002682849151,0.5400618098765376,0.7452310504548365,-0.9605533069999599,0.16110425415975566,1730457.0738059494,14.363896136090208,1730457.0738058987,-0.22268546993728203,0.12399215929092107,-0.45870460322554873,1929-02-05,1940-05-21,1946-05-10,True,6303.0,2180.0,5145,1778,6303.0,23,11,5,0.39008119544085695,-0.05327779054676423,-0.025453455172595202,0.0014510419659397868,0.02447361693696113,0.05109675295640449,-0.6639955302550531,11.829934674666731,False
walkforward,scv,quarter,10,quarter_x10,"Quarter Kelly, -10 best days",0.25,0.4995929890978822,1.2177068284761179e-05,0.765375985016333,23254,0.09052935708899318,0.09940537988925417,0.5834256680573557,0.8134587143033756,-0.5190504766599107,0.17441339746290094,2403.931974935139,7.784860998638747,2141.2419310332048,-0.08220400490234869,0.06254430142141768,-0.23268676823545975,2007-06-04,2009-03-09,2012-09-14,True,1929.0,1285.0,1333,889,2879.0,8,2,1,0.02928528425217167,-0.018344811687420515,-0.008686669213881908,0.00029333255433781165,0.008641569931564792,0.017626572850007623,-0.650996750462231,19.73235855520945,False
fixed_1936,scv,quarter,10,quarter_x10,"Quarter Kelly, -10 best days",0.25,0.6950233144109925,0.6950233144109925,0.6950233144109925,23254,0.11676526826184792,0.1284564815021391,0.662449543182581,0.9139416219457707,-0.6616128805267922,0.17648578451023592,20340.604675699382,9.920374397562808,17551.784214785886,-0.08643040264416857,0.061996079645460535,-0.24399783058309854,1937-03-17,1940-05-21,1944-06-27,True,2659.0,1498.0,2188,1235,2659.0,11,3,2,0.11727014707147157,-0.023758142295511077,-0.011348061203218086,0.0007950233144109925,0.011336576760881607,0.02143538589230401,-0.7640517088953217,12.509466765131211,False
cost_futures,scv,quarter,10,quarter_x10,"Quarter Kelly, -10 best days",0.25,0.6950233144109925,0.6950233144109925,0.6950233144109925,26223,0.1028086878238026,0.1417236741060925,0.5401648852905355,0.7453731318369315,-0.7699131429018381,0.13353283908924055,17490.555813961408,9.769416346464908,17425.54047305849,-0.11134273496864101,0.061996079645460535,-0.2592060313524748,1929-02-05,1932-05-31,1945-01-04,True,5812.0,4601.0,4746,3762,5812.0,11,3,2,0.19589673187659687,-0.026619392941941013,-0.01265793131660336,0.0007865163200876948,0.012301912665074568,0.025568276944490393,-0.674207650212627,11.833731512264922,False
cost_broker,scv,quarter,10,quarter_x10,"Quarter Kelly, -10 best days",0.25,0.6950233144109925,0.6950233144109925,0.6950233144109925,26223,0.1028086878238026,0.1417236741060925,0.5401648852905355,0.7453731318369315,-0.7699131429018381,0.13353283908924055,17490.555813961408,9.769416346464908,17425.54047305849,-0.11134273496864101,0.061996079645460535,-0.2592060313524748,1929-02-05,1932-05-31,1945-01-04,True,5812.0,4601.0,4746,3762,5812.0,11,3,2,0.19589673187659687,-0.026619392941941013,-0.01265793131660336,0.0007865163200876948,0.012301912665074568,0.025568276944490393,-0.674207650212627,11.833731512264922,False
cost_letf,scv,quarter,10,quarter_x10,"Quarter Kelly, -10 best days",0.25,0.6950233144109925,0.6950233144109925,0.6950233144109925,26223,0.09282179984014038,0.1417236741060925,0.4759616919546475,0.6552901905185027,-0.7776336543429743,0.11936443249561503,7053.283745984402,8.861248566936938,7029.498643896726,-0.11137736521697654,0.06196144939712501,-0.2598293451583955,1929-02-05,1932-05-31,1945-06-14,True,5973.0,4762.0,4879,3895,5973.0,11,3,2,0.21469702169850893,-0.02665402319027654,-0.012692561564938889,0.0007518860717521669,0.01226728241673904,0.025533646696154867,-0.6742076502126266,11.833731512264922,False
cash_day,scv,quarter,10,quarter_x10,"Quarter Kelly, -10 best days",0.25,0.6950233144109925,0.6950233144109925,0.6950233144109925,26233,0.10276865371167909,0.1416967151162641,0.5400618098765376,0.7452310504548365,-0.7699131429018381,0.13348084087036013,17427.28302710483,9.765792247253195,17427.283027105776,-0.11134273496864101,0.061996079645460535,-0.2592060313524748,1929-02-05,1932-05-31,1945-01-04,True,5812.0,4601.0,4755,3771,5812.0,11,3,2,0.19620325544161935,-0.026619392941941013,-0.01265793131660336,0.0007865163200876948,0.012301912665074568,0.02556437647820223,-0.6742829686391872,11.839317209116272,False
walkforward,scv,full,25,full_x25,"Full Kelly, -25 best days",1.0,1.7763635250663434,4.8708273139044716e-05,2.8945430685398623,23246,0.16766553246318477,0.3582953936872981,0.521331994227113,0.7175108719809598,-0.9819296358144831,0.1707510664184312,1114659.504818124,13.924059539394618,901994.1909914862,-0.3029941425900491,0.2010491423972165,-0.7544903948225707,2007-02-22,2009-03-11,,False,7007.0,6259.0,4819,4306,7007.0,27,12,7,0.3979179213628151,-0.06808534210308678,-0.031801056944755934,0.0003507173105240615,0.031084017532354805,0.0635056693620854,-0.9147048315645875,19.604862682373422,False
fixed_1936,scv,full,25,full_x25,"Full Kelly, -25 best days",1.0,2.78009325764397,2.78009325764397,2.78009325764397,23246,0.24617238451226447,0.5092261157887321,0.6274151234259064,0.8576240704258484,-0.9967251596836839,0.24698120853133537,385191017.2990662,19.769249918039662,285195553.2294913,-0.3460216105766743,0.21740329274775846,-0.8100678774349465,1937-03-17,1940-05-21,1946-05-10,True,3341.0,2180.0,2730,1777,7007.0,36,19,14,0.6097393099888153,-0.0952320945405942,-0.0458300457454488,0.00278009325764397,0.04503751077383232,0.08423682570661228,-0.8990526185247592,12.035318450880316,False
cost_futures,scv,full,25,full_x25,"Full Kelly, -25 best days",1.0,2.78009325764397,2.78009325764397,2.78009325764397,26208,0.1339910933919006,0.5600794464068213,0.45633777885429216,0.6211615349760776,-0.9999879419024609,0.13399270908905633,282940.1265437494,12.552990587258703,279575.48611986544,-0.44541709266318297,0.2176093190473529,-0.8096495872926834,1929-02-05,1940-05-21,1965-11-12,True,13429.0,9306.0,10225,6874,13429.0,30,14,10,0.7605311355311355,-0.10660612398889671,-0.05113836986285033,0.0026129130128204493,0.04860996218059559,0.09920466561637359,-0.8444952459452816,11.393338683045522,False
cost_broker,scv,full,25,full_x25,"Full Kelly, -25 best days",1.0,2.78009325764397,2.78009325764397,2.78009325764397,26208,0.11994595047330048,0.5600794464068213,0.43409052935375575,0.590419754416284,-0.9999897221281773,0.11994718327507567,81537.1138063038,11.308813579699498,80663.08393710194,-0.44546451194900805,0.21756189976152782,-0.8098492509909042,1929-02-05,1940-05-21,1966-04-06,True,13574.0,9451.0,10325,6974,13574.0,31,14,10,0.7703754578754579,-0.10665354327472179,-0.051185789148675415,0.0025654937269953652,0.04856254289477051,0.09915724633054851,-0.8444952459452814,11.393338683045522,False
cost_letf,scv,full,25,full_x25,"Full Kelly, -25 best days",1.0,2.78009325764397,2.78009325764397,2.78009325764397,26208,0.11316983296759307,0.5601004684399175,0.4232548949311486,0.5755274054878564,-0.9999898518084345,0.11317098144839247,44487.62158502748,10.70296626283023,44036.15834419764,-0.4454632931857325,0.21756035468938537,-0.8098587398112286,1929-02-05,1940-05-21,1966-04-19,True,13587.0,9464.0,10333,6982,13587.0,31,14,10,0.7757936507936508,-0.10666114125072526,-0.051224321716452116,0.002545248661961653,0.048556429928466635,0.099158624428284,-0.8433909084257831,11.390481860182462,False
cash_day,scv,full,25,full_x25,"Full Kelly, -25 best days",1.0,2.78009325764397,2.78009325764397,2.78009325764397,26233,0.15203142495719874,0.5596578777131124,0.4845010770218021,0.6601105982542059,-0.9999856369106833,0.1520336086294986,1367726.3628328724,14.128660329987571,1367726.362832843,-0.44537093987456405,0.21768130207352285,-0.8100298891111122,1929-02-05,1940-05-21,1965-01-27,True,13140.0,9017.0,10041,6674,13140.0,32,15,11,0.7437578622345901,-0.10665558109352846,-0.051053715940649044,0.0027020839318795736,0.04865163200876948,0.09924932929788972,-0.8459240860560836,11.419044379225433,False
walkforward,scv,half,25,half_x25,"Half Kelly, -25 best days",0.5,0.8881817625331717,2.4354136569522358e-05,1.4472715342699312,23246,0.11722566733614115,0.1791476674356032,0.521331994227113,0.7175108719809598,-0.8233298613822271,0.14237995344823243,21107.838354776235,9.957399736488666,18142.475202788653,-0.15144707129502455,0.10052457119860825,-0.46391547773752484,2007-06-04,2009-03-11,2016-11-23,True,3460.0,2814.0,2384,1941,3460.0,15,8,2,0.19624881700077432,-0.034019341309602685,-0.015843312229444375,0.00022047797411227105,0.015621545067157362,0.03177621618233447,-0.9189935585618916,19.60744975827943,False
fixed_1936,scv,half,25,half_x25,"Half Kelly, -25 best days",0.5,1.390046628821985,1.390046628821985,1.390046628821985,23246,0.17421124342637104,0.2546030117085482,0.6274151234259063,0.8576240704258482,-0.908480728330304,0.19176107758119837,1841732.0111283963,14.426216997226238,1479013.9933460718,-0.17296080528833715,0.10870164637387923,-0.5151561623655997,1937-03-17,1940-05-21,1945-04-28,True,2964.0,1803.0,2434,1481,3447.0,20,11,5,0.3601479824485933,-0.0476160472702971,-0.02283576937556275,0.0014510419659397868,0.022579750724033957,0.04215196028872089,-0.904490633415916,12.045253016868296,False
cost_futures,scv,half,25,half_x25,"Half Kelly, -25 best days",0.5,1.390046628821985,1.390046628821985,1.390046628821985,26208,0.13200289191551365,0.2799891000956603,0.47228927936817244,0.6432104076198215,-0.9824304591862769,0.13436359864579975,237472.426489567,12.37780679672553,234687.6523187796,-0.22269558274431292,0.10882487841554092,-0.5174160692895375,1929-02-05,1940-05-21,1954-07-23,True,9299.0,5176.0,7377,4026,9299.0,20,10,4,0.4702762515262515,-0.05326695371175569,-0.025461461923610193,0.0014068258862158238,0.024370614878904604,0.04961487812886714,-0.8502685022917296,11.407555844642864,False
cost_broker,scv,half,25,half_x25,"Half Kelly, -25 best days",0.5,1.390046628821985,1.390046628821985,1.390046628821985,26208,0.12891733697812355,0.2799891000956603,0.4625382554006863,0.6297160895406752,-0.9830326461915766,0.1311424777982396,180831.8956889978,12.105323125590113,178757.74267145534,-0.22270597306094256,0.10881448809891127,-0.5175351420063781,1929-02-05,1940-05-21,1954-08-13,True,9320.0,5197.0,7392,4041,9320.0,20,10,4,0.48210470085470086,-0.05327734402838533,-0.025471852240239838,0.001396435569586177,0.024360224562274956,0.04960448781223749,-0.8502685022917292,11.407555844642864,False
cost_letf,scv,half,25,half_x25,"Half Kelly, -25 best days",0.5,1.390046628821985,1.390046628821985,1.390046628821985,26208,0.11943809116137294,0.2799930324102245,0.43241098834809244,0.5881091521298317,-0.9845477360476295,0.12131264619107801,77927.44786864941,11.263533517278507,77095.43823003894,-0.22273274822299796,0.10878710733673759,-0.5178437044933392,1929-02-05,1940-05-21,1954-12-20,True,9449.0,5326.0,7480,4129,9449.0,19,10,4,0.5051892551892552,-0.05330605107767089,-0.025500071453872886,0.0013530466949688716,0.024321468046316682,0.04957774756288609,-0.8497882543618513,11.406419488339735,False
cash_day,scv,half,25,half_x25,"Half Kelly, -25 best days",0.5,1.390046628821985,1.390046628821985,1.390046628821985,26233,0.13581003183771306,0.27982349606269546,0.4845010770218021,0.6601105982542059,-0.9817470739562768,0.1383350512983159,332033.6170119712,12.712991498832727,332033.61701195646,-0.22268546993728203,0.10884065103676142,-0.5172828466303572,1929-02-05,1940-05-21,1954-07-02,True,9278.0,5155.0,7380,4013,9278.0,19,10,4,0.45625738573552393,-0.05327779054676423,-0.025453455172595202,0.0014120373030575882,0.024386811341502543,0.04962466464894486,-0.8510555295101125,11.426169779437984,False
walkforward,scv,quarter,25,quarter_x25,"Quarter Kelly, -25 best days",0.25,0.44409088126658586,1.2177068284761179e-05,0.7236357671349656,23246,0.07929206772567386,0.08958249722209743,0.521331994227113,0.7175108719809598,-0.5438155170866733,0.14580692391871616,948.064903815875,6.854422963852269,854.2388915162816,-0.07567353564751227,0.050262285599304124,-0.2544245644943134,2007-06-04,2009-03-11,2013-11-22,True,2363.0,1717.0,1628,1185,2821.0,6,2,1,0.0550202185322206,-0.01695814009386945,-0.007859272124679283,0.00016250341792438752,0.007869438755785035,0.015888108091167235,-0.9273046420598534,19.604837280887857,False
fixed_1936,scv,quarter,25,quarter_x25,"Quarter Kelly, -25 best days",0.25,0.6950233144109925,0.6950233144109925,0.6950233144109925,23246,0.1111102123341727,0.12729757634441993,0.6274151234259064,0.8576240704258484,-0.6616128805267922,0.16793840568173954,12891.776558470194,9.464344910987904,11164.033100100307,-0.08643040264416857,0.054350823186939616,-0.28698481654562635,1937-03-17,1940-05-21,1944-12-07,True,2822.0,1661.0,2318,1365,2822.0,10,3,2,0.14974619289340102,-0.023759901549449923,-0.01136026027064165,0.0007950233144109925,0.011328880024899178,0.021097432708945627,-0.9152414891260161,12.06277618778307,False
cost_futures,scv,quarter,25,quarter_x25,"Quarter Kelly, -25 best days",0.25,0.6950233144109925,0.6950233144109925,0.6950233144109925,26208,0.09352881927923633,0.1399781867648938,0.4847323041974235,0.660425365334977,-0.8163427447918814,0.1145705279748405,7523.709231020386,8.925814544142586,7459.981845042279,-0.11134273496864101,0.05442032551838071,-0.3015828649197416,1929-02-05,1933-04-03,1946-01-29,True,6202.0,4684.0,5045,3825,6202.0,10,3,2,0.23981227106227107,-0.026619392941941013,-0.01265793131660336,0.0007865163200876948,0.012232410333633469,0.024842829993031328,-0.8609370725825597,11.425072666512863,False
cost_broker,scv,quarter,25,quarter_x25,"Quarter Kelly, -25 best days",0.25,0.6950233144109925,0.6950233144109925,0.6950233144109925,26208,0.09352881927923633,0.1399781867648938,0.4847323041974235,0.660425365334977,-0.8163427447918814,0.1145705279748405,7523.709231020386,8.925814544142586,7459.981845042279,-0.11134273496864101,0.05442032551838071,-0.3015828649197416,1929-02-05,1933-04-03,1946-01-29,True,6202.0,4684.0,5045,3825,6202.0,10,3,2,0.23981227106227107,-0.026619392941941013,-0.01265793131660336,0.0007865163200876948,0.012232410333633469,0.024842829993031328,-0.8609370725825597,11.425072666512863,False
cost_letf,scv,quarter,25,quarter_x25,"Quarter Kelly, -25 best days",0.25,0.6950233144109925,0.6950233144109925,0.6950233144109925,26208,0.08362566007712294,0.1399781867648938,0.4197256242714591,0.5705602961466237,-0.8239517203712068,0.10149339822902233,3033.942921430579,8.017618346755425,3010.8495831252862,-0.11137736521697654,0.054385695270045185,-0.3021477379547246,1929-02-05,1933-04-03,1950-10-04,True,7911.0,6393.0,6362,5142,7911.0,9,3,2,0.28102106227106227,-0.02665402319027654,-0.012692561564938889,0.0007518860717521669,0.01219778008529794,0.0248081997446958,-0.8609370725825592,11.42507266651286,False
cash_day,scv,quarter,25,quarter_x25,"Quarter Kelly, -25 best days",0.25,0.6950233144109925,0.6950233144109925,0.6950233144109925,26233,0.0934389321360048,0.13991158942177895,0.4845010770218021,0.6601105982542059,-0.8163427447918814,0.11446041841141877,7462.220063402195,8.917608244555336,7462.220063402697,-0.11134273496864101,0.05442032551838071,-0.3015828649197416,1929-02-05,1933-04-03,1946-01-29,True,6202.0,4684.0,5062,3835,6202.0,10,3,2,0.2404986086227271,-0.026619392941941013,-0.01265793131660336,0.0007865163200876948,0.012232410333633469,0.024842829993031328,-0.8612242826983408,11.438643932501225,False
walkforward,scv,full,100,full_x100,"Full Kelly, -100 best days",1.0,0.8812089853176596,4.8708273139044716e-05,2.048706362681216,23202,0.06564776974519139,0.20653306828907064,0.24972514174948668,0.3306930465163931,-0.9680347015065339,0.0678155128561249,302.3473030598655,5.711576366751759,274.26456352574814,-0.1865603128994514,0.0915399311833898,-0.655461906183894,2007-06-04,2020-05-19,,False,6905.0,2172.0,4721,1488,6905.0,11,5,4,0.2897595034910784,-0.04205157492877791,-0.018364752082804015,6.185950688658679e-07,0.018379792688610556,0.03696803655150822,-1.6614514226234152,23.510985930265726,False
fixed_1936,scv,full,100,full_x100,"Full Kelly, -100 best days",1.0,2.78009325764397,2.78009325764397,2.78009325764397,23202,0.15205527118530796,0.4950583414056327,0.4736858287787936,0.6288617957580325,-0.9994335996113252,0.15214144415841283,332720.32783527736,12.71505755973512,267812.2496959766,-0.3460216105766743,0.14512086804901522,-0.8840752459046005,1937-03-17,1942-04-28,1954-12-21,True,6488.0,4620.0,5070,3549,7007.0,31,16,12,0.6679596586501164,-0.09535441864393054,-0.045870439217413725,0.0027020839318795736,0.0443984827965392,0.08036646591340402,-1.2931027976946885,11.797824860864953,False
cost_futures,scv,full,100,full_x100,"Full Kelly, -100 best days",1.0,2.78009325764397,2.78009325764397,2.78009325764397,26133,0.004873004289826744,0.5399146492901518,0.23093452983267604,0.30258275143359986,-0.9999999875013563,0.00487300435073269,1.6246490054940113,0.4852917958319916,1.62164629892442,-0.44541709266318297,0.14509115056130975,-0.8838636402871449,1929-02-05,1942-04-28,1993-08-30,True,23582.0,18752.0,17171,13283,23582.0,17,7,5,0.876860674243294,-0.10673931593448037,-0.05116176813673906,0.0025414487910297434,0.04751531639184923,0.08855040798881011,-1.3234272502050248,11.337531144205984,False
cost_broker,scv,full,100,full_x100,"Full Kelly, -100 best days",1.0,2.78009325764397,2.78009325764397,2.78009325764397,26133,-0.007578207602648218,0.5399146492901518,0.20785553676964655,0.2721318220480387,-0.9999999896178017,-0.007578207681326673,0.4679398407728184,-0.7594155366843734,0.46929643607859384,-0.44546451194900805,0.14504373127548467,-0.8839714592005996,1929-02-05,1942-04-28,1996-03-01,True,24496.0,19666.0,17804,13916,24496.0,17,7,5,0.9007767956223931,-0.10678673522030545,-0.05120918742256415,0.0024940295052046594,0.04746789710602415,0.08850298870298504,-1.3234272502050248,11.337531144205984,False
cost_letf,scv,full,100,full_x100,"Full Kelly, -100 best days",1.0,2.78009325764397,2.78009325764397,2.78009325764397,26133,-0.013597994941405237,0.5399316800841806,0.1965977498196813,0.2573221738942884,-0.9999999897445607,-0.01359799508085865,0.254920030126894,-1.366805390354292,0.25625169384658536,-0.4454632931857325,0.14504670861595792,-0.883978113617634,1929-02-05,1942-04-28,1997-01-23,True,24824.0,19994.0,18031,14143,24824.0,16,7,5,0.9116060153828492,-0.10678835677594374,-0.051246069251817544,0.0024355878002964375,0.047470728733271905,0.0884947471531293,-1.3223050329144164,11.333964217488216,False
cash_day,scv,full,100,full_x100,"Full Kelly, -100 best days",1.0,2.78009325764397,2.78009325764397,2.78009325764397,26233,0.020965390721092964,0.5387311927698205,0.25986838575452437,0.3408072135258127,-0.9999999846790686,0.020965391042302283,7.935466188263021,2.0713421031364185,7.935466188262982,-0.44537093987456405,0.14512086804901522,-0.8840172719339182,1929-02-05,1942-04-28,1986-03-07,True,20849.0,16019.0,15343,11394,20849.0,19,8,6,0.8543437654862196,-0.10665558109352846,-0.051053715940649044,0.0025240746061151766,0.04753959470571189,0.08829695626731388,-1.3271585885512847,11.40553874867971,False
walkforward,scv,half,100,half_x100,"Half Kelly, -100 best days",0.5,0.4406044926588298,2.4354136569522358e-05,1.024353181340608,23202,0.05558537167456796,0.10328135652205879,0.24972514174948668,0.3306930465163931,-0.7779202487388371,0.07145381774633436,128.93849561053028,4.859335512453852,118.67611883453537,-0.0932301564497257,0.0457699655916949,-0.3985499848220153,2007-06-04,2009-03-11,,False,6905.0,6259.0,4721,4286,6905.0,5,1,1,0.2136884751314542,-0.021001535747361657,-0.00911537571711706,4.44462992393783e-07,0.009216629273411058,0.018523002255409794,-1.6691464104126192,23.51730471336046,False
fixed_1936,scv,half,100,half_x100,"Half Kelly, -100 best days",0.5,1.390046628821985,1.390046628821985,1.390046628821985,23202,0.12731460537513237,0.24752617173786817,0.4736858287787935,0.6288617957580322,-0.9619096525046873,0.13235609502786644,47332.15696712907,10.764945194799317,39387.859627794074,-0.17296080528833715,0.07256043402450761,-0.6251062058464539,1937-03-17,1940-05-21,1950-10-18,True,4963.0,3802.0,3962,3020,6905.0,16,8,4,0.4893543660029308,-0.04767720932196527,-0.02287282380530084,0.0014510419659397868,0.02224074606115176,0.04031018209595129,-1.298485916358857,11.81053362629331,False
cost_futures,scv,half,100,half_x100,"Half Kelly, -100 best days",0.5,1.390046628821985,1.390046628821985,1.390046628821985,26133,0.06315839042094132,0.2699173583464406,0.24746698065084213,0.3244121404265473,-0.9994832060079724,0.06319104717447102,452.1496288820612,6.114013162401142,441.7334252798378,-0.22269558274431292,0.07255392245223644,-0.6249659714721394,1929-02-05,1940-05-21,1968-12-06,True,14549.0,10426.0,10929,7620,14549.0,13,6,4,0.6890904220717101,-0.05334923829965132,-0.025500054870606415,0.0013742740076014798,0.023838906417571925,0.04431300171355676,-1.329265989265429,11.355423897366856,False
cost_broker,scv,half,100,half_x100,"Half Kelly, -100 best days",0.5,1.390046628821985,1.390046628821985,1.390046628821985,26133,0.060259824389752234,0.2699173583464406,0.2373513478794215,0.3110453388241589,-0.999500718551218,0.06028992603136813,344.2840292628714,5.841466983160184,336.7023665035623,-0.22270597306094256,0.0725435321356068,-0.6250363590618906,1929-02-05,1940-05-21,1976-12-28,True,17493.0,13370.0,12958,9649,17493.0,12,5,3,0.7019094631309073,-0.05335962861628096,-0.02551044518723606,0.0013638836909718331,0.023828516100942276,0.04430261139692711,-1.329265989265429,11.355423897366856,False
cost_letf,scv,half,100,half_x100,"Half Kelly, -100 best days",0.5,1.390046628821985,1.390046628821985,1.390046628821985,26133,0.051351847666277255,0.269920389613149,0.20608983346973522,0.2698059376528931,-0.9995448209675493,0.05137523259494175,148.29160356554615,4.99918062964181,145.4923911049825,-0.22273274822299796,0.07251714230567069,-0.625223618800147,1929-02-05,1940-05-21,1978-04-05,True,17956.0,13833.0,13278,9969,17956.0,12,5,3,0.7263613056288983,-0.053387026137200054,-0.025542793846197703,0.0013302375144902518,0.02378939478066408,0.044273763330416514,-1.328782106614693,11.353984142681352,False
cash_day,scv,half,100,half_x100,"Half Kelly, -100 best days",0.5,1.390046628821985,1.390046628821985,1.390046628821985,26233,0.06663044961002919,0.2693706302514166,0.25986838575452437,0.3408072135258127,-0.9994630627389066,0.06666624520113487,626.0982242324595,6.4395072665109545,626.0982242324443,-0.22268546993728203,0.07256043402450761,-0.6249187214562486,1929-02-05,1940-05-21,1968-09-30,True,14482.0,10359.0,10951,7584,14482.0,12,6,4,0.6823847825258262,-0.05327779054676423,-0.025453455172595202,0.0013510419659397866,0.023769797352855945,0.04423247813365695,-1.33216228188022,11.415503624547194,False
walkforward,scv,quarter,100,quarter_x100,"Quarter Kelly, -100 best days",0.25,0.2203022463294149,1.2177068284761179e-05,0.512176590670304,23202,0.04627564262586261,0.051670572262013624,0.24972514174948673,0.33069304651639314,-0.5070175457748525,0.09127029825987894,58.181993092408895,4.063575909826608,54.28349563857021,-0.046565078224862846,0.02288498279584745,-0.21960957897521627,2007-06-04,2009-03-11,,False,6905.0,6259.0,4721,4286,6905.0,1,1,1,0.1719248340660288,-0.010424298338334892,-0.004510425323871627,3.39216837332052e-05,0.004665151152756476,0.009273861256471748,-1.683025901192195,23.501657013897134,False
fixed_1936,scv,quarter,100,quarter_x100,"Quarter Kelly, -100 best days",0.25,0.6950233144109925,0.6950233144109925,0.6950233144109925,23202,0.08827084640452841,0.12376637959563255,0.4736858287787936,0.6288617957580325,-0.7836106769071165,0.11264630384176273,1995.461159087322,7.5986304600484615,1752.7473008116317,-0.08643040264416857,0.036280217012253806,-0.3748443146345638,1937-03-17,1940-05-21,1946-05-10,True,3341.0,2180.0,2717,1775,6905.0,9,2,2,0.3182915265925351,-0.023769577446113587,-0.011367884687781375,0.0007865163200876948,0.01112037303057588,0.020224483426045582,-1.3090565608031057,11.83351133468416,False
cost_futures,scv,quarter,100,quarter_x100,"Quarter Kelly, -100 best days",0.25,0.6950233144109925,0.6950233144109925,0.6950233144109925,26133,0.059116183862428805,0.13495310554121157,0.26036522356039127,0.34145865385865465,-0.9664634636972831,0.06116753098588448,309.119454469847,5.733727786238201,302.43635503523853,-0.11134273496864101,0.036280217012253806,-0.3748443146345638,1929-02-05,1940-05-21,1965-02-23,True,13167.0,9044.0,9998,6689,13167.0,8,2,2,0.5465503386522788,-0.02666665452732096,-0.012688428985162262,0.0007645256458520918,0.011954401007869072,0.02217124372971066,-1.339763664814729,11.379135972614666,False
cost_broker,scv,quarter,100,quarter_x100,"Quarter Kelly, -100 best days",0.25,0.6950233144109925,0.6950233144109925,0.6950233144109925,26133,0.059116183862428805,0.13495310554121157,0.26036522356039127,0.34145865385865465,-0.9664634636972831,0.06116753098588448,309.119454469847,5.733727786238201,302.43635503523853,-0.11134273496864101,0.036280217012253806,-0.3748443146345638,1929-02-05,1940-05-21,1965-02-23,True,13167.0,9044.0,9998,6689,13167.0,8,2,2,0.5465503386522788,-0.02666665452732096,-0.012688428985162262,0.0007645256458520918,0.011954401007869072,0.02217124372971066,-1.339763664814729,11.379135972614666,False
cost_letf,scv,quarter,100,quarter_x100,"Quarter Kelly, -100 best days",0.25,0.6950233144109925,0.6950233144109925,0.6950233144109925,26133,0.04952353236805923,0.13495310554121157,0.19292759129314396,0.25244325520642336,-0.9700983669240978,0.05105001106752099,124.63921968628293,4.825423321562755,122.36750391198586,-0.11137736521697654,0.03624558676391828,-0.3752228229969934,1929-02-05,1940-05-21,1967-05-02,True,13965.0,9842.0,10550,7241,13965.0,8,2,2,0.5723032181532928,-0.026701284775656486,-0.01272305923349779,0.0007298953975165641,0.011919770759533543,0.022136613481375134,-1.3397636648147286,11.379135972614666,False
cash_day,scv,quarter,100,quarter_x100,"Quarter Kelly, -100 best days",0.25,0.6950233144109925,0.6950233144109925,0.6950233144109925,26233,0.058911900886043984,0.13469583782505842,0.25986838575452437,0.3408072135258127,-0.9664466927460746,0.06095721712146473,303.2236368848984,5.714470608793299,303.2236368849186,-0.11134273496864101,0.036280217012253806,-0.3745316742700606,1929-02-05,1940-05-21,1965-02-23,True,13167.0,9044.0,10059,6692,13167.0,8,2,2,0.5479739259711051,-0.026619392941941013,-0.01265793131660336,0.000756018651528794,0.011945894013545776,0.022158762237588368,-1.3420053234967384,11.433509439057358,False
