series,frac,X,scenario,label,kelly_mult,leverage,n_obs,cagr,ann_vol,sharpe,sortino,max_dd,calmar,final_wealth,log_final_wealth,final_wealth_raw,worst_day,best_day,worst_month,mdd_peak,mdd_trough,mdd_recovery,mdd_recovered,mdd_duration_days,mdd_recovery_days,mdd_duration_tdays,mdd_recovery_tdays,longest_underwater_days,n_dd_20,n_dd_35,n_dd_50,pct_days_below_20,q01,q05,q50,q95,q99,skew,kurt,wiped_out,d_cagr,pct_cagr,d_ann_vol,pct_ann_vol,d_sharpe,pct_sharpe,d_sortino,pct_sortino,d_max_dd,pct_max_dd,d_calmar,pct_calmar,d_final_wealth,pct_final_wealth,d_worst_day,pct_worst_day,d_worst_month,pct_worst_month,d_mdd_duration_days,pct_mdd_duration_days,d_mdd_recovery_days,pct_mdd_recovery_days,d_longest_underwater_days,pct_longest_underwater_days,d_pct_days_below_20,pct_pct_days_below_20
mkt,full,0,full_x0,"Full Kelly, original",1.0,2.6163616454101675,26233,0.14903182447736774,0.4571129145667999,0.46614813037710473,0.6570431657481695,-0.9966754611485887,0.14952893924529906,1054300.8838567971,13.868388435899895,1054300.8838568085,-0.4559934709595332,0.4099838698357733,-0.6104393148826501,1929-09-03,1932-07-08,1954-02-04,True,8920.0,7881.0,7107,6262,8920.0,32,14,9,0.6196393855068044,-0.08061012769786792,-0.041238513997480644,0.0017698169872461004,0.03924542468115251,0.07803557703322302,-0.16136801291767994,16.134456146026313,False,0.0,0.0,0.0,0.0,0.0,0.0,0.0,0.0,0.0,0.0,0.0,0.0,0.0,0.0,0.0,0.0,0.0,0.0,0.0,0.0,0.0,0.0,0.0,0.0,0.0,0.0
mkt,half,0,half_x0,"Half Kelly, original",0.5,1.3081808227050837,26233,0.11820138587007545,0.228546674180072,0.46614813037710473,0.6570431657481695,-0.9175848811609626,0.12881793095862984,69785.7099319718,11.153184539022357,69785.70993197126,-0.2278467354797666,0.20499193491788664,-0.36494235466291225,1929-09-03,1932-07-08,1945-10-01,True,5872.0,4833.0,4798,3953,5872.0,19,9,4,0.3467007204665879,-0.04027106384893396,-0.020538438916469816,0.0009232723290820335,0.019691894258305746,0.03905178851661153,-0.16403206846925103,16.12979217984354,False,-0.030830438607292288,-0.20687151026574369,-0.22856624038672793,-0.500021401940344,0.0,0.0,0.0,0.0,0.07909057998762614,-0.07935439676269407,-0.02071100828666922,-0.13850836093134622,-984515.1739248254,-0.9338085446000152,0.22814673547976658,-0.5003289520783802,0.24549696021973788,-0.4021643990392916,-3048.0,-0.3417040358744394,-3048.0,-0.38675295013323185,-3048.0,-0.3417040358744394,-0.2729386650402165,-0.44047985235312215
mkt,quarter,0,quarter_x0,"Quarter Kelly, original",0.25,0.6540904113525419,26233,0.08124897953109812,0.1142700235401623,0.46614813037710473,0.6570431657481695,-0.6806677551014767,0.11936657631003131,2436.7573240471997,7.798423468874926,2436.7573240471665,-0.11377336773988331,0.10249596745894332,-0.19975284637958501,1929-09-03,1932-06-01,1943-06-05,True,5023.0,4021.0,4112,3297,5023.0,7,2,1,0.125986353066748,-0.020048575628523035,-0.010203810417099654,0.0005232723290820335,0.009942174252558637,0.019612850554249703,-0.16933866312555826,16.116793934321954,False,-0.06778284494626961,-0.45482127850191656,-0.3428428910266376,-0.7500179498353169,0.0,0.0,0.0,0.0,0.31600770604711204,-0.3170617902872199,-0.03016236293526775,-0.20171588916167615,-1051864.12653275,-0.9976887458207062,0.3422201032196499,-0.7504934281175705,0.4106864685030651,-0.6727719832101817,-3897.0,-0.43688340807174886,-3860.0,-0.4897855602080954,-3897.0,-0.43688340807174886,-0.4936530324400564,-0.7966779452476161
mkt,unlev,0,unlev_x0,"Unlevered 1.00x, original",,1.0,26233,0.10244467074804008,0.17470275413524233,0.46614813037710473,0.6570431657481696,-0.8407399476860208,0.12185060437534798,16923.50490197985,9.736458757215637,16923.504901979693,-0.1741,0.1567,-0.2911037495299549,1929-09-03,1932-07-08,1945-02-06,True,5635.0,4596.0,4613,3768,5635.0,16,5,2,0.25540349940914114,-0.0307,-0.0157,0.0007999999999999999,0.0151,0.029900000000000003,-0.16567074074665789,16.126307820442385,False,-0.04658715372932766,-0.3125986942232092,-0.2824101604315576,-0.6178126922955001,0.0,0.0,1.1102230246251565e-16,2.220446049250313e-16,0.15593551346256795,-0.15645565637069536,-0.027678334869951082,-0.18510353253122036,-1037377.3789548173,-0.9839481260415234,0.2818934709595332,-0.618196287693228,0.31933556535269525,-0.5231241788777707,-3285.0,-0.36827354260089684,-3285.0,-0.4168252759802056,-3285.0,-0.36827354260089684,-0.3642358860976633,-0.5878191325745925
mkt,full,10,full_x10,"Full Kelly, -10 best days",1.0,2.6163616454101675,26223,0.12112844591009542,0.44832714553251646,0.4129792954883247,0.5708003578496096,-0.9983022859126001,0.12133443709323534,90595.85952293735,11.414163790356936,90202.52686188214,-0.4559934709595332,0.22683855465706151,-0.6659872846565488,1929-09-03,1933-03-31,1955-09-06,True,9499.0,8194.0,7502,6451,9499.0,32,14,10,0.6667048011287801,-0.08065245493077611,-0.041238513997480644,0.0017698169872461004,0.039183788516611494,0.07718266853959994,-0.5905465595082936,12.834811687223826,False,-0.02790337856727232,-0.1872310069686477,-0.008785769034283464,-0.01922012866910494,-0.05316883488878005,-0.11405995524591617,-0.08624280789855987,-0.1312589680471844,-0.0016268247640113254,0.0016322512466961925,-0.02819450215206372,-0.18855548828452018,-963705.0243338598,-0.9140702043314963,0.0,0.0,-0.05554796977389864,0.09099671076162097,579.0,0.06491031390134538,313.0,0.039715772110138214,579.0,0.06491031390134538,0.04706541562197564,0.07595613952699387
mkt,half,10,half_x10,"Half Kelly, -10 best days",0.5,1.3081808227050837,26223,0.10370224575623813,0.22415556534920547,0.4129792954883247,0.5708003578496096,-0.9372781957183903,0.11064190571162712,18963.50663742744,9.850271707939411,18892.433778675,-0.2278467354797666,0.11341927732853076,-0.40357156127674365,1929-09-03,1932-07-08,1951-01-29,True,7818.0,6779.0,6297,5454,7818.0,18,8,4,0.4030812645387637,-0.040287227465388056,-0.020538438916469816,0.0009157265758935587,0.019622712340576255,0.03859133426979997,-0.5931209809101889,12.833050823675977,False,-0.04532957872112961,-0.3041603958087049,-0.23295734921759445,-0.5096275817067325,-0.05316883488878005,-0.11405995524591617,-0.08624280789855987,-0.1312589680471844,0.05939726543019841,-0.05959539262835645,-0.03888703353367194,-0.26006359524746303,-1035337.3772193696,-0.9820131928865923,0.22814673547976658,-0.5003289520783802,0.20686775360590648,-0.3388834050534153,-1102.0,-0.12354260089686098,-1102.0,-0.13982997081588633,-1102.0,-0.12354260089686098,-0.21655812096804072,-0.34949056827773683
mkt,quarter,10,quarter_x10,"Quarter Kelly, -10 best days",0.25,0.6540904113525419,26223,0.07398650366757743,0.11207637250718284,0.4129792954883247,0.5708003578496096,-0.7227408803528812,0.10236933550991777,1243.427393116084,7.125626872408126,1240.054474606318,-0.11377336773988331,0.05670963866426538,-0.22205050782129854,1929-09-03,1932-06-01,1946-01-28,True,5991.0,4989.0,4886,4073,5991.0,7,2,1,0.2084429699119094,-0.020058575628523034,-0.010203810417099654,0.0005232723290820335,0.00988053808801762,0.019346686186985408,-0.5981709159161375,12.826499037879987,False,-0.0750453208097903,-0.5035523189289468,-0.3450365420596171,-0.7548168757966591,-0.05316883488878005,-0.11405995524591617,-0.08624280789855987,-0.1312589680471844,0.27393458079570754,-0.27484832472951615,-0.04715960373538129,-0.3153878036813794,-1053057.456463681,-0.9988206142931727,0.3422201032196499,-0.7504934281175705,0.3883888070613516,-0.636244746352903,-2929.0,-0.3283632286995516,-2892.0,-0.3669585078035782,-2929.0,-0.3283632286995516,-0.41119641559489506,-0.6636060024792914
mkt,unlev,10,unlev_x10,"Unlevered 1.00x, -10 best days",,1.0,26223,0.09133584991370292,0.17134697039235033,0.41297929548832457,0.5708003578496094,-0.8711707447236291,0.10484265049864407,6157.421215938184,8.725413335099713,6136.97490994831,-0.1741,0.0867,-0.3227558174124975,1929-09-03,1932-07-08,1950-05-19,True,7563.0,6524.0,6107,5264,7563.0,16,6,2,0.3222362048583305,-0.0307,-0.015700000000000002,0.0007000000000000001,0.015000000000000001,0.029500000000000002,-0.5946915630379411,12.831462274357898,False,-0.05769597456366482,-0.38713861798307814,-0.28576594417444956,-0.6251539500809473,-0.05316883488878016,-0.11405995524591639,-0.08624280789856009,-0.13125896804718473,0.12550471642495964,-0.12592335350599027,-0.04468628874665499,-0.29884709255743525,-1048143.462640859,-0.9941597116058432,0.2818934709595332,-0.618196287693228,0.28768349747015265,-0.47127288570110604,-1357.0,-0.15213004484304937,-1357.0,-0.17218627077782012,-1357.0,-0.15213004484304937,-0.29740318064847393,-0.47996171257775555
mkt,full,25,full_x25,"Full Kelly, -25 best days",1.0,2.6163616454101675,26208,0.09071306328602848,0.4416236635019503,0.3509634412327219,0.4776908385979405,-0.9996351193058328,0.09074617481328737,5816.345904286592,8.668427492047046,5768.495018737023,-0.4559934709595332,0.1779125918878914,-0.6659872846565488,1929-09-03,1942-04-28,1965-10-19,True,13195.0,8575.0,10038,6276,13195.0,26,12,9,0.7544642857142857,-0.08071594578013844,-0.041238513997480644,0.0017698169872461004,0.038983788516611495,0.07535121538781282,-0.8374062373726502,12.079550677559547,False,-0.05831876119133926,-0.3913175014521524,-0.015489251064849607,-0.033884956148151235,-0.11518468914438285,-0.24709889762123616,-0.17935232715022897,-0.27296886490859695,-0.0029596581572440828,0.0029695304766843567,-0.05878276443201169,-0.39311965114378167,-1048484.5379525105,-0.9944832201192799,0.0,0.0,-0.05554796977389864,0.09099671076162097,4275.0,0.47926008968609857,694.0,0.08805989087679222,4275.0,0.47926008968609857,0.13482490020748128,0.21758607241727823
mkt,half,25,half_x25,"Half Kelly, -25 best days",0.5,1.3081808227050837,26208,0.08796070178791635,0.220806099885591,0.3509634412327219,0.4776908385979405,-0.9666290223841699,0.0909973730883469,4519.661161252731,8.416192305691702,4483.555684306919,-0.2278467354797666,0.0889562959439457,-0.40357156127674365,1929-09-03,1933-03-31,1956-02-24,True,9670.0,8365.0,7608,6564,9670.0,18,8,4,0.4564255189255189,-0.040311472890069214,-0.020538438916469816,0.0009157265758935587,0.019536862504829767,0.03773994687739486,-0.839872682442237,12.07902734635619,False,-0.06107112268945139,-0.40978578168534585,-0.23630681468120893,-0.5169550173509183,-0.11518468914438285,-0.24709889762123616,-0.17935232715022897,-0.27296886490859695,0.030046438764418815,-0.030146662515190936,-0.05853156615695215,-0.3914397203134863,-1049781.2226955444,-0.99571312020083,0.22814673547976658,-0.5003289520783802,0.20686775360590648,-0.3388834050534153,750.0,0.0840807174887892,484.0,0.061413526202258595,750.0,0.0840807174887892,-0.1632138665812855,-0.2634013757014373
mkt,quarter,25,quarter_x25,"Quarter Kelly, -25 best days",0.25,0.6540904113525419,26208,0.06612486921744083,0.11040401595850988,0.3509634412327219,0.4776908385979405,-0.7932943894114208,0.08335476728443991,597.155015248887,6.392176736720867,593.5283641500879,-0.11377336773988331,0.04447814797197285,-0.22205050782129854,1929-09-03,1933-03-31,1954-05-26,True,9031.0,7726.0,7167,6123,9031.0,7,2,1,0.29174297924297926,-0.020073575628523035,-0.010203810417099654,0.0005232723290820335,0.009815129046882365,0.018899162457932207,-0.8446581195818518,12.075043917509248,False,-0.0829069552599269,-0.5563036992311485,-0.34670889860829,-0.7584753953776643,-0.11518468914438285,-0.24709889762123616,-0.17935232715022897,-0.27296886490859695,0.2033810717371679,-0.20405947539110425,-0.06617417196085915,-0.4425509355904801,-1053703.7288415483,-0.999433600953587,0.3422201032196499,-0.7504934281175705,0.3883888070613516,-0.636244746352903,111.0,0.012443946188340771,-155.0,-0.019667554878822435,111.0,0.012443946188340771,-0.32789640626382516,-0.5291729575834466
mkt,unlev,25,unlev_x25,"Unlevered 1.00x, -25 best days",,1.0,26208,0.07929039648719821,0.16878766865564576,0.350963441232722,0.4776908385979406,-0.9192167762494251,0.08625864816209919,2033.3219653879441,7.617426170684845,2018.6147297129976,-0.1741,0.068,-0.3227558174124975,1929-09-03,1933-03-31,1955-02-10,True,9291.0,7986.0,7347,6303,9291.0,16,7,2,0.39285714285714285,-0.0307,-0.015700000000000002,0.0007000000000000001,0.015,0.028893000000000026,-0.8413686550403947,12.078217108409481,False,-0.06974142799016952,-0.46796332417416386,-0.28832524591115416,-0.6307527893505182,-0.11518468914438273,-0.24709889762123594,-0.17935232715022886,-0.27296886490859684,0.07745868489916363,-0.07771705827882902,-0.06327029108319987,-0.4231307424672244,-1052267.561891409,-0.9980714025791673,0.2818934709595332,-0.618196287693228,0.28768349747015265,-0.47127288570110604,371.0,0.04159192825112101,105.0,0.013323182337266815,371.0,0.04159192825112101,-0.22678224264966157,-0.36599068418508596
mkt,full,100,full_x100,"Full Kelly, -100 best days",1.0,2.6163616454101675,26133,-0.00803839536107363,0.4263115503038832,0.12654430900379854,0.16602197691968595,-0.9999983156513647,-0.008038408900556692,0.44676714901052983,-0.8057177395337651,0.448141454599602,-0.4559934709595332,0.10910228061360398,-0.7731775517877604,1929-09-03,1942-04-28,,False,35303.0,30683.0,25187,21467,35303.0,4,1,1,0.963226571767497,-0.08081357484317417,-0.04126316846329704,0.0016698169872461004,0.03803724385844743,0.06828703894520537,-1.2931494376590298,12.152934979578514,False,-0.15707021983844136,-1.053937441813271,-0.03080136426291674,-0.0673823978307565,-0.3396038213733062,-0.7285319820945615,-0.4910211888284835,-0.7473195284960644,-0.003322854502775918,0.0033339383102164444,-0.15756734814585574,-1.0537582152399934,-1054300.437089648,-0.9999995762432188,0.0,0.0,-0.16273823690511025,0.26659199847964365,26383.0,2.9577354260089685,22802.0,2.893287653851034,26383.0,2.9577354260089685,0.3435871862606926,0.5544953957045062
mkt,half,100,half_x100,"Half Kelly, -100 best days",0.5,1.3081808227050837,26133,0.03605989389014122,0.21315769114802152,0.12654430900379854,0.16602197691968595,-0.9972202076093055,0.03616041232917824,34.345884792787174,3.5364822092436614,33.885973424879595,-0.2278467354797666,0.05455114030680199,-0.4998188529141414,1929-09-03,1942-04-28,1985-11-27,True,20539.0,15919.0,15042,11322,20539.0,4,3,3,0.824819194122374,-0.04033861260536287,-0.020569256998740324,0.0009157265758935587,0.01909944001149422,0.03414351947260268,-1.2952231429145555,12.154173171089695,False,-0.11297193058722652,-0.7580389690819538,-0.2439552234187784,-0.5336870073994118,-0.3396038213733062,-0.7285319820945615,-0.4910211888284835,-0.7473195284960644,-0.0005447464607167829,0.0005465635324151119,-0.11336852691612082,-0.758171143915775,-1054266.5379720044,-0.9999674230712327,0.22814673547976658,-0.5003289520783802,0.11062046196850872,-0.18121451104402442,11619.0,1.3025784753363228,8038.0,1.0199213297804848,11619.0,1.3025784753363228,0.20517980861556961,0.3311277711111804
mkt,quarter,100,quarter_x100,"Quarter Kelly, -100 best days",0.25,0.6540904113525419,26133,0.040005150494963004,0.10658770414615071,0.12654430900379854,0.16602197691968595,-0.9354055394619469,0.042767707488641026,50.19463381192508,3.9159081248070886,49.45092245999738,-0.11377336773988331,0.02731393398885998,-0.28465428792335545,1929-09-03,1942-04-28,1972-04-11,True,15561.0,10941.0,11599,7879,15561.0,6,4,2,0.543144682967895,-0.02010153192446698,-0.010234628499370162,0.0005232723290820335,0.009615129046882364,0.01707175973630134,-1.2991207617612062,12.153488851183003,False,-0.10902667398240473,-0.7315663910359075,-0.3505252104206492,-0.7668241243038112,-0.3396038213733062,-0.7285319820945615,-0.4910211888284835,-0.7473195284960644,0.061269921686641804,-0.061474295369962406,-0.10676123175665803,-0.7139837431837759,-1054250.6892229852,-0.9999523905987555,0.3422201032196499,-0.7504934281175705,0.3257850269592947,-0.5336894577668594,6641.0,0.744506726457399,3060.0,0.38827559954320523,6641.0,0.744506726457399,-0.07649470253890944,-0.12345035568767837
mkt,unlev,100,unlev_x100,"Unlevered 1.00x, -100 best days",,1.0,26133,0.03943106508314389,0.16294473518551317,0.1265443090037985,0.16602197691968593,-0.9871973468021961,0.039942434216291164,47.50269106158097,3.8607863633638337,46.80869960258727,-0.1741,0.0417,-0.4063148592405069,1929-09-03,1942-04-28,1980-11-13,True,18699.0,14079.0,13768,10048,18699.0,7,3,2,0.7374583859488004,-0.030768,-0.015700000000000002,0.0007000000000000001,0.0146,0.026099999999999998,-1.2964600524237957,12.154411533515862,False,-0.10960075939422384,-0.7354184905041408,-0.29416817938128675,-0.6435350435462235,-0.33960382137330625,-0.7285319820945616,-0.49102118882848356,-0.7473195284960645,0.009478114346392674,-0.009509729812621104,-0.1095865050290079,-0.7328782346889624,-1054253.3811657357,-0.9999549438952495,0.2818934709595332,-0.618196287693228,0.2041244556421432,-0.33438943178386826,9779.0,1.0963004484304935,6198.0,0.7864484202512372,9779.0,1.0963004484304935,0.117819000441996,0.19014123891694124
scv,full,0,full_x0,"Full Kelly, original",1.0,2.78009325764397,26233,0.23037185788218614,0.5842328561922139,0.5956293781096133,0.8471708592905232,-0.9992356515754022,0.23054807694159052,973543849.24462,20.6964534246431,973543849.2446172,-0.44537093987456405,0.74228489979094,-0.72298508116512,1929-02-05,1932-05-31,1950-12-27,True,7995.0,6784.0,6445,5461,7995.0,42,20,14,0.6221553005756109,-0.10665558109352846,-0.051053715940649044,0.0027020839318795736,0.04906964133453366,0.10397548783588449,0.2718084647011923,24.821696170766582,False,0.0,0.0,0.0,0.0,0.0,0.0,0.0,0.0,0.0,0.0,0.0,0.0,0.0,0.0,0.0,0.0,0.0,0.0,0.0,0.0,0.0,0.0,0.0,0.0,0.0,0.0
scv,half,0,half_x0,"Half Kelly, original",0.5,1.390046628821985,26233,0.17665601313258292,0.292103996474128,0.5956293781096133,0.8471708592905232,-0.9588493844300482,0.18423749965443156,11296901.158790214,16.24003901233824,11296901.158789927,-0.22268546993728203,0.37114244989547,-0.45870460322554873,1929-02-05,1932-05-31,1937-01-08,True,2894.0,1683.0,2355,1371,2894.0,25,12,6,0.3542103457477223,-0.05327779054676423,-0.025453455172595202,0.0014510419659397868,0.024603825330149137,0.052029220747182366,0.26660302339737063,24.818289319426615,False,-0.053715844749603225,-0.23317016776013455,-0.2921288597180859,-0.500021278539622,0.0,0.0,0.0,0.0,0.04038626714535398,-0.0404171599378792,-0.046310577287158955,-0.20087167024555908,-962246948.0858297,-0.9883961044306782,0.22268546993728203,-0.5,0.2642804779395712,-0.36554070730432286,-5101.0,-0.6380237648530331,-5101.0,-0.7519162735849056,-5101.0,-0.6380237648530331,-0.26794495482788855,-0.43067214018748856
scv,quarter,0,quarter_x0,"Quarter Kelly, original",0.25,0.6950233144109925,26233,0.11372951802957862,0.14604462824446368,0.5956293781096133,0.8471708592905232,-0.7699131429018381,0.14771733549180213,46776.994935606526,10.75314679984494,46776.99493560977,-0.11134273496864101,0.185571224947735,-0.2592060313524748,1929-02-05,1932-05-31,1936-01-23,True,2543.0,1332.0,2067,1083,2543.0,12,4,3,0.1616284832081729,-0.026619392941941013,-0.01265793131660336,0.0007950233144109925,0.01236290800219237,0.026050892798289926,0.2561598111908423,24.80798379467382,False,-0.11664233985260752,-0.5063220001127884,-0.4381882279477502,-0.7500232540902926,0.0,0.0,0.0,0.0,0.22932250867356407,-0.2294979250510253,-0.08283074144978839,-0.35927752054411455,-973497072.2496843,-0.999951951835583,0.33402820490592305,-0.75,0.46377904981264517,-0.6414780358472215,-5452.0,-0.6819262038774234,-5452.0,-0.8036556603773585,-5452.0,-0.6819262038774234,-0.46052681736743795,-0.7402119968139207
scv,unlev,0,unlev_x0,"Unlevered 1.00x, original",,1.0,26233,0.1439311681031498,0.2101344195421973,0.5956293781096134,0.8471708592905233,-0.8895053111818321,0.16181035266885269,676201.4897934666,13.424246372438146,676201.4897934415,-0.1602,0.267,-0.3533865159247134,1929-02-05,1932-05-31,1936-10-02,True,2796.0,1585.0,2278,1294,2796.0,20,8,4,0.25681393664468416,-0.0383,-0.0183,0.0011,0.0177,0.03746800000000003,0.26253458860306217,24.814823403682386,False,-0.08644068977903635,-0.37522243634134667,-0.3740984366500166,-0.6403242006761383,1.1102230246251565e-16,2.220446049250313e-16,1.1102230246251565e-16,2.220446049250313e-16,0.1097303403935701,-0.10981427676301225,-0.06873772427273783,-0.29814919813949514,-972867647.7548265,-0.999305422667589,0.28517093987456404,-0.640299836255326,0.3695985652404066,-0.5112118837151984,-5199.0,-0.650281425891182,-5199.0,-0.7663620283018868,-5199.0,-0.650281425891182,-0.3653413639309267,-0.5872189204092887
scv,full,10,full_x10,"Full Kelly, -10 best days",1.0,2.78009325764397,26223,0.1888937439845859,0.5669257359646858,0.5401648852905355,0.7453731318369315,-0.9999378629402986,0.18890548201579982,31735759.121491887,17.272954651076027,31527483.443538092,-0.44537093987456405,0.24798431858184214,-0.7643215716663103,1929-02-05,1940-05-21,1959-01-15,True,10936.0,6813.0,8513,5155,10936.0,37,18,13,0.6935133279945086,-0.10665558109352846,-0.051053715940649044,0.0027020839318795736,0.048929641334533876,0.10220710777796123,-0.658733446423441,11.818748401913204,False,-0.041478113897600255,-0.18004852797086213,-0.017307120227528117,-0.02962366810440742,-0.055464492819077726,-0.09311913558580487,-0.10179772745359161,-0.12016197953131169,-0.0007022113648964545,0.0007027485096127162,-0.0416425949257907,-0.18062434299263697,-941808090.123128,-0.967401818473697,0.0,0.0,-0.04133649050119037,0.057174748937522946,2941.0,0.3678549093183239,29.0,0.0042747641509433,2941.0,0.3678549093183239,0.07135802741889774,0.11469487980393023
scv,half,10,half_x10,"Half Kelly, -10 best days",0.5,1.390046628821985,26223,0.15481142871626047,0.28345421695234624,0.5401648852905355,0.7453731318369315,-0.9605533069999599,0.1611690133052313,1739787.7786991198,14.369273697487342,1730284.0454013543,-0.22268546993728203,0.12399215929092107,-0.45870460322554873,1929-02-05,1940-05-21,1946-05-10,True,6303.0,2180.0,5136,1778,6303.0,23,11,5,0.38984860618540973,-0.05327779054676423,-0.0254729575040363,0.0014510419659397868,0.02448461227407893,0.051114553888980674,-0.663914804991042,11.824339333080644,False,-0.07556042916592567,-0.327993314203195,-0.30077863923986764,-0.5148266415555903,-0.055464492819077726,-0.09311913558580487,-0.10179772745359161,-0.12016197953131169,0.038682344575442285,-0.03871193398119399,-0.0693790636363592,-0.300931001276304,-971804061.4659208,-0.9982129333156908,0.22268546993728203,-0.5,0.2642804779395712,-0.36554070730432286,-1692.0,-0.21163227016885555,-4604.0,-0.6786556603773585,-1692.0,-0.21163227016885555,-0.23230669439020113,-0.37339020366020137
scv,quarter,10,quarter_x10,"Quarter Kelly, -10 best days",0.25,0.6950233144109925,26223,0.1028086878238026,0.1417236741060925,0.5401648852905355,0.7453731318369315,-0.7699131429018381,0.13353283908924055,17490.555813961408,9.769416346464908,17425.54047305849,-0.11134273496864101,0.061996079645460535,-0.2592060313524748,1929-02-05,1932-05-31,1945-01-04,True,5812.0,4601.0,4746,3762,5812.0,11,3,2,0.19589673187659687,-0.026619392941941013,-0.01265793131660336,0.0007865163200876948,0.012301912665074568,0.025568276944490393,-0.674207650212627,11.833731512264922,False,-0.12756317005838352,-0.5537272270626922,-0.4425091820861214,-0.7574191992045974,-0.055464492819077726,-0.09311913558580487,-0.10179772745359161,-0.12016197953131169,0.22932250867356407,-0.2294979250510253,-0.09701523785234997,-0.42080263318322464,-973526358.688806,-0.9999820341365954,0.33402820490592305,-0.75,0.46377904981264517,-0.6414780358472215,-2183.0,-0.27304565353345844,-2183.0,-0.32178655660377353,-2183.0,-0.27304565353345844,-0.426258568699014,-0.6851321017511938
scv,unlev,10,unlev_x10,"Unlevered 1.00x, -10 best days",,1.0,26223,0.1281850515221819,0.20391393863672344,0.5401648852905356,0.7453731318369314,-0.8895053111818321,0.14410824748406523,169489.46505905545,12.040546050827146,168713.31688278457,-0.1602,0.0892,-0.3533865159247134,1929-02-05,1932-05-31,1945-09-25,True,6076.0,4865.0,4954,3970,6076.0,19,7,3,0.2963047706212104,-0.0383,-0.0183,0.0011,0.017689999999999782,0.03677799999999988,-0.6679408151920946,11.828286813117217,False,-0.10218680636000424,-0.44357330491410685,-0.3803189175554904,-0.6509714637315172,-0.055464492819077615,-0.09311913558580476,-0.10179772745359172,-0.12016197953131191,0.1097303403935701,-0.10981427676301225,-0.08643982945752529,-0.3749319040272232,-973374359.7795609,-0.9998259046419012,0.28517093987456404,-0.640299836255326,0.3695985652404066,-0.5112118837151984,-1919.0,-0.24002501563477174,-1919.0,-0.28287146226415094,-1919.0,-0.24002501563477174,-0.32585052995440045,-0.5237446818389674
scv,full,25,full_x25,"Full Kelly, -25 best days",1.0,2.78009325764397,26208,0.15218349813651197,0.5599244640051014,0.4847323041974235,0.660425365334977,-0.9999856369106833,0.15218568399308388,1385868.3791704164,14.141837489699059,1367316.1269739077,-0.44537093987456405,0.21768130207352285,-0.8100678774349465,1929-02-05,1940-05-21,1965-01-27,True,13140.0,9017.0,10024,6673,13140.0,32,15,11,0.743513431013431,-0.10665558109352846,-0.051053715940649044,0.0027020839318795736,0.04865163200876948,0.09924932929788972,-0.8456165907203554,11.405439439964821,False,-0.07818835974567417,-0.33940065624534865,-0.02430839218711245,-0.041607369269753836,-0.11089707391218973,-0.18618469469076693,-0.18674549395554618,-0.22043427474823574,-0.0007499853352811447,0.0007505590238885418,-0.07836239294850664,-0.33989610318180963,-972157980.8654495,-0.9985764705100384,0.0,0.0,-0.08708279626982651,0.12044895328889638,5145.0,0.6435272045028142,2233.0,0.3291568396226414,5145.0,0.6435272045028142,0.12135813043782018,0.19506083179801093
scv,half,25,half_x25,"Half Kelly, -25 best days",0.5,1.390046628821985,26208,0.1359445975494522,0.2799567575305447,0.4847323041974235,0.660425365334977,-0.9817470739562768,0.13847211889475583,335983.8061654845,12.724818241847823,331934.02684555104,-0.22268546993728203,0.10884065103676142,-0.5172828466303572,1929-02-05,1940-05-21,1954-07-02,True,9278.0,5155.0,7363,4012,9278.0,19,10,4,0.455776862026862,-0.05327779054676423,-0.025476857970324524,0.0014510419659397868,0.024386811341502543,0.04962466464894486,-0.8507547552952887,11.41257479977195,False,-0.09442726033273394,-0.4098906055661744,-0.30427609866166916,-0.5208130549945682,-0.11089707391218973,-0.18618469469076693,-0.18674549395554618,-0.22043427474823574,0.017488577619125367,-0.017501955211018272,-0.09207595804683469,-0.39937855595369887,-973207865.4384545,-0.999654885800546,0.22268546993728203,-0.5,0.20570223453476277,-0.2845179518825828,1283.0,0.16047529706066288,-1629.0,-0.24012382075471694,1283.0,0.16047529706066288,-0.16637843854874884,-0.2674226811132485
scv,quarter,25,quarter_x25,"Quarter Kelly, -25 best days",0.25,0.6950233144109925,26208,0.09352881927923633,0.1399781867648938,0.4847323041974235,0.660425365334977,-0.8163427447918814,0.1145705279748405,7523.709231020386,8.925814544142586,7459.981845042279,-0.11134273496864101,0.05442032551838071,-0.3015828649197416,1929-02-05,1933-04-03,1946-01-29,True,6202.0,4684.0,5045,3825,6202.0,10,3,2,0.23981227106227107,-0.026619392941941013,-0.01265793131660336,0.0007865163200876948,0.012232410333633469,0.024842829993031328,-0.8609370725825597,11.425072666512863,False,-0.13684303860294983,-0.5940093545320642,-0.44425466942732006,-0.7604068561340195,-0.11089707391218973,-0.18618469469076693,-0.18674549395554618,-0.22043427474823574,0.18289290678352077,-0.18303280762167606,-0.11597754896675001,-0.503051469807458,-973536325.535389,-0.9999922718332237,0.33402820490592305,-0.75,0.4214022162453783,-0.5828643318148023,-1793.0,-0.22426516572858035,-2100.0,-0.3095518867924528,-1793.0,-0.22426516572858035,-0.38234302951333976,-0.6145459649055476
scv,unlev,25,unlev_x25,"Unlevered 1.00x, -25 best days",,1.0,26208,0.11470293314400645,0.20139966980423424,0.4847323041974237,0.6604253653349772,-0.9226233744309922,0.12432259611322657,51039.836975974205,10.840361723969185,50515.26665084166,-0.1602,0.0783,-0.40530351873881487,1929-02-05,1940-05-21,1950-10-17,True,7924.0,3801.0,6372,3021,7924.0,17,6,3,0.35088522588522586,-0.0383,-0.0183,0.0011,0.0176,0.035699999999999996,-0.8547414881958123,11.417731034167709,False,-0.11566892473817969,-0.5020965920122658,-0.38283318638797964,-0.6552750026472778,-0.11089707391218956,-0.1861846946907667,-0.18674549395554596,-0.22043427474823551,0.07661227714440999,-0.07667088041106473,-0.10622548082836394,-0.46075197085801856,-973492809.407644,-0.9999475731503871,0.28517093987456404,-0.640299836255326,0.3176815624263051,-0.4394026525614446,-71.0,-0.008880550343964955,-2983.0,-0.43971108490566035,-71.0,-0.008880550343964955,-0.271270074690385,-0.436016657640639
scv,full,100,full_x100,"Full Kelly, -100 best days",1.0,2.78009325764397,26133,0.02101976364745206,0.5397606260940918,0.26036522356039127,0.34145865385865465,-0.9999999846867265,0.021019763969333458,7.977767097908395,2.076658560014773,7.914862753244013,-0.44537093987456405,0.14512086804901522,-0.8840752459046005,1929-02-05,1942-04-28,1986-03-07,True,20849.0,16019.0,15281,11393,20849.0,19,8,6,0.853786400336739,-0.10672358109352845,-0.05112732713156632,0.002602083931879573,0.04753959470571189,0.08857104895035353,-1.3248452201451975,11.351045719981759,False,-0.20935209423473408,-0.9087572421358787,-0.04447223009812207,-0.07612072759477018,-0.335264154549222,-0.5628737716283758,-0.5057122054318686,-0.5969423993825582,-0.000764333111324289,0.0007649177750206348,-0.20952831297225705,-0.9088269819979508,-973543841.2668529,-0.9999999918054363,0.0,0.0,-0.16109016473948057,0.2228125710144353,12854.0,1.6077548467792369,9235.0,1.3612912735849059,12854.0,1.6077548467792369,0.23163109976112817,0.3723043097870029
scv,half,100,half_x100,"Half Kelly, -100 best days",0.5,1.390046628821985,26133,0.06686587078637156,0.2698852916941973,0.26036522356039127,0.34145865385865465,-0.9994633311162842,0.06690177488721889,640.0452354902613,6.461538854309499,624.4726393238143,-0.22268546993728203,0.07256043402450761,-0.6251062058464539,1929-02-05,1940-05-21,1968-09-30,True,14482.0,10359.0,10890,7581,14482.0,12,6,4,0.6812459342593655,-0.05334579054676422,-0.025492459835477398,0.001390046628821985,0.02380738989224434,0.044317524475176735,-1.329872535533787,11.361044996995908,False,-0.1635059870958146,-0.7097480942287349,-0.3143475644980166,-0.538051842114466,-0.335264154549222,-0.5628737716283758,-0.5057122054318686,-0.5969423993825582,-0.0002276795408819865,0.00022785370049893672,-0.16364630205437164,-0.7098142141338768,-973543209.1993845,-0.9999993425614717,0.22268546993728203,-0.5,0.09787887531866601,-0.13538159758556878,6487.0,0.8113821138211381,3575.0,0.5269752358490567,6487.0,0.8113821138211381,0.05909063368375467,0.09497730490937673
scv,quarter,100,quarter_x100,"Quarter Kelly, -100 best days",0.25,0.6950233144109925,26133,0.059116183862428805,0.13495310554121157,0.26036522356039127,0.34145865385865465,-0.9664634636972831,0.06116753098588448,309.119454469847,5.733727786238201,302.43635503523853,-0.11134273496864101,0.036280217012253806,-0.3748443146345638,1929-02-05,1940-05-21,1965-02-23,True,13167.0,9044.0,9998,6689,13167.0,8,2,2,0.5465503386522788,-0.02666665452732096,-0.012688428985162262,0.0007645256458520918,0.011954401007869072,0.02217124372971066,-1.339763664814729,11.379135972614666,False,-0.17125567401975733,-0.7433879971022275,-0.44927975065100234,-0.7690080177606243,-0.335264154549222,-0.5628737716283758,-0.5057122054318686,-0.5969423993825582,0.032772187878119086,-0.03279725640938669,-0.16938054595570604,-0.7346864402543626,-973543540.1251655,-0.9999996824801937,0.33402820490592305,-0.75,0.34814076653055614,-0.48153243490102604,5172.0,0.6469043151969982,2260.0,0.3331367924528301,5172.0,0.6469043151969982,-0.0756049619233321,-0.12152104442955525
scv,unlev,100,unlev_x100,"Unlevered 1.00x, -100 best days",,1.0,26133,0.06498726785986303,0.19416018647764213,0.2603652235603913,0.3414586538586546,-0.9940607530174905,0.06537554939433322,536.7844755120911,6.285596664807242,524.0756359307554,-0.1602,0.052199999999999996,-0.4978446371182087,1929-02-05,1940-05-21,1967-04-28,True,13961.0,9838.0,10548,7239,13961.0,10,5,2,0.619025752879501,-0.038368,-0.0183,0.001,0.0172,0.0319,-1.3337567268202113,11.368404284937965,False,-0.1653845900223231,-0.7179027488110201,-0.3900726697145718,-0.6676664374148737,-0.3352641545492219,-0.5628737716283758,-0.5057122054318686,-0.5969423993825582,0.005174898557911645,-0.005178857009107807,-0.1651725275472573,-0.7164342020909757,-973543312.4601444,-0.9999994486283531,0.28517093987456404,-0.640299836255326,0.22514044404691125,-0.31140399700100063,5966.0,0.7462163852407755,3054.0,0.45017688679245293,5966.0,0.7462163852407755,-0.0031295476961098467,-0.005030171234118641
