Date,NTSI
2021-05-21,34.8121452331543
2021-05-24,35.00640106201172
2021-05-25,35.06103515625
2021-05-26,35.058433532714844
2021-05-27,35.07231903076172
2021-05-28,35.18418884277344
2021-06-01,35.21453857421875
2021-06-02,35.366302490234375
2021-06-03,35.17203903198242
2021-06-04,35.5258674621582
2021-06-07,35.59872055053711
2021-06-08,35.64033889770508
2021-06-09,35.62907028198242
2021-06-10,35.74007797241211
2021-06-11,35.772159576416016
2021-06-14,35.736610412597656
2021-06-15,35.80078125
2021-06-16,35.54580307006836
2021-06-17,35.343753814697266
2021-06-18,34.793060302734375
2021-06-21,35.1017951965332
2021-06-22,35.1616325378418
2021-06-23,34.885868072509766
2021-06-24,35.21139907836914
2021-06-25,35.24784851074219
2021-06-28,35.12978744506836
2021-06-29,35.12284469604492
2021-06-30,34.8789176940918
2021-07-01,34.92839050292969
2021-07-02,35.09853744506836
2021-07-06,34.988304138183594
2021-07-07,35.18535614013672
2021-07-08,34.81207275390625
2021-07-09,35.26434326171875
2021-07-12,35.38847732543945
2021-07-13,35.19403839111328
2021-07-14,35.35637283325195
2021-07-15,35.12025451660156
2021-07-16,34.87544250488281
2021-07-19,34.4578971862793
2021-07-20,34.70964431762695
2021-07-21,35.032562255859375
2021-07-22,35.094200134277344
2021-07-23,35.25566101074219
2021-07-26,35.26608657836914
2021-07-27,35.20270919799805
2021-07-28,35.37981033325195
2021-07-29,35.56904220581055
2021-07-30,35.42060470581055
2021-08-02,35.6254768371582
2021-08-03,35.86333465576172
2021-08-04,35.81037139892578
2021-08-05,35.8902473449707
2021-08-06,35.657588958740234
2021-08-09,35.63674545288086
2021-08-10,35.65325164794922
2021-08-11,35.89110565185547
2021-08-12,35.83902359008789
2021-08-13,36.09857940673828
2021-08-16,35.98051834106445
2021-08-17,35.716617584228516
2021-08-18,35.569915771484375
2021-08-19,35.29820251464844
2021-08-20,35.398040771484375
2021-08-23,35.6818962097168
2021-08-24,35.700992584228516
2021-08-25,35.64022445678711
2021-08-26,35.461395263671875
2021-08-27,35.80950164794922
2021-08-30,35.85465621948242
2021-08-31,35.76957321166992
2021-09-01,36.061256408691406
2021-09-02,36.2183723449707
2021-09-03,36.37549591064453
2021-09-07,36.366825103759766
2021-09-08,36.1732292175293
2021-09-09,36.201011657714844
2021-09-10,36.00742721557617
2021-09-13,36.294761657714844
2021-09-14,36.194061279296875
2021-09-15,36.19580841064453
2021-09-16,36.14719009399414
2021-09-17,35.63502502441406
2021-09-20,35.1662483215332
2021-09-21,35.481380462646484
2021-09-22,35.65238952636719
2021-09-23,35.8207893371582
2021-09-24,35.44330596923828
2021-09-27,35.40407943725586
2021-09-28,34.6142463684082
2021-09-29,34.59331512451172
2021-09-30,34.498287200927734
2021-10-01,34.6090087890625
2021-10-04,34.27423858642578
2021-10-05,34.44685745239258
2021-10-06,34.25855255126953
2021-10-07,34.458187103271484
2021-10-08,34.35270690917969
2021-10-11,34.26552963256836
2021-10-12,34.353580474853516
2021-10-13,34.69008255004883
2021-10-14,35.03443908691406
2021-10-15,35.20966339111328
2021-10-18,35.06320571899414
2021-10-19,35.20269775390625
2021-10-20,35.237571716308594
2021-10-21,35.070186614990234
2021-10-22,35.28901290893555
2021-10-25,35.30731964111328
2021-10-26,35.36659240722656
2021-10-27,35.330841064453125
2021-10-28,35.598487854003906
2021-10-29,35.42325973510742
2021-11-01,35.717918395996094
2021-11-02,35.69525146484375
2021-11-03,35.89838790893555
2021-11-04,35.92627716064453
2021-11-05,36.05966567993164
2021-11-08,36.0431022644043
2021-11-09,36.05356216430664
2021-11-10,35.516536712646484
2021-11-11,35.60197067260742
2021-11-12,35.771976470947266
2021-11-15,35.65340805053711
2021-11-16,35.61243438720703
2021-11-17,35.574951171875
2021-11-18,35.623775482177734
2021-11-19,35.37966537475586
2021-11-22,35.0588493347168
2021-11-23,34.949005126953125
2021-11-24,34.79556655883789
2021-11-26,34.210601806640625
2021-11-29,34.32917022705078
2021-11-30,34.098140716552734
2021-12-01,34.03363037109375
2021-12-02,34.3134651184082
2021-12-03,34.2524528503418
2021-12-06,34.47563171386719
2021-12-07,35.06440353393555
2021-12-08,35.10453796386719
2021-12-09,34.86378860473633
2021-12-10,34.93705368041992
2021-12-13,34.668392181396484
2021-12-14,34.4442253112793
2021-12-15,34.883853912353516
2021-12-16,34.96235656738281
2021-12-17,34.57070541381836
2021-12-20,34.4730110168457
2021-12-21,34.73905563354492
2021-12-22,35.08097839355469
2021-12-23,35.2467041015625
2021-12-27,35.454246520996094
2021-12-28,35.4279670715332
2021-12-29,35.390316009521484
2021-12-30,35.336021423339844
2021-12-31,35.354408264160156
2022-01-03,35.32989501953125
2022-01-04,35.598724365234375
2022-01-05,35.367549896240234
2022-01-06,35.0496940612793
2022-01-07,35.146888732910156
2022-01-10,34.80540084838867
2022-01-11,35.23619842529297
2022-01-12,35.5391731262207
2022-01-13,35.380680084228516
2022-01-14,35.24408721923828
2022-01-18,34.6442756652832
2022-01-19,34.683685302734375
2022-01-20,34.51993942260742
2022-01-21,34.290523529052734
2022-01-24,33.86058807373047
2022-01-25,33.728363037109375
2022-01-26,33.555870056152344
2022-01-27,33.443782806396484
2022-01-28,33.553245544433594
2022-01-31,33.99368667602539
2022-02-01,34.23185348510742
2022-02-02,34.52694320678711
2022-02-03,34.0068244934082
2022-02-04,33.891239166259766
2022-02-07,33.99806213378906
2022-02-08,34.09526443481445
2022-02-09,34.566341400146484
2022-02-10,34.097007751464844
2022-02-11,33.755516052246094
2022-02-14,33.40351867675781
2022-02-15,33.8702278137207
2022-02-16,34.0269660949707
2022-02-17,33.639930725097656
2022-02-18,33.54536056518555
2022-02-22,33.19511413574219
2022-02-23,32.922786712646484
2022-02-24,32.46833801269531
2022-02-25,33.218753814697266
2022-02-28,32.898277282714844
2022-03-01,32.39128112792969
2022-03-02,32.50773620605469
2022-03-03,32.0095100402832
2022-03-04,31.331771850585938
2022-03-07,30.486799240112305
2022-03-08,30.5437068939209
2022-03-09,31.553308486938477
2022-03-10,31.099729537963867
2022-03-11,30.863313674926758
2022-03-14,30.744218826293945
2022-03-15,31.07084083557129
2022-03-16,31.990249633789062
2022-03-17,32.15837478637695
2022-03-18,32.55502700805664
2022-03-21,32.179378509521484
2022-03-22,32.395668029785156
2022-03-23,32.13296890258789
2022-03-24,32.3133544921875
2022-03-25,32.149009704589844
2022-03-28,32.137596130371094
2022-03-29,32.886356353759766
2022-03-30,32.73783874511719
2022-03-31,32.35993576049805
2022-04-01,32.52867126464844
2022-04-04,32.609527587890625
2022-04-05,32.06288528442383
2022-04-06,31.68409538269043
2022-04-07,31.695528030395508
2022-04-08,31.590068817138672
2022-04-11,31.249069213867188
2022-04-12,31.12866973876953
2022-04-13,31.474929809570312
2022-04-14,31.22183609008789
2022-04-18,31.024967193603516
2022-04-19,30.97926902770996
2022-04-20,31.37211036682129
2022-04-21,30.93708610534668
2022-04-22,30.50029945373535
2022-04-25,30.276193618774414
2022-04-26,29.787553787231445
2022-04-27,29.861370086669922
2022-04-28,30.21554946899414
2022-04-29,29.907075881958008
2022-05-02,29.675064086914062
2022-05-03,29.92641258239746
2022-05-04,30.414169311523438
2022-05-05,29.411405563354492
2022-05-06,29.104698181152344
2022-05-09,28.362945556640625
2022-05-10,28.59232521057129
2022-05-11,28.491254806518555
2022-05-12,28.473676681518555
2022-05-13,29.106449127197266
2022-05-16,29.167970657348633
2022-05-17,29.5731201171875
2022-05-18,28.993083953857422
2022-05-19,29.243555068969727
2022-05-20,29.50632095336914
2022-05-23,29.887741088867188
2022-05-24,29.980894088745117
2022-05-25,29.929927825927734
2022-05-26,30.285863876342773
2022-05-27,30.58555030822754
2022-05-31,30.351768493652344
2022-06-01,30.046815872192383
2022-06-02,30.48800277709961
2022-06-03,30.08900260925293
2022-06-06,30.133821487426758
2022-06-07,30.18655014038086
2022-06-08,29.787553787231445
2022-06-09,29.23036766052246
2022-06-10,28.46841049194336
2022-06-13,27.432249069213867
2022-06-14,26.988431930541992
2022-06-15,27.437522888183594
2022-06-16,27.093017578125
2022-06-17,27.022708892822266
2022-06-21,27.432249069213867
2022-06-22,27.36545753479004
2022-06-23,27.433128356933594
2022-06-24,28.053667068481445
2022-06-27,27.955453872680664
2022-06-28,27.78491973876953
2022-06-29,27.76795196533203
2022-06-30,27.629560470581055
2022-07-01,27.860809326171875
2022-07-05,27.3813419342041
2022-07-06,27.386701583862305
2022-07-07,27.660810470581055
2022-07-08,27.57866859436035
2022-07-11,27.28938102722168
2022-07-12,27.36170196533203
2022-07-13,27.406343460083008
2022-07-14,27.00723648071289
2022-07-15,27.50009536743164
2022-07-18,27.499202728271484
2022-07-19,28.14295196533203
2022-07-20,27.947416305541992
2022-07-21,28.348316192626953
2022-07-22,28.392955780029297
2022-07-25,28.611703872680664
2022-07-26,28.320632934570312
2022-07-27,28.87420654296875
2022-07-28,29.123319625854492
2022-07-29,29.483139038085938
2022-08-01,29.55724334716797
2022-08-02,29.069738388061523
2022-08-03,29.196533203125
2022-08-04,29.31617546081543
2022-08-05,29.026885986328125
2022-08-08,29.196533203125
2022-08-09,28.912595748901367
2022-08-10,29.509920120239258
2022-08-11,29.38224983215332
2022-08-12,29.59832000732422
2022-08-15,29.49028205871582
2022-08-16,29.522422790527344
2022-08-17,29.250102996826172
2022-08-18,29.11528205871582
2022-08-19,28.725988388061523
2022-08-22,28.232240676879883
2022-08-23,28.201881408691406
2022-08-24,28.195636749267578
2022-08-25,28.51349449157715
2022-08-26,27.85456085205078
2022-08-29,27.747421264648438
2022-08-30,27.55902671813965
2022-08-31,27.310808181762695
2022-09-01,26.876874923706055
2022-09-02,26.88402557373047
2022-09-06,26.687593460083008
2022-09-07,26.90812873840332
2022-09-08,26.92866325378418
2022-09-09,27.510807037353516
2022-09-12,27.789382934570312
2022-09-13,26.834022521972656
2022-09-14,26.91973304748535
2022-09-15,26.70545196533203
2022-09-16,26.537588119506836
2022-09-19,26.589380264282227
2022-09-20,26.101871490478516
2022-09-21,25.74472999572754
2022-09-22,25.529558181762695
2022-09-23,24.764373779296875
2022-09-26,24.237091064453125
2022-09-27,24.003936767578125
2022-09-28,24.811004638671875
2022-09-29,24.493555068969727
2022-09-30,24.364423751831055
2022-10-03,25.001113891601562
2022-10-04,25.944480895996094
2022-10-05,25.637794494628906
2022-10-06,25.216327667236328
2022-10-07,24.710567474365234
2022-10-10,24.559017181396484
2022-10-11,24.24785041809082
2022-10-12,24.29985809326172
2022-10-13,24.68097496032715
2022-10-14,24.302549362182617
2022-10-17,24.753612518310547
2022-10-18,25.001113891601562
2022-10-19,24.606544494628906
2022-10-20,24.427194595336914
2022-10-21,24.85763168334961
2022-10-24,24.84149169921875
2022-10-25,25.50687599182129
2022-10-26,25.806385040283203
2022-10-27,25.620756149291992
2022-10-28,25.766925811767578
2022-10-31,25.480867385864258
2022-11-01,25.71222686767578
2022-11-02,25.342761993408203
2022-11-03,25.104236602783203
2022-11-04,25.990215301513672
2022-11-07,25.987525939941406
2022-11-08,26.29241943359375
2022-11-09,26.08616828918457
2022-11-10,27.655458450317383
2022-11-11,28.10383415222168
2022-11-14,27.825843811035156
2022-11-15,28.130733489990234
2022-11-16,28.13521385192871
2022-11-17,28.065269470214844
2022-11-18,28.085895538330078
2022-11-21,27.897579193115234
2022-11-22,28.308290481567383
2022-11-23,28.623943328857422
2022-11-25,28.786252975463867
2022-11-28,28.498401641845703
2022-11-29,28.462526321411133
2022-11-30,29.036441802978516
2022-12-01,29.416664123535156
2022-12-02,29.547582626342773
2022-12-05,28.956628799438477
2022-12-06,28.946767807006836
2022-12-07,29.072303771972656
2022-12-08,29.063344955444336
2022-12-09,29.01491928100586
2022-12-12,29.072303771972656
2022-12-13,29.592416763305664
2022-12-14,29.6130428314209
2022-12-15,28.95573616027832
2022-12-16,28.68671417236328
2022-12-19,28.525299072265625
2022-12-20,28.50736427307129
2022-12-21,28.794321060180664
2022-12-22,28.641874313354492
2022-12-23,28.604097366333008
2022-12-27,28.55192756652832
2022-12-28,28.23529815673828
2022-12-29,28.667062759399414
2022-12-30,28.541128158569336
2023-01-03,28.639175415039062
2023-01-04,29.104219436645508
2023-01-05,28.81098175048828
2023-01-06,29.611536026000977
2023-01-09,29.853504180908203
2023-01-10,29.80672836303711
2023-01-11,30.014511108398438
2023-01-12,30.62257957458496
2023-01-13,30.7296142578125
2023-01-17,30.758398056030273
2023-01-18,30.859142303466797
2023-01-19,30.771896362304688
2023-01-20,30.878931045532227
2023-01-23,30.943693161010742
2023-01-24,30.97877311706543
2023-01-25,31.221641540527344
2023-01-26,31.154172897338867
2023-01-27,31.077722549438477
2023-01-30,30.86004638671875
2023-01-31,31.057931900024414
2023-02-01,31.39434242248535
2023-02-02,31.354766845703125
2023-02-03,30.9931640625
2023-02-06,30.584802627563477
2023-02-07,30.807872772216797
2023-02-08,30.65496063232422
2023-02-09,30.662151336669922
2023-02-10,30.480451583862305
2023-02-13,30.807872772216797
2023-02-14,30.816869735717773
2023-02-15,30.609086990356445
2023-02-16,30.45256996154785
2023-02-17,30.564111709594727
2023-02-21,30.116161346435547
2023-02-22,29.965042114257812
2023-02-23,30.15393829345703
2023-02-24,29.59084701538086
2023-02-27,29.94254493713379
2023-02-28,29.746458053588867
2023-03-01,29.854398727416992
2023-03-02,29.75006103515625
2023-03-03,30.23219871520996
2023-03-06,30.205202102661133
2023-03-07,29.70328712463379
2023-03-08,29.8148250579834
2023-03-09,29.746458053588867
2023-03-10,29.74556541442871
2023-03-13,29.79143524169922
2023-03-14,29.865196228027344
2023-03-15,29.304807662963867
2023-03-16,29.602540969848633
2023-03-17,29.501798629760742
2023-03-20,29.827417373657227
2023-03-21,30.05678939819336
2023-03-22,30.187217712402344
2023-03-23,30.269075393676758
2023-03-24,30.114362716674805
2023-03-27,30.18313980102539
2023-03-28,30.232011795043945
2023-03-29,30.545156478881836
2023-03-30,30.883644104003906
2023-03-31,31.068269729614258
2023-04-03,31.3868408203125
2023-04-04,31.422142028808594
2023-04-05,31.34159278869629
2023-04-06,31.486404418945312
2023-04-10,31.323488235473633
2023-04-11,31.36874771118164
2023-04-12,31.5615177154541
2023-04-13,31.9244441986084
2023-04-14,31.71265983581543
2023-04-17,31.55970573425293
2023-04-18,31.738910675048828
2023-04-19,31.620344161987305
2023-04-20,31.67464828491211
2023-04-21,31.821264266967773
2023-04-24,31.914491653442383
2023-04-25,31.726238250732422
2023-04-26,31.631210327148438
2023-04-27,31.829410552978516
2023-04-28,31.903621673583984
2023-05-01,31.782350540161133
2023-05-02,31.631210327148438
2023-05-03,31.821264266967773
2023-05-04,31.748857498168945
2023-05-05,32.03937911987305
2023-05-08,31.923538208007812
2023-05-09,31.835744857788086
2023-05-10,31.86651039123535
2023-05-11,31.8303165435791
2023-05-12,31.67464828491211
2023-05-15,31.82579231262207
2023-05-16,31.529848098754883
2023-05-17,31.603153228759766
2023-05-18,31.432092666625977
2023-05-19,31.574190139770508
2023-05-22,31.576906204223633
2023-05-23,31.16510772705078
2023-05-24,30.735214233398438
2023-05-25,30.58769989013672
2023-05-26,30.885452270507812
2023-05-30,30.72254753112793
2023-05-31,30.445608139038086
2023-06-01,30.929798126220703
2023-06-02,31.19407081604004
2023-06-05,31.041118621826172
2023-06-06,31.275529861450195
2023-06-07,30.911701202392578
2023-06-08,31.278249740600586
2023-06-09,31.169639587402344
2023-06-12,31.31443977355957
2023-06-13,31.486404418945312
2023-06-14,31.64749526977539
2023-06-15,32.027618408203125
2023-06-16,31.911773681640625
2023-06-20,31.628490447998047
2023-06-21,31.685508728027344
2023-06-22,31.44114875793457
2023-06-23,31.027544021606445
2023-06-26,31.084218978881836
2023-06-27,31.239614486694336
2023-06-28,31.318225860595703
2023-06-29,31.122617721557617
2023-06-30,31.48460578918457
2023-07-03,31.440717697143555
2023-07-05,31.038515090942383
2023-07-06,30.430633544921875
2023-07-07,30.620771408081055
2023-07-10,30.763370513916016
2023-07-11,31.02022933959961
2023-07-12,31.69666862487793
2023-07-13,32.29084777832031
2023-07-14,31.998327255249023
2023-07-17,32.034889221191406
2023-07-18,32.21771240234375
2023-07-19,32.219539642333984
2023-07-20,31.972728729248047
2023-07-21,32.06871795654297
2023-07-24,31.893205642700195
2023-07-25,31.974559783935547
2023-07-26,32.05317306518555
2023-07-27,31.8612117767334
2023-07-28,32.118995666503906
2023-07-31,32.096134185791016
2023-08-01,31.692087173461914
2023-08-02,31.099760055541992
2023-08-03,30.8785400390625
2023-08-04,31.103410720825195
2023-08-07,31.332853317260742
2023-08-08,31.248760223388672
2023-08-09,31.239614486694336
2023-08-10,31.23504638671875
2023-08-11,30.969039916992188
2023-08-14,30.82644271850586
2023-08-15,30.449831008911133
2023-08-16,30.192960739135742
2023-08-17,29.993684768676758
2023-08-18,30.004663467407227
2023-08-21,30.02842140197754
2023-08-22,29.983633041381836
2023-08-23,30.418750762939453
2023-08-24,30.001909255981445
2023-08-25,30.17102813720703
2023-08-28,30.494617462158203
2023-08-29,30.928823471069336
2023-08-30,30.926082611083984
2023-08-31,30.862096786499023
2023-09-01,30.747831344604492
2023-09-05,30.42149543762207
2023-09-06,30.286203384399414
2023-09-07,30.293519973754883
2023-09-08,30.255125045776367
2023-09-11,30.506500244140625
2023-09-12,30.432462692260742
2023-09-13,30.35293197631836
2023-09-14,30.668302536010742
2023-09-15,30.572322845458984
2023-09-18,30.437028884887695
2023-09-19,30.454402923583984
2023-09-20,30.368471145629883
2023-09-21,29.830976486206055
2023-09-22,29.89588165283203
2023-09-25,29.634077072143555
2023-09-26,29.25193977355957
2023-09-27,29.14905548095703
2023-09-28,29.40718650817871
2023-09-29,29.341041564941406
2023-10-02,28.824790954589844
2023-10-03,28.389371871948242
2023-10-04,28.50511932373047
2023-10-05,28.746707916259766
2023-10-06,28.964414596557617
2023-10-09,29.082916259765625
2023-10-10,29.43565559387207
2023-10-11,29.65152931213379
2023-10-12,29.261125564575195
2023-10-13,29.064542770385742
2023-10-16,29.202333450317383
2023-10-17,29.065460205078125
2023-10-18,28.559314727783203
2023-10-19,28.24056053161621
2023-10-20,28.07245635986328
2023-10-23,28.17350196838379
2023-10-24,28.344362258911133
2023-10-25,28.057758331298828
2023-10-26,27.97508430480957
2023-10-27,27.8703670501709
2023-10-30,28.136754989624023
2023-10-31,28.234127044677734
2023-11-01,28.663116455078125
2023-11-02,29.262042999267578
2023-11-03,29.60651969909668
2023-11-06,29.406265258789062
2023-11-07,29.353904724121094
2023-11-08,29.381467819213867
2023-11-09,29.183961868286133
2023-11-10,29.345638275146484
2023-11-13,29.430143356323242
2023-11-14,30.28628158569336
2023-11-15,30.14757537841797
2023-11-16,30.22198486328125
2023-11-17,30.4975643157959
2023-11-20,30.690473556518555
2023-11-21,30.628923416137695
2023-11-22,30.679443359375
2023-11-24,30.831008911132812
2023-11-27,30.845712661743164
2023-11-28,30.916444778442383
2023-11-29,31.050559997558594
2023-11-30,30.939409255981445
2023-12-01,31.369314193725586
2023-12-04,31.112110137939453
2023-12-05,31.112110137939453
2023-12-06,31.24622344970703
2023-12-07,31.389524459838867
2023-12-08,31.34267807006836
2023-12-11,31.398712158203125
2023-12-12,31.471277236938477
2023-12-13,32.12440490722656
2023-12-14,32.429386138916016
2023-12-15,32.1400260925293
2023-12-18,32.1593132019043
2023-12-19,32.44867706298828
2023-12-20,32.22821044921875
2023-12-21,32.641578674316406
2023-12-22,32.67570114135742
2023-12-26,32.81862258911133
2023-12-27,33.06205749511719
2023-12-28,32.951412200927734
2023-12-29,32.941261291503906
2024-01-02,32.54291915893555
2024-01-03,32.356651306152344
2024-01-04,32.36586380004883
2024-01-05,32.303165435791016
2024-01-08,32.69782638549805
2024-01-09,32.3806266784668
2024-01-10,32.54660415649414
2024-01-11,32.61759948730469
2024-01-12,32.75777053833008
2024-01-16,32.14824295043945
2024-01-17,31.842119216918945
2024-01-18,32.03207015991211
2024-01-19,32.0892333984375
2024-01-22,32.21833038330078
2024-01-23,32.10123062133789
2024-01-24,32.30224609375
2024-01-25,32.431339263916016
2024-01-26,32.56504440307617
2024-01-29,32.79280090332031
2024-01-30,32.806640625
2024-01-31,32.7632942199707
2024-02-01,33.21420669555664
2024-02-02,32.759613037109375
2024-02-05,32.49403381347656
2024-02-06,32.726409912109375
2024-02-07,32.696903228759766
2024-02-08,32.60469436645508
2024-02-09,32.693214416503906
2024-02-12,32.74301528930664
2024-02-13,32.13534927368164
2024-02-14,32.482975006103516
2024-02-15,32.84443283081055
2024-02-16,32.82323455810547
2024-02-20,32.975379943847656
2024-02-21,32.96338653564453
2024-02-22,33.286128997802734
2024-02-23,33.4078483581543
2024-02-26,33.3460693359375
2024-02-27,33.380184173583984
2024-02-28,33.22526931762695
2024-02-29,33.33500671386719
2024-03-01,33.708457946777344
2024-03-04,33.619930267333984
2024-03-05,33.640220642089844
2024-03-06,34.04779052734375
2024-03-07,34.463661193847656
2024-03-08,34.374210357666016
2024-03-11,34.14276123046875
2024-03-12,34.29491424560547
2024-03-13,34.270938873291016
2024-03-14,33.890106201171875
2024-03-15,33.889183044433594
2024-03-18,33.837547302246094
2024-03-19,33.96756362915039
2024-03-20,34.33917999267578
2024-03-21,34.2967529296875
2024-03-22,34.30418395996094
2024-03-25,34.158573150634766
2024-03-26,34.22349166870117
2024-03-27,34.46463394165039
2024-03-28,34.371883392333984
2024-04-01,34.06952667236328
2024-04-02,33.87104797363281
2024-04-03,34.02408218383789
2024-04-04,33.86363220214844
2024-04-05,33.847862243652344
2024-04-08,33.96379470825195
2024-04-09,34.03521728515625
2024-04-10,33.38876724243164
2024-04-11,33.447200775146484
2024-04-12,33.04096603393555
2024-04-15,32.843421936035156
2024-04-16,32.50210952758789
2024-04-17,32.586509704589844
2024-04-18,32.41957092285156
2024-04-19,32.430702209472656
2024-04-22,32.79519271850586
2024-04-23,33.14299392700195
2024-04-24,33.04746627807617
2024-04-25,32.83135986328125
2024-04-26,33.0817756652832
2024-04-29,33.28118133544922
2024-04-30,32.857330322265625
2024-05-01,32.86661148071289
2024-05-02,33.30158615112305
2024-05-03,33.69019317626953
2024-05-06,33.89887619018555
2024-05-07,34.01944351196289
2024-05-08,33.9461784362793
2024-05-09,34.20494079589844
2024-05-10,34.23369216918945
2024-05-13,34.24481964111328
2024-05-14,34.507293701171875
2024-05-15,34.94413375854492
2024-05-16,34.74287033081055
2024-05-17,34.799442291259766
2024-05-20,34.75214385986328
2024-05-21,34.766056060791016
2024-05-22,34.455360412597656
2024-05-23,34.24852752685547
2024-05-24,34.455360412597656
2024-05-28,34.391361236572266
2024-05-29,33.83302688598633
2024-05-30,34.16691589355469
2024-05-31,34.5481071472168
2024-06-03,34.73359298706055
2024-06-04,34.798519134521484
2024-06-05,35.03965377807617
2024-06-06,35.10457992553711
2024-06-07,34.6037483215332
2024-06-10,34.59539794921875
2024-06-11,34.35889434814453
2024-06-12,34.80778884887695
2024-06-13,34.360748291015625
2024-06-14,34.1029167175293
2024-06-17,34.17897033691406
2024-06-18,34.3524055480957
2024-06-20,34.32087326049805
2024-06-21,34.11219787597656
2024-06-24,34.30232620239258
2024-06-25,34.51791763305664
2024-06-26,34.172035217285156
2024-06-27,34.18515396118164
2024-06-28,34.127044677734375
2024-07-01,34.12891387939453
2024-07-02,34.241390228271484
2024-07-03,34.64445495605469
2024-07-05,35.011898040771484
2024-07-08,34.860050201416016
2024-07-09,34.72038650512695
2024-07-10,35.16937255859375
2024-07-11,35.35216522216797
2024-07-12,35.732723236083984
2024-07-15,35.319358825683594
2024-07-16,35.632423400878906
2024-07-17,35.46464157104492
2024-07-18,35.07657241821289
2024-07-19,34.81974411010742
2024-07-22,35.14686965942383
2024-07-23,35.00065231323242
2024-07-24,34.561031341552734
2024-07-25,34.36418914794922
2024-07-26,34.823490142822266
2024-07-29,34.7888069152832
2024-07-30,34.876914978027344
2024-07-31,35.43276596069336
2024-08-01,34.67163848876953
2024-08-02,34.428863525390625
2024-08-05,33.78209686279297
2024-08-06,33.676170349121094
2024-08-07,33.724918365478516
2024-08-08,34.181400299072266
2024-08-09,34.36886978149414
2024-08-12,34.36137771606445
2024-08-13,34.965030670166016
2024-08-14,35.1093864440918
2024-08-15,35.38589859008789
2024-08-16,35.57337188720703
2024-08-19,35.95112609863281
2024-08-20,35.91175079345703
2024-08-21,36.309200286865234
2024-08-22,35.96705627441406
2024-08-23,36.65132141113281
2024-08-26,36.46291732788086
2024-08-27,36.61101531982422
2024-08-28,36.44886016845703
2024-08-29,36.57070541381836
2024-08-30,36.55665588378906
2024-09-03,36.144222259521484
2024-09-04,36.11234664916992
2024-09-05,36.1310920715332
2024-09-06,35.56399917602539
2024-09-09,35.90425109863281
2024-09-10,35.807701110839844
2024-09-11,35.919254302978516
2024-09-12,36.23420333862305
2024-09-13,36.330753326416016
2024-09-16,36.63444900512695
2024-09-17,36.395423889160156
2024-09-18,36.222015380859375
2024-09-19,36.8191032409668
2024-09-20,36.471351623535156
2024-09-23,36.603519439697266
2024-09-24,36.8106689453125
2024-09-25,36.56945037841797
2024-09-26,37.30630111694336
2024-09-27,37.147056579589844
2024-09-30,36.968971252441406
2024-10-01,36.804080963134766
2024-10-02,36.541175842285156
2024-10-03,36.173702239990234
2024-10-04,36.276397705078125
2024-10-07,36.004085540771484
2024-10-08,35.93812942504883
2024-10-09,35.93812942504883
2024-10-10,35.889137268066406
2024-10-11,36.03235626220703
2024-10-14,36.119041442871094
2024-10-15,35.661102294921875
2024-10-16,35.74119567871094
2024-10-17,35.6705207824707
2024-10-18,35.897613525390625
2024-10-21,35.35392379760742
2024-10-22,35.090091705322266
2024-10-23,34.72731018066406
2024-10-24,34.97513198852539
2024-10-25,34.83285140991211
2024-10-28,35.04956817626953
2024-10-29,34.845096588134766
2024-10-30,34.73391342163086
2024-10-31,34.490806579589844
2024-11-01,34.49174880981445
2024-11-04,34.502113342285156
2024-11-05,34.75087356567383
2024-11-06,34.123321533203125
2024-11-07,34.72636413574219
2024-11-08,34.3325080871582
2024-11-11,34.34663772583008
2024-11-12,33.629573822021484
2024-11-13,33.44111633300781
2024-11-14,33.54759216308594
2024-11-15,33.453365325927734
2024-11-18,33.62014389038086
2024-11-19,33.642757415771484
2024-11-20,33.520267486572266
2024-11-21,33.55796432495117
2024-11-22,33.652183532714844
2024-11-25,34.03474807739258
2024-11-26,33.77656555175781
2024-11-27,33.95465087890625
2024-11-29,34.48798370361328
2024-12-02,34.61518478393555
2024-12-03,34.783851623535156
2024-12-04,34.900691986083984
2024-12-05,35.12401580810547
2024-12-06,35.12495803833008
2024-12-09,35.089149475097656
2024-12-10,34.741455078125
2024-12-11,34.90634536743164
2024-12-12,34.56052780151367
2024-12-13,34.39469528198242
2024-12-16,34.27973556518555
2024-12-17,34.211891174316406
2024-12-18,33.39966583251953
2024-12-19,33.149017333984375
2024-12-20,33.15843200683594
2024-12-23,33.24323654174805
2024-12-24,33.56361389160156
2024-12-26,33.57593536376953
2024-12-27,33.413883209228516
2024-12-30,33.360816955566406
2024-12-31,33.30488204956055
2025-01-02,33.24705505371094
2025-01-03,33.303932189941406
2025-01-06,33.546627044677734
2025-01-07,33.49069595336914
2025-01-08,33.43760681152344
2025-01-10,32.81001663208008
2025-01-13,32.72374725341797
2025-01-14,32.8536262512207
2025-01-15,33.4650993347168
2025-01-16,33.61299514770508
2025-01-17,33.71538162231445
2025-01-21,34.37519454956055
2025-01-22,34.251956939697266
2025-01-23,34.49843978881836
2025-01-24,34.67856979370117
2025-01-27,34.839725494384766
2025-01-28,34.77336883544922
2025-01-29,34.744930267333984
2025-01-30,35.07673263549805
2025-01-31,34.85869216918945
2025-02-03,34.470001220703125
2025-02-04,34.8112907409668
2025-02-05,35.247379302978516
2025-02-06,35.40853500366211
2025-02-07,35.08620834350586
2025-02-10,35.199974060058594
2025-02-11,35.322269439697266
2025-02-12,35.228416442871094
2025-02-13,35.82566833496094
2025-02-14,35.85410690307617
2025-02-18,36.0152702331543
2025-02-19,35.670188903808594
2025-02-20,35.88254928588867
2025-02-21,35.78774642944336
2025-02-24,35.78016662597656
2025-02-25,36.23332214355469
2025-02-26,36.30916213989258
2025-02-27,35.94891357421875
2025-02-28,36.10059356689453
2025-03-03,36.42197036743164
2025-03-04,36.42102813720703
2025-03-05,37.07611083984375
2025-03-06,36.755672454833984
2025-03-07,37.077056884765625
2025-03-10,36.4134407043457
2025-03-11,36.17643737792969
2025-03-12,36.2996826171875
2025-03-13,36.171695709228516
2025-03-14,36.68172836303711
2025-03-17,37.059043884277344
2025-03-18,37.124454498291016
2025-03-19,37.27613830566406
2025-03-20,37.045772552490234
2025-03-21,36.80402374267578
2025-03-24,36.66751480102539
2025-03-25,36.870384216308594
2025-03-26,36.416725158691406
2025-03-27,36.47283172607422
2025-03-28,36.277862548828125
2025-03-31,36.12188720703125
2025-04-01,36.1466178894043
2025-04-02,36.201778411865234
2025-04-03,35.61687088012695
2025-04-04,33.717567443847656
2025-04-07,32.66472244262695
2025-04-08,32.37464904785156
2025-04-09,34.26728820800781
2025-04-10,33.73468780517578
2025-04-11,34.50886154174805
2025-04-14,34.96062469482422
2025-04-15,35.29540252685547
2025-04-16,35.23738098144531
2025-04-17,35.54268264770508
2025-04-21,35.245941162109375
2025-04-22,35.903141021728516
2025-04-23,36.064823150634766
2025-04-24,36.59742736816406
2025-04-25,36.711551666259766
2025-04-28,37.044437408447266
2025-04-29,37.3040771484375
2025-04-30,37.28030014038086
2025-05-01,37.07961654663086
2025-05-02,37.49905014038086
2025-05-05,37.533287048339844
2025-05-06,37.53424072265625
2025-05-07,37.428672790527344
2025-05-08,37.20706558227539
2025-05-09,37.367794036865234
2025-05-12,37.430572509765625
2025-05-13,37.615074157714844
2025-05-14,37.30788040161133
2025-05-15,37.871864318847656
2025-05-16,37.92893981933594
2025-05-19,38.06208419799805
2025-05-20,38.2427864074707
2025-05-21,37.963172912597656
2025-05-22,37.96982955932617
2025-05-23,38.006927490234375
2025-05-27,38.60419845581055
2025-05-28,38.135318756103516
2025-05-29,38.395912170410156
2025-05-30,38.51575469970703
2025-06-02,38.7440071105957
2025-06-03,38.49197006225586
2025-06-04,38.8296012878418
2025-06-05,38.7021598815918
2025-06-06,38.685035705566406
2025-06-09,38.741153717041016
2025-06-10,38.82009506225586
2025-06-11,38.883811950683594
2025-06-12,39.227149963378906
2025-06-13,38.65555191040039
2025-06-16,38.758270263671875
2025-06-17,38.398765563964844
2025-06-18,38.44822311401367
2025-06-20,38.122005462646484
2025-06-23,38.40161895751953
2025-06-24,38.98082733154297
2025-06-25,38.76108169555664
2025-06-26,39.19285583496094
2025-06-27,39.41355514526367
2025-06-30,39.505123138427734
2025-07-01,39.47331237792969
2025-07-02,39.53692626953125
2025-07-03,39.48584747314453
2025-07-07,39.01359176635742
2025-07-08,39.138885498046875
2025-07-09,39.46657180786133
2025-07-10,39.55331039428711
2025-07-11,39.1263542175293
2025-07-14,39.11478805541992
2025-07-15,38.685909271240234
2025-07-16,38.83818817138672
2025-07-17,38.984683990478516
2025-07-18,38.878662109375
2025-07-21,39.24489974975586
2025-07-22,39.5513801574707
2025-07-23,40.272281646728516
2025-07-24,39.9176139831543
2025-07-25,39.95712661743164
2025-07-28,39.341278076171875
2025-07-29,39.534034729003906
2025-07-30,39.02901077270508
2025-07-31,38.67048645019531
2025-08-01,38.91721725463867
2025-08-04,39.30272674560547
2025-08-05,39.341278076171875
2025-08-06,39.543670654296875
2025-08-07,39.8164176940918
2025-08-08,40.06314468383789
2025-08-11,39.8915901184082
2025-08-12,40.31950378417969
2025-08-13,40.580692291259766
2025-08-14,40.49684524536133
2025-08-15,40.74838638305664
2025-08-18,40.613460540771484
2025-08-19,40.73392868041992
2025-08-20,40.87367630004883
2025-08-21,40.59225845336914
2025-08-22,41.18690872192383
2025-08-25,40.70598220825195
2025-08-26,40.65779495239258
2025-08-27,40.62309646606445
2025-08-28,40.83512496948242
2025-08-29,40.5816535949707
2025-09-02,40.15085220336914
2025-09-03,40.21831130981445
2025-09-04,40.57780075073242
2025-09-05,40.85247802734375
2025-09-08,41.25918960571289
2025-09-09,41.111732482910156
2025-09-10,41.14931869506836
2025-09-11,41.55217742919922
2025-09-12,41.32665252685547
2025-09-15,41.592655181884766
2025-09-16,41.595550537109375
2025-09-17,41.44327163696289
2025-09-18,41.526153564453125
2025-09-19,41.35942077636719
2025-09-22,41.49049377441406
2025-09-23,41.418209075927734
2025-09-24,41.066436767578125
2025-09-25,40.89691925048828
2025-09-26,41.13908386230469
2025-09-29,41.32991027832031
2025-09-30,41.410308837890625
2025-10-01,41.91401672363281
2025-10-02,41.935325622558594
2025-10-03,42.185237884521484
2025-10-06,42.30825424194336
2025-10-07,42.07868576049805
2025-10-08,42.069000244140625
2025-10-09,41.84621047973633
2025-10-10,41.15361022949219
2025-10-13,41.526546478271484
2025-10-14,41.788089752197266
2025-10-15,41.9527587890625
2025-10-16,42.359596252441406
2025-10-17,42.34991455078125
2025-10-20,42.67441177368164
2025-10-21,42.44774627685547
2025-10-22,42.30631637573242
2025-10-23,42.390594482421875
2025-10-24,42.48358917236328
2025-10-27,42.78096389770508
2025-10-28,42.83424377441406
2025-10-29,42.45646667480469
2025-10-30,42.25885772705078
2025-10-31,42.181365966796875
2025-11-03,42.16295623779297
2025-11-04,41.813270568847656
2025-11-05,41.95954132080078
2025-11-06,41.997318267822266
2025-11-07,42.05543899536133
2025-11-10,42.39447021484375
2025-11-11,42.8197135925293
2025-11-12,43.032814025878906
2025-11-13,42.62210464477539
2025-11-14,42.282108306884766
2025-11-17,41.951786041259766
2025-11-18,41.458740234375
2025-11-19,41.34831619262695
2025-11-20,40.882389068603516
2025-11-21,41.484893798828125
2025-11-24,41.59919738769531
2025-11-25,42.00894546508789
2025-11-26,42.475833892822266
2025-11-28,42.554298400878906
2025-12-01,42.33053970336914
2025-12-02,42.47874450683594
2025-12-03,42.785804748535156
2025-12-04,42.71219253540039
2025-12-05,42.679256439208984
2025-12-08,42.51555252075195
2025-12-09,42.46615219116211
2025-12-10,42.99891662597656
2025-12-11,43.14421463012695
2025-12-12,42.72672653198242
2025-12-15,43.08609390258789
2025-12-16,43.00860595703125
2025-12-17,42.61338806152344
2025-12-18,42.977603912353516
2025-12-19,43.122901916503906
2025-12-22,43.225582122802734
2025-12-23,43.37669372558594
2025-12-24,43.35731887817383
2025-12-26,43.619258880615234
2025-12-29,43.51291275024414
2025-12-30,43.49616622924805
2025-12-31,43.417388916015625
2026-01-02,43.792579650878906
2026-01-05,44.27411651611328
2026-01-06,44.269195556640625
2026-01-07,44.25442123413086
2026-01-08,43.95899963378906
2026-01-09,44.490760803222656
2026-01-12,44.746795654296875
2026-01-13,44.38243865966797
2026-01-14,44.62862777709961
2026-01-15,44.61878204345703
2026-01-16,44.65127182006836
2026-01-20,43.83097839355469
2026-01-21,44.43167495727539
2026-01-22,44.6049919128418
2026-01-23,44.86496353149414
2026-01-26,45.209625244140625
2026-01-27,45.76108169555664
2026-01-28,45.34748840332031
2026-01-29,45.514896392822266
2026-01-30,45.09145736694336
2026-02-02,45.43611526489258
2026-02-03,45.47254943847656
2026-02-04,45.672454833984375
2026-02-05,45.022525787353516
2026-02-06,45.987571716308594
2026-02-09,46.598114013671875
2026-02-10,46.775367736816406
2026-02-11,47.15941619873047
2026-02-12,46.745826721191406
2026-02-13,46.87384033203125
2026-02-17,46.932926177978516
2026-02-18,46.99201202392578
2026-02-19,46.67689514160156
2026-02-20,46.99201202392578
2026-02-23,47.00185775756836
2026-02-24,47.26774215698242
2026-02-25,47.66164016723633
2026-02-26,47.39575958251953
2026-02-27,47.5434684753418
2026-03-02,46.47108459472656
2026-03-03,45.07175827026367
2026-03-04,45.56905746459961
2026-03-05,44.687713623046875
2026-03-06,44.126407623291016
2026-03-09,44.48091506958008
2026-03-10,44.6493034362793
2026-03-11,44.412967681884766
2026-03-12,43.72758483886719
2026-03-13,43.18104934692383
2026-03-16,43.83097839355469
2026-03-17,44.136253356933594
2026-03-18,43.19089889526367
2026-03-19,43.289371490478516
2026-03-20,41.78369903564453
2026-03-23,42.85214614868164
2026-03-24,42.542938232421875
2026-03-25,43.20960998535156
2026-03-26,42.31406021118164
2026-03-27,41.99775314331055
2026-03-30,42.246849060058594
2026-03-31,43.50218963623047
2026-04-01,44.085384368896484
2026-04-02,43.759193420410156
2026-04-06,44.085384368896484
2026-04-07,44.065616607666016
2026-04-08,45.55819320678711
2026-04-09,45.30119323730469
2026-04-10,45.38026809692383
2026-04-13,45.77466583251953
2026-04-14,46.12952423095703
2026-04-15,45.95159912109375
2026-04-16,45.789493560791016
2026-04-17,46.42803955078125
2026-04-20,46.214534759521484
2026-04-21,45.36445617675781
2026-04-22,45.46923065185547
2026-04-23,45.03430938720703
2026-04-24,45.3674201965332
2026-04-27,45.22211456298828
2026-04-28,45.031341552734375
2026-04-29,44.60927200317383
2026-04-30,45.56708908081055
2026-05-01,45.51470184326172
2026-05-04,44.782249450683594
2026-05-05,45.38224411010742
2026-05-06,46.56938934326172
2026-05-07,45.854732513427734
2026-05-08,46.240230560302734
2026-05-11,46.03265380859375
2026-05-12,45.79838943481445
2026-05-13,46.044517517089844
2026-05-14,45.930843353271484
2026-05-15,45.11338424682617
2026-05-18,45.459346771240234
2026-05-19,45.130191802978516
2026-05-20,45.97730255126953
2026-05-21,46.15719985961914
2026-05-22,46.09789276123047
2026-05-26,46.56345748901367
2026-05-27,46.434959411621094
2026-05-28,46.549617767333984
2026-05-29,46.63264846801758
2026-06-01,46.38850021362305
2026-06-02,46.82935333251953
2026-06-03,46.536773681640625
2026-06-04,46.85308074951172
2026-06-05,45.55819320678711
2026-06-08,45.825077056884766
2026-06-09,45.78652572631836
2026-06-10,45.27054977416992
2026-06-11,46.63759231567383
2026-06-12,46.74039077758789
2026-06-15,47.001346588134766
2026-06-16,47.13972854614258
2026-06-17,46.744346618652344
2026-06-18,47.08042526245117
2026-06-22,46.89162826538086
2026-06-23,46.18586349487305
2026-06-24,46.2599983215332
2026-06-25,46.630001068115234
2026-06-26,46.492000579833984
2026-06-29,46.66299819946289
2026-06-30,46.599998474121094
2026-07-01,46.41999816894531
2026-07-02,46.98500061035156
2026-07-06,47.41999816894531
2026-07-07,46.86000061035156
2026-07-08,46.4900016784668
2026-07-09,46.736000061035156
2026-07-10,46.93899917602539
2026-07-13,46.49700164794922
2026-07-14,46.86800003051758
2026-07-15,47.152000427246094
2026-07-16,46.8489990234375
2026-07-17,46.6879997253418
2026-07-20,46.34000015258789
2026-07-21,46.79399871826172
2026-07-22,46.85200119018555
2026-07-23,46.19200134277344
2026-07-24,46.513999938964844
2026-07-27,46.79499816894531
2026-07-28,46.90999984741211
2026-07-29,46.63999938964844
2026-07-30,47.939998626708984
2026-07-31,47.512001037597656
2026-08-03,47.654998779296875
2026-08-04,48.268001556396484
2026-08-05,48.28900146484375
2026-08-06,48.19300079345703
2026-08-07,48.75299835205078
2026-08-10,48.45199966430664
2026-08-11,48.457000732421875
2026-08-12,48.57500076293945
2026-08-13,48.78300094604492
2026-08-14,48.709999084472656
2026-08-17,48.4379997253418
2026-08-18,48.040000915527344
2026-08-19,48.51900100708008
2026-08-20,48.119998931884766
2026-08-21,48.402000427246094
2026-08-24,48.415000915527344
2026-08-25,48.680999755859375
2026-08-26,48.54800033569336
2026-08-27,48.369998931884766
2026-08-28,48.25600051879883
2026-08-31,48.15999984741211
2026-09-01,47.694000244140625
2026-09-02,47.900001525878906
2026-09-03,48.400001525878906
2026-09-04,48.45899963378906
2026-09-08,48.22700119018555
2026-09-09,47.689998626708984
2026-09-10,47.13999938964844
2026-09-11,47.51300048828125
2026-09-14,47.24300003051758
2026-09-15,47.0099983215332
2026-09-16,46.757999420166016
2026-09-17,47.367000579833984
2026-09-18,46.7140007019043
2026-09-21,47.36000061035156
2026-09-22,
