Date,NTSX
2018-08-02,22.77787971496582
2018-08-03,22.886768341064453
2018-08-06,22.94121742248535
2018-08-07,23.068262100219727
2018-08-08,23.059188842773438
2018-08-09,23.0864200592041
2018-08-10,22.94121742248535
2018-08-13,22.886768341064453
2018-08-14,22.97751808166504
2018-08-15,22.83232307434082
2018-08-16,23.031967163085938
2018-08-17,23.104564666748047
2018-08-20,23.186243057250977
2018-08-21,23.231613159179688
2018-08-22,23.21346664428711
2018-08-23,23.17716407775879
2018-08-24,23.322362899780273
2018-08-27,23.4584903717041
2018-08-28,23.431257247924805
2018-08-29,23.54924201965332
2018-08-30,23.494783401489258
2018-08-31,23.431257247924805
2018-09-04,23.404033660888672
2018-09-05,23.404033660888672
2018-09-06,23.231613159179688
2018-09-07,23.240692138671875
2018-09-10,23.231613159179688
2018-09-11,23.304214477539062
2018-09-12,23.2497615814209
2018-09-13,23.2497615814209
2018-09-14,23.413108825683594
2018-09-17,23.331439971923828
2018-09-18,23.394968032836914
2018-09-19,23.376815795898438
2018-09-20,23.558307647705078
2018-09-21,23.531085968017578
2018-09-24,23.44940948486328
2018-09-25,23.503984451293945
2018-09-26,23.44941520690918
2018-09-27,23.422122955322266
2018-09-28,23.4039306640625
2018-10-01,23.513084411621094
2018-10-02,23.503984451293945
2018-10-03,23.48579216003418
2018-10-04,23.212919235229492
2018-10-05,23.067373275756836
2018-10-08,23.067373275756836
2018-10-09,23.0491886138916
2018-10-10,22.37608528137207
2018-10-11,22.20326042175293
2018-10-12,22.085018157958984
2018-10-15,22.212358474731445
2018-10-16,22.53072166442871
2018-10-17,22.548913955688477
2018-10-18,22.521621704101562
2018-10-19,22.439760208129883
2018-10-22,22.17597770690918
2018-10-23,22.15778160095215
2018-10-24,21.739362716674805
2018-10-25,21.948570251464844
2018-10-26,21.59383773803711
2018-10-29,21.439197540283203
2018-10-30,21.657503128051758
2018-10-31,22.012248992919922
2018-11-01,22.085018157958984
2018-11-02,21.821231842041016
2018-11-05,22.003150939941406
2018-11-06,22.075918197631836
2018-11-07,22.36699104309082
2018-11-08,22.49432945251465
2018-11-09,22.339706420898438
2018-11-12,22.339706420898438
2018-11-13,22.06682014465332
2018-11-14,21.97586441040039
2018-11-15,22.048633575439453
2018-11-16,22.048633575439453
2018-11-19,21.93947982788086
2018-11-20,21.466493606567383
2018-11-21,21.639312744140625
2018-11-23,21.639312744140625
2018-11-26,21.684782028198242
2018-11-27,21.69388771057129
2018-11-28,22.103200912475586
2018-11-29,22.103200912475586
2018-11-30,22.339706420898438
2018-12-03,22.339706420898438
2018-12-04,22.15778160095215
2018-12-06,21.8121337890625
2018-12-07,21.675695419311523
2018-12-10,21.675695419311523
2018-12-11,21.63022232055664
2018-12-12,21.721179962158203
2018-12-13,21.702985763549805
2018-12-14,21.366437911987305
2018-12-17,20.975305557250977
2018-12-18,21.048072814941406
2018-12-19,20.81157875061035
2018-12-20,20.42045783996582
2018-12-21,20.111188888549805
2018-12-24,19.683021545410156
2018-12-26,20.440759658813477
2018-12-27,20.57770538330078
2018-12-28,20.65073585510254
2018-12-31,20.796812057495117
2019-01-02,20.90636444091797
2019-01-03,20.559444427490234
2019-01-04,21.088943481445312
2019-01-07,21.216758728027344
2019-01-08,21.344572067260742
2019-01-09,21.4176025390625
2019-01-10,21.49976921081543
2019-01-11,21.527158737182617
2019-01-14,21.4176025390625
2019-01-15,21.618453979492188
2019-01-16,21.682363510131836
2019-01-17,21.682363510131836
2019-01-18,21.992761611938477
2019-01-22,21.71887969970703
2019-01-23,21.80104637145996
2019-01-24,21.87407684326172
2019-01-25,22.01102638244629
2019-01-28,21.837560653686523
2019-01-29,21.846691131591797
2019-01-30,22.184476852416992
2019-01-31,22.430973052978516
2019-02-01,22.376197814941406
2019-02-04,22.48575210571289
2019-02-05,22.604433059692383
2019-02-06,22.586172103881836
2019-02-07,22.41271209716797
2019-02-08,22.421844482421875
2019-02-11,22.46748924255371
2019-02-12,22.704858779907227
2019-02-13,22.74137306213379
2019-02-14,22.74137306213379
2019-02-15,22.94222068786621
2019-02-19,23.006126403808594
2019-02-20,23.01525115966797
2019-02-21,22.91483497619629
2019-02-22,23.07915687561035
2019-02-25,23.106550216674805
2019-02-26,23.13393783569336
2019-02-27,23.070032119750977
2019-02-28,22.987869262695312
2019-03-01,23.08829116821289
2019-03-04,23.01525115966797
2019-03-05,23.042644500732422
2019-03-06,22.93309783935547
2019-03-07,22.787025451660156
2019-03-08,22.75963592529297
2019-03-11,23.060909271240234
2019-03-12,23.152196884155273
2019-03-13,23.298267364501953
2019-03-14,23.2708797454834
2019-03-15,23.380435943603516
2019-03-18,23.47172737121582
2019-03-19,23.435209274291992
2019-03-20,23.47172737121582
2019-03-21,23.690837860107422
2019-03-22,23.38956069946289
2019-03-25,23.380435943603516
2019-03-26,23.508697509765625
2019-03-27,23.45372200012207
2019-03-28,23.53618049621582
2019-03-29,23.6461181640625
2019-04-01,23.829349517822266
2019-04-02,23.84767723083496
2019-04-03,23.84767723083496
2019-04-04,23.89348030090332
2019-04-05,23.9851016998291
2019-04-08,23.9851016998291
2019-04-09,23.89348030090332
2019-04-10,23.9851016998291
2019-04-11,23.994258880615234
2019-04-12,24.06755256652832
2019-04-15,24.076711654663086
2019-04-16,24.049232482910156
2019-04-17,24.012582778930664
2019-04-18,24.058387756347656
2019-04-22,24.076711654663086
2019-04-23,24.287429809570312
2019-04-24,24.305755615234375
2019-04-25,24.296594619750977
2019-04-26,24.388212203979492
2019-04-29,24.41568946838379
2019-04-30,24.461502075195312
2019-05-01,24.31492042541504
2019-05-02,24.204973220825195
2019-05-03,24.452342987060547
2019-05-06,24.379045486450195
2019-05-07,24.049232482910156
2019-05-08,24.003421783447266
2019-05-09,23.957611083984375
2019-05-10,24.012582778930664
2019-05-13,23.572826385498047
2019-05-14,23.756059646606445
2019-05-15,23.920969009399414
2019-05-16,24.076711654663086
2019-05-17,23.9851016998291
2019-05-20,23.81102752685547
2019-05-21,23.957611083984375
2019-05-22,23.957611083984375
2019-05-23,23.737733840942383
2019-05-24,23.801868438720703
2019-05-28,23.68276596069336
2019-05-29,23.517854690551758
2019-05-30,23.591148376464844
2019-05-31,23.417076110839844
2019-06-03,23.38043212890625
2019-06-04,23.783538818359375
2019-06-05,23.966779708862305
2019-06-06,24.08587646484375
2019-06-07,24.369884490966797
2019-06-10,24.434019088745117
2019-06-11,24.41568946838379
2019-06-12,24.397367477416992
2019-06-13,24.470664978027344
2019-06-14,24.498146057128906
2019-06-17,24.498146057128906
2019-06-18,24.7088680267334
2019-06-19,24.855451583862305
2019-06-20,25.093656539916992
2019-06-21,25.002037048339844
2019-06-24,24.988245010375977
2019-06-25,24.813568115234375
2019-06-26,24.73082733154297
2019-06-27,24.859535217285156
2019-06-28,24.969858169555664
2019-07-01,25.10776138305664
2019-07-02,25.23647117614746
2019-07-03,25.411151885986328
2019-07-05,25.29163360595703
2019-07-08,25.199703216552734
2019-07-09,25.227275848388672
2019-07-10,25.346799850463867
2019-07-11,25.337604522705078
2019-07-12,25.447925567626953
2019-07-15,25.48470687866211
2019-07-16,25.38357162475586
2019-07-17,25.300832748413086
2019-07-18,25.38357162475586
2019-07-19,25.245670318603516
2019-07-22,25.31922149658203
2019-07-23,25.429542541503906
2019-07-24,25.558250427246094
2019-07-25,25.429542541503906
2019-07-26,25.613414764404297
2019-07-29,25.595027923583984
2019-07-30,25.503089904785156
2019-07-31,25.300832748413086
2019-08-01,25.227275848388672
2019-08-02,25.08937644958496
2019-08-05,24.546955108642578
2019-08-06,24.84114646911621
2019-08-07,24.887115478515625
2019-08-08,25.264053344726562
2019-08-09,25.144533157348633
2019-08-12,24.942279815673828
2019-08-13,25.218088150024414
2019-08-14,24.712438583374023
2019-08-15,24.795185089111328
2019-08-16,25.08937644958496
2019-08-19,25.300832748413086
2019-08-20,25.181316375732422
2019-08-21,25.31922149658203
2019-08-22,25.282442092895508
2019-08-23,24.73082733154297
2019-08-26,25.0250244140625
2019-08-27,25.01582908630371
2019-08-28,25.135345458984375
2019-08-29,25.401960372924805
2019-08-30,25.401960372924805
2019-09-03,25.264053344726562
2019-09-04,25.558250427246094
2019-09-05,25.760513305664062
2019-09-06,25.797283172607422
2019-09-09,25.686965942382812
2019-09-10,25.54905891418457
2019-09-11,25.72374153137207
2019-09-12,25.806476593017578
2019-09-13,25.650188446044922
2019-09-16,25.64099884033203
2019-09-17,25.742128372192383
2019-09-18,25.760513305664062
2019-09-19,25.778900146484375
2019-09-20,25.760513305664062
2019-09-23,25.760513305664062
2019-09-24,25.61319923400879
2019-09-25,25.705270767211914
2019-09-26,25.659238815307617
2019-09-27,25.55796241760254
2019-09-30,25.67764663696289
2019-10-01,25.438268661499023
2019-10-02,25.070005416870117
2019-10-03,25.309377670288086
2019-10-04,25.659238815307617
2019-10-07,25.548755645751953
2019-10-08,25.208101272583008
2019-10-09,25.31858253479004
2019-10-10,25.40144920349121
2019-10-11,25.594785690307617
2019-10-14,25.594785690307617
2019-10-15,25.72368812561035
2019-10-16,25.732887268066406
2019-10-17,25.77892303466797
2019-10-18,25.705270767211914
2019-10-21,25.78813362121582
2019-10-22,25.74209976196289
2019-10-23,25.760515213012695
2019-10-24,25.852577209472656
2019-10-25,25.917022705078125
2019-10-28,26.027515411376953
2019-10-29,26.009092330932617
2019-10-30,26.11957359313965
2019-10-31,26.10116195678711
2019-11-01,26.340534210205078
2019-11-04,26.340534210205078
2019-11-05,26.239255905151367
2019-11-06,26.276084899902344
2019-11-07,26.239255905151367
2019-11-08,26.276084899902344
2019-11-11,26.266881942749023
2019-11-12,26.331331253051758
2019-11-13,26.37735939025879
2019-11-14,26.469430923461914
2019-11-15,26.63515281677246
2019-11-18,26.67198371887207
2019-11-19,26.67198371887207
2019-11-20,26.67198371887207
2019-11-21,26.607528686523438
2019-11-22,26.653564453125
2019-11-25,26.83770179748535
2019-11-26,26.920562744140625
2019-11-27,26.994216918945312
2019-11-29,26.90214729309082
2019-12-02,26.62594223022461
2019-12-03,26.589115142822266
2019-12-04,26.67198371887207
2019-12-05,26.67198371887207
2019-12-06,26.83770179748535
2019-12-09,26.785015106201172
2019-12-10,26.803504943847656
2019-12-11,26.83123207092285
2019-12-12,26.98835563659668
2019-12-13,27.13623809814453
2019-12-16,27.237905502319336
2019-12-17,27.210182189941406
2019-12-18,27.163963317871094
2019-12-19,27.284120559692383
2019-12-20,27.42275619506836
2019-12-23,27.418119430541992
2019-12-24,27.427398681640625
2019-12-26,27.575855255126953
2019-12-27,27.538738250732422
2019-12-30,27.436677932739258
2019-12-31,27.483068466186523
2020-01-02,27.72430992126465
2020-01-03,27.68720054626465
2020-01-06,27.75214195251465
2020-01-07,27.65007972717285
2020-01-08,27.76142120361328
2020-01-09,27.919160842895508
2020-01-10,27.919160842895508
2020-01-13,28.104734420776367
2020-01-14,28.06761360168457
2020-01-15,28.104734420776367
2020-01-16,28.336692810058594
2020-01-17,28.35525131225586
2020-01-21,28.410924911499023
2020-01-22,28.448034286499023
2020-01-23,28.438756942749023
2020-01-24,28.299579620361328
2020-01-27,28.03050422668457
2020-01-28,28.243913650512695
2020-01-29,28.262466430664062
2020-01-30,28.401641845703125
2020-01-31,28.039777755737305
2020-02-03,28.22534942626953
2020-02-04,28.540828704833984
2020-02-05,28.64288330078125
2020-02-06,28.847017288208008
2020-02-07,28.782066345214844
2020-02-10,28.995468139648438
2020-02-11,29.01402473449707
2020-02-12,29.097537994384766
2020-02-13,29.116090774536133
2020-02-14,29.19959831237793
2020-02-18,29.18104362487793
2020-02-19,29.283111572265625
2020-02-20,29.255271911621094
2020-02-21,29.02330780029297
2020-02-24,28.271745681762695
2020-02-25,27.418119430541992
2020-02-26,27.390281677246094
2020-02-27,26.443872451782227
2020-02-28,26.2026309967041
2020-03-02,27.381004333496094
2020-03-03,26.963468551635742
2020-03-04,27.79853630065918
2020-03-05,27.046977996826172
2020-03-06,26.84284782409668
2020-03-09,25.237655639648438
2020-03-10,25.998498916625977
2020-03-11,24.922189712524414
2020-03-12,22.97368621826172
2020-03-13,24.77373504638672
2020-03-16,21.804595947265625
2020-03-17,23.085031509399414
2020-03-18,21.850984573364258
2020-03-19,21.97161102294922
2020-03-20,21.424171447753906
2020-03-23,20.98808479309082
2020-03-24,22.518762588500977
2020-03-25,23.039215087890625
2020-03-26,24.126585006713867
2020-03-27,23.4388427734375
2020-03-30,24.32175636291504
2020-03-31,23.940706253051758
2020-04-01,23.02992057800293
2020-04-02,23.3644962310791
2020-04-03,23.215791702270508
2020-04-06,24.507631301879883
2020-04-07,24.544801712036133
2020-04-08,25.260421752929688
2020-04-09,25.622879028320312
2020-04-13,25.39982795715332
2020-04-14,26.115447998046875
2020-04-15,25.7251033782959
2020-04-16,25.883102416992188
2020-04-17,26.440731048583984
2020-04-20,26.05038833618164
2020-04-21,25.409116744995117
2020-04-22,25.855222702026367
2020-04-23,25.855222702026367
2020-04-24,26.199087142944336
2020-04-27,26.477903366088867
2020-04-28,26.384963989257812
2020-04-29,26.95188331604004
2020-04-30,26.7567138671875
2020-05-01,26.087562561035156
2020-05-04,26.134037017822266
2020-05-05,26.3477840423584
2020-05-06,26.23625946044922
2020-05-07,26.570842742919922
2020-05-08,26.905418395996094
2020-05-11,26.914709091186523
2020-05-12,26.487194061279297
2020-05-13,25.929567337036133
2020-05-14,26.245563507080078
2020-05-15,26.3477840423584
2020-05-18,27.119171142578125
2020-05-19,26.803180694580078
2020-05-20,27.342222213745117
2020-05-21,27.119171142578125
2020-05-22,27.137760162353516
2020-05-26,27.472335815429688
2020-05-27,27.834787368774414
2020-05-28,27.816205978393555
2020-05-29,28.104307174682617
2020-06-01,28.104307174682617
2020-06-02,28.197248458862305
2020-06-03,28.457473754882812
2020-06-04,28.243711471557617
2020-06-05,28.922164916992188
2020-06-08,29.275325775146484
2020-06-09,29.14520835876465
2020-06-10,29.080154418945312
2020-06-11,27.695384979248047
2020-06-12,27.983489990234375
2020-06-15,28.15077781677246
2020-06-16,28.615467071533203
2020-06-17,28.559703826904297
2020-06-18,28.49464988708496
2020-06-19,28.345949172973633
2020-06-22,28.503936767578125
2020-06-23,28.741512298583984
2020-06-24,28.135934829711914
2020-06-25,28.434066772460938
2020-06-26,27.81917381286621
2020-06-29,28.0614070892334
2020-06-30,28.480649948120117
2020-07-01,28.694931030273438
2020-07-02,28.741512298583984
2020-07-06,29.225971221923828
2020-07-07,29.05827522277832
2020-07-08,29.15144157409668
2020-07-09,29.160755157470703
2020-07-10,29.45888900756836
2020-07-13,29.198022842407227
2020-07-14,29.468204498291016
2020-07-15,29.766332626342773
2020-07-16,29.579998016357422
2020-07-17,29.757015228271484
2020-07-20,30.045833587646484
2020-07-21,29.952659606933594
2020-07-22,30.232160568237305
2020-07-23,29.757015228271484
2020-07-24,29.579998016357422
2020-07-27,29.896764755249023
2020-07-28,29.747699737548828
2020-07-29,30.045833587646484
2020-07-30,30.045833587646484
2020-07-31,30.21352767944336
2020-08-03,30.316007614135742
2020-08-04,30.539608001708984
2020-08-05,30.65140151977539
2020-08-06,30.94953155517578
2020-08-07,30.781837463378906
2020-08-10,30.958845138549805
2020-08-11,30.558237075805664
2020-08-12,30.81910514831543
2020-08-13,30.940216064453125
2020-08-14,30.930891036987305
2020-08-17,30.930891036987305
2020-08-18,31.182437896728516
2020-08-19,30.996116638183594
2020-08-20,31.145177841186523
2020-08-21,31.29424476623535
2020-08-24,31.452613830566406
2020-08-25,31.601682662963867
2020-08-26,31.899822235107422
2020-08-27,31.88117790222168
2020-08-28,32.07683563232422
2020-08-31,32.10477828979492
2020-09-01,32.42155075073242
2020-09-02,32.85009765625
2020-09-03,31.834604263305664
2020-09-04,31.480575561523438
2020-09-08,30.52096939086914
2020-09-09,31.26629638671875
2020-09-10,30.77251434326172
2020-09-11,30.82841682434082
2020-09-14,31.070642471313477
2020-09-15,31.26629638671875
2020-09-16,31.182437896728516
2020-09-17,30.930891036987305
2020-09-18,30.62344741821289
2020-09-21,30.3812255859375
2020-09-22,30.628751754760742
2020-09-23,29.94687271118164
2020-09-24,30.105669021606445
2020-09-25,30.432594299316406
2020-09-28,30.834259033203125
2020-09-29,30.880964279174805
2020-09-30,31.086454391479492
2020-10-01,31.161190032958984
2020-10-02,30.937007904052734
2020-10-05,31.20789337158203
2020-10-06,30.955684661865234
2020-10-07,31.385366439819336
2020-10-08,31.51613998413086
2020-10-09,31.899120330810547
2020-10-12,32.36616516113281
2020-10-13,32.291439056396484
2020-10-14,32.05791473388672
2020-10-15,32.02054977416992
2020-10-16,32.00187301635742
2020-10-19,31.562854766845703
2020-10-20,31.61888313293457
2020-10-21,31.534820556640625
2020-10-22,31.58152961730957
2020-10-23,31.730987548828125
2020-10-26,31.254592895507812
2020-10-27,31.22657012939453
2020-10-28,30.273799896240234
2020-10-29,30.423254013061523
2020-10-30,30.086977005004883
2020-11-02,30.264467239379883
2020-11-03,30.85294532775879
2020-11-04,31.674930572509766
2020-11-05,32.25407028198242
2020-11-06,32.12329864501953
2020-11-09,32.30077362060547
2020-11-10,31.99251937866211
2020-11-11,32.328792572021484
2020-11-12,32.27275848388672
2020-11-13,32.59967803955078
2020-11-16,32.91727066040039
2020-11-17,32.84254837036133
2020-11-18,32.543636322021484
2020-11-19,32.73046112060547
2020-11-20,32.5903434753418
2020-11-23,32.73046112060547
2020-11-24,33.14145278930664
2020-11-25,33.094749450683594
2020-11-27,33.31892776489258
2020-11-30,33.22552490234375
2020-12-01,33.38431930541992
2020-12-02,33.40299606323242
2020-12-03,33.46839141845703
2020-12-04,33.6645393371582
2020-12-07,33.63652801513672
2020-12-08,33.70475387573242
2020-12-09,33.49912643432617
2020-12-10,33.57388687133789
2020-12-11,33.43370056152344
2020-12-14,33.40565490722656
2020-12-15,33.77019119262695
2020-12-16,33.798221588134766
2020-12-17,34.01320266723633
2020-12-18,33.95711898803711
2020-12-21,33.88679122924805
2020-12-22,33.89617919921875
2020-12-23,33.708641052246094
2020-12-24,33.95242691040039
2020-12-28,34.13058853149414
2020-12-29,34.11183166503906
2020-12-30,34.149330139160156
2020-12-31,34.318115234375
2021-01-04,33.88679122924805
2021-01-05,34.0743408203125
2021-01-06,34.08371353149414
2021-01-07,34.54315185546875
2021-01-08,34.655662536621094
2021-01-11,34.40250015258789
2021-01-12,34.40250015258789
2021-01-13,34.468143463134766
2021-01-14,34.29936218261719
2021-01-15,34.12120819091797
2021-01-19,34.515018463134766
2021-01-20,34.890079498291016
2021-01-21,34.93695831298828
2021-01-22,34.89945983886719
2021-01-25,35.00261306762695
2021-01-26,34.9744758605957
2021-01-27,34.13058853149414
2021-01-28,34.37437057495117
2021-01-29,33.8305549621582
2021-02-01,34.35561752319336
2021-02-02,34.78694152832031
2021-02-03,34.80569076538086
2021-02-04,35.06824493408203
2021-02-05,35.26515197753906
2021-02-08,35.480804443359375
2021-02-09,35.47142791748047
2021-02-10,35.433929443359375
2021-02-11,35.583946228027344
2021-02-12,35.72459030151367
2021-02-16,35.63083267211914
2021-02-17,35.574562072753906
2021-02-18,35.37767028808594
2021-02-19,35.32140350341797
2021-02-22,34.89945983886719
2021-02-23,34.833824157714844
2021-02-24,35.20888900756836
2021-02-25,34.23371887207031
2021-02-26,34.03681182861328
2021-03-01,34.908836364746094
2021-03-02,34.67441940307617
2021-03-03,34.22434997558594
2021-03-04,33.718021392822266
2021-03-05,34.18684768676758
2021-03-08,33.811790466308594
2021-03-09,34.28998947143555
2021-03-10,34.608787536621094
2021-03-11,35.04948043823242
2021-03-12,35.030738830566406
2021-03-15,35.133872985839844
2021-03-16,35.07761764526367
2021-03-17,35.20888900756836
2021-03-18,34.63691329956055
2021-03-19,34.42124557495117
2021-03-22,34.66504669189453
2021-03-23,34.59941101074219
2021-03-24,34.3650016784668
2021-03-25,34.570838928222656
2021-03-26,35.17240524291992
2021-03-29,35.05961608886719
2021-03-30,34.90921401977539
2021-03-31,35.08781814575195
2021-04-01,35.416786193847656
2021-04-05,35.924346923828125
2021-04-06,35.896141052246094
2021-04-07,35.999549865722656
2021-04-08,36.15933609008789
2021-04-09,36.366111755371094
2021-04-12,36.46011734008789
2021-04-13,36.601104736328125
2021-04-14,36.497711181640625
2021-04-15,36.892486572265625
2021-04-16,36.98647689819336
2021-04-19,36.87368392944336
2021-04-20,36.65750503540039
2021-04-21,36.958274841308594
2021-04-22,36.68569564819336
2021-04-23,37.05227279663086
2021-04-26,36.98647689819336
2021-04-27,37.042877197265625
2021-04-28,37.042877197265625
2021-04-29,37.18386459350586
2021-04-30,36.817291259765625
2021-05-03,36.892486572265625
2021-05-04,36.75149154663086
2021-05-05,36.66689682006836
2021-05-06,37.05227279663086
2021-05-07,37.31545639038086
2021-05-10,36.892486572265625
2021-05-11,36.450714111328125
2021-05-12,35.71756362915039
2021-05-13,36.17814636230469
2021-05-14,36.789085388183594
2021-05-17,36.638702392578125
2021-05-18,36.24393844604492
2021-05-19,36.262733459472656
2021-05-20,36.713897705078125
2021-05-21,36.68569564819336
2021-05-24,37.06167221069336
2021-05-25,37.071075439453125
2021-05-26,36.99587631225586
2021-05-27,36.713897705078125
2021-05-28,37.08987808227539
2021-06-01,37.11806106567383
2021-06-02,37.212059020996094
2021-06-03,37.01468276977539
2021-06-04,37.28724670410156
2021-06-07,37.268463134765625
2021-06-08,37.39065170288086
2021-06-09,37.37185287475586
2021-06-10,37.55043411254883
2021-06-11,37.616233825683594
2021-06-14,37.78541564941406
2021-06-15,37.541038513183594
2021-06-16,37.40944290161133
2021-06-17,37.418846130371094
2021-06-18,37.24026107788086
2021-06-21,37.55043411254883
2021-06-22,37.74782180786133
2021-06-23,37.841819763183594
2021-06-24,37.978397369384766
2021-06-25,38.053749084472656
2021-06-28,38.17620086669922
2021-06-29,38.223297119140625
2021-06-30,38.279808044433594
2021-07-01,38.37400817871094
2021-07-02,38.70368194580078
2021-07-06,38.89205551147461
2021-07-07,38.99568557739258
2021-07-08,38.66599655151367
2021-07-09,38.920318603515625
2021-07-12,39.136959075927734
2021-07-13,39.00509262084961
2021-07-14,39.099281311035156
2021-07-15,38.90148162841797
2021-07-16,38.769622802734375
2021-07-19,38.279808044433594
2021-07-20,38.976837158203125
2021-07-21,38.92974853515625
2021-07-22,39.27824783325195
2021-07-23,39.589088439941406
2021-07-26,39.64560317993164
2021-07-27,39.57966995239258
2021-07-28,39.57966995239258
2021-07-29,39.57966995239258
2021-07-30,39.523155212402344
2021-08-02,39.51373291015625
2021-08-03,39.63618850708008
2021-08-04,39.655025482177734
2021-08-05,39.73038101196289
2021-08-06,39.73038101196289
2021-08-09,39.71154022216797
2021-08-10,39.73979568481445
2021-08-11,39.589088439941406
2021-08-12,39.79631042480469
2021-08-13,40.03178787231445
2021-08-16,40.07889175415039
2021-08-17,39.843406677246094
2021-08-18,39.41954040527344
2021-08-19,39.551414489746094
2021-08-20,39.74921417236328
2021-08-23,40.08830642700195
2021-08-24,40.163665771484375
2021-08-25,40.26726531982422
2021-08-26,40.09772491455078
2021-08-27,40.41797637939453
2021-08-30,40.6534538269043
2021-08-31,40.5781135559082
2021-09-01,40.59694290161133
2021-09-02,40.757080078125
2021-09-03,40.6534538269043
2021-09-07,40.512168884277344
2021-09-08,40.42740249633789
2021-09-09,40.38972473144531
2021-09-10,40.03178787231445
2021-09-13,39.60793685913086
2021-09-14,40.0035400390625
2021-09-15,40.04121017456055
2021-09-16,40.22018051147461
2021-09-17,39.824562072753906
2021-09-20,39.089874267578125
2021-09-21,39.27824783325195
2021-09-22,39.626766204833984
2021-09-23,39.984703063964844
2021-09-24,39.91862487792969
2021-09-27,39.51274108886719
2021-09-28,38.700958251953125
2021-09-29,38.71039581298828
2021-09-30,38.455543518066406
2021-10-01,38.68207550048828
2021-10-04,38.49329376220703
2021-10-05,38.691532135009766
2021-10-06,38.88973617553711
2021-10-07,39.1257209777832
2021-10-08,39.00300979614258
2021-10-11,38.82366943359375
2021-10-12,38.7198371887207
2021-10-13,38.91806411743164
2021-10-14,39.55049514770508
2021-10-15,39.89974594116211
2021-10-18,39.90918731689453
2021-10-19,40.08853530883789
2021-10-20,40.182926177978516
2021-10-21,40.35282897949219
2021-10-22,40.333946228027344
2021-10-25,40.50385284423828
2021-10-26,40.57937240600586
2021-10-27,40.42833709716797
2021-10-28,40.66432571411133
2021-10-29,40.834228515625
2021-11-01,40.9758186340332
2021-11-02,41.08909225463867
2021-11-03,41.258995056152344
2021-11-04,41.532737731933594
2021-11-05,41.72151565551758
2021-11-08,41.74040603637695
2021-11-09,41.63656234741211
2021-11-10,41.21179962158203
2021-11-11,41.164608001708984
2021-11-12,41.381710052490234
2021-11-15,41.325069427490234
2021-11-16,41.57992935180664
2021-11-17,41.35338592529297
2021-11-18,41.45722961425781
2021-11-19,41.532737731933594
2021-11-22,41.155174255371094
2021-11-23,41.258995056152344
2021-11-24,41.381710052490234
2021-11-26,41.079647064208984
2021-11-29,41.19292068481445
2021-11-30,40.72095489501953
2021-12-01,40.11684036254883
2021-12-02,40.65488052368164
2021-12-03,40.35282897949219
2021-12-06,40.82478713989258
2021-12-07,41.47610092163086
2021-12-08,41.598812103271484
2021-12-09,41.362815856933594
2021-12-10,41.5233039855957
2021-12-13,41.42890930175781
2021-12-14,40.90974807739258
2021-12-15,41.46665954589844
2021-12-16,41.258995056152344
2021-12-17,41.070213317871094
2021-12-20,40.62656784057617
2021-12-21,41.40058517456055
2021-12-22,41.645999908447266
2021-12-23,41.72151565551758
2021-12-27,42.22389221191406
2021-12-28,42.0914421081543
2021-12-29,42.02521514892578
2021-12-30,42.15767288208008
2021-12-31,41.940067291259766
2022-01-03,41.940067291259766
2022-01-04,41.873836517333984
2022-01-05,41.00344467163086
2022-01-06,40.91828918457031
2022-01-07,40.76691436767578
2022-01-10,40.65338897705078
2022-01-11,41.079132080078125
2022-01-12,40.87099075317383
2022-01-13,40.691226959228516
2022-01-14,40.464176177978516
2022-01-18,39.48969650268555
2022-01-19,39.36670684814453
2022-01-20,39.026123046875
2022-01-21,38.316551208496094
2022-01-24,38.297630310058594
2022-01-25,37.90974044799805
2022-01-26,37.54076385498047
2022-01-27,37.58806610107422
2022-01-28,38.42061996459961
2022-01-31,39.3099365234375
2022-02-01,39.53701400756836
2022-02-02,39.801902770996094
2022-02-03,38.79905319213867
2022-02-04,38.8747444152832
2022-02-07,38.73283004760742
2022-02-08,39.139652252197266
2022-02-09,39.735687255859375
2022-02-10,38.80851745605469
2022-02-11,38.17462921142578
2022-02-14,37.938114166259766
2022-02-15,38.382781982421875
2022-02-16,38.62876510620117
2022-02-17,37.843505859375
2022-02-18,37.64483642578125
2022-02-22,37.247474670410156
2022-02-23,36.424381256103516
2022-02-24,37.05825424194336
2022-02-25,38.07056427001953
2022-02-28,37.95704650878906
2022-03-01,37.66373825073242
2022-03-02,38.00434494018555
2022-03-03,37.985416412353516
2022-03-04,37.81511688232422
2022-03-07,36.755496978759766
2022-03-08,36.358154296875
2022-03-09,37.13393783569336
2022-03-10,36.89741897583008
2022-03-11,36.424381256103516
2022-03-14,35.781036376953125
2022-03-15,36.59467697143555
2022-03-16,37.37046432495117
2022-03-17,37.71105194091797
2022-03-18,38.18410873413086
2022-03-21,37.76781463623047
2022-03-22,38.30709457397461
2022-03-23,37.900272369384766
2022-03-24,38.316551208496094
2022-03-25,38.3544807434082
2022-03-28,38.60100555419922
2022-03-29,39.28371047973633
2022-03-30,39.05614471435547
2022-03-31,38.42084884643555
2022-04-01,38.55359649658203
2022-04-04,38.771690368652344
2022-04-05,38.051063537597656
2022-04-06,37.72867202758789
2022-04-07,37.8234977722168
2022-04-08,37.58644485473633
2022-04-11,36.8278923034668
2022-04-12,36.67617416381836
2022-04-13,37.33991241455078
2022-04-14,36.76151657104492
2022-04-18,36.647727966308594
2022-04-19,37.04597091674805
2022-04-20,37.083900451660156
2022-04-21,36.53394317626953
2022-04-22,35.56678009033203
2022-04-25,35.81332015991211
2022-04-26,35.09269332885742
2022-04-27,34.98838806152344
2022-04-28,35.803829193115234
2022-04-29,34.52376937866211
2022-05-02,34.52376937866211
2022-05-03,34.75133514404297
2022-05-04,35.7469367980957
2022-05-05,34.47636795043945
2022-05-06,34.03071975708008
2022-05-09,33.01613998413086
2022-05-10,33.272151947021484
2022-05-11,32.43773651123047
2022-05-12,32.97821807861328
2022-05-13,33.585060119628906
2022-05-16,33.42386245727539
2022-05-17,33.87900161743164
2022-05-18,32.854949951171875
2022-05-19,32.58946228027344
2022-05-20,32.8454704284668
2022-05-23,33.300601959228516
2022-05-24,32.9971809387207
2022-05-25,33.45230484008789
2022-05-26,34.06863784790039
2022-05-27,34.73237609863281
2022-05-31,34.35309600830078
2022-06-01,34.1919059753418
2022-06-02,34.75133514404297
2022-06-03,34.30569076538086
2022-06-06,34.1065673828125
2022-06-07,34.552207946777344
2022-06-08,34.20138168334961
2022-06-09,33.35748291015625
2022-06-10,32.33344268798828
2022-06-13,30.560317993164062
2022-06-14,30.579280853271484
2022-06-15,31.214570999145508
2022-06-16,30.437053680419922
2022-06-17,30.52238655090332
2022-06-21,31.15767478942871
2022-06-22,31.26198387145996
2022-06-23,31.660219192504883
2022-06-24,32.54984664916992
2022-06-27,32.35004425048828
2022-06-28,31.693527221679688
2022-06-29,31.79817771911621
2022-06-30,31.722061157226562
2022-07-01,32.112178802490234
2022-07-05,32.35004425048828
2022-07-06,32.35004425048828
2022-07-07,32.702091217041016
2022-07-08,32.54984664916992
2022-07-11,32.23587417602539
2022-07-12,31.988479614257812
2022-07-13,32.055084228515625
2022-07-14,31.845767974853516
2022-07-15,32.331016540527344
2022-07-18,32.08363342285156
2022-07-19,32.82577896118164
2022-07-20,33.101707458496094
2022-07-21,33.501319885253906
2022-07-22,33.4727668762207
2022-07-25,33.387142181396484
2022-07-26,33.006553649902344
2022-07-27,33.86288070678711
2022-07-28,34.34812927246094
2022-07-29,34.72871780395508
2022-08-01,34.8238639831543
2022-08-02,34.452796936035156
2022-08-03,34.98561096191406
2022-08-04,34.938045501708984
2022-08-05,34.66211700439453
2022-08-08,34.80484390258789
2022-08-09,34.63357925415039
2022-08-10,35.204463958740234
2022-08-11,35.185428619384766
2022-08-12,35.67068099975586
2022-08-15,35.918052673339844
2022-08-16,35.88951873779297
2022-08-17,35.585044860839844
2022-08-18,35.62310028076172
2022-08-19,35.194942474365234
2022-08-22,34.329097747802734
2022-08-23,34.300559997558594
2022-08-24,34.21492004394531
2022-08-25,34.87144088745117
2022-08-26,33.86288070678711
2022-08-29,33.51083755493164
2022-08-30,33.092185974121094
2022-08-31,32.90189743041992
2022-09-01,32.835289001464844
2022-09-02,32.616451263427734
2022-09-06,32.502281188964844
2022-09-07,32.87335205078125
2022-09-08,33.11122131347656
2022-09-09,33.53937911987305
2022-09-12,33.77724838256836
2022-09-13,32.49276351928711
2022-09-14,32.43567657470703
2022-09-15,32.16926956176758
2022-09-16,31.88381576538086
2022-09-19,32.093143463134766
2022-09-20,31.427108764648438
2022-09-21,31.246339797973633
2022-09-22,30.751569747924805
2022-09-23,30.171167373657227
2022-09-26,29.631633758544922
2022-09-27,29.602983474731445
2022-09-28,30.46242904663086
2022-09-29,29.688928604125977
2022-09-30,29.201913833618164
2022-10-03,30.08045196533203
2022-10-04,31.159530639648438
2022-10-05,30.939889907836914
2022-10-06,30.577016830444336
2022-10-07,29.593435287475586
2022-10-10,29.26875877380371
2022-10-11,29.049121856689453
2022-10-12,29.249656677246094
2022-10-13,29.679378509521484
2022-10-14,28.99182891845703
2022-10-17,29.765329360961914
2022-10-18,30.156850814819336
2022-10-19,29.784425735473633
2022-10-20,29.326051712036133
2022-10-21,30.128198623657227
2022-10-24,30.26189422607422
2022-10-25,31.025842666625977
2022-10-26,30.7871036529541
2022-10-27,30.7871036529541
2022-10-28,31.4173641204834
2022-10-31,31.149980545043945
2022-11-01,30.987640380859375
2022-11-02,30.214143753051758
2022-11-03,29.889463424682617
2022-11-04,30.061357498168945
2022-11-07,30.39558219909668
2022-11-08,30.519723892211914
2022-11-09,29.984960556030273
2022-11-10,31.73248863220215
2022-11-11,32.04762649536133
2022-11-14,32.02852249145508
2022-11-15,32.23860549926758
2022-11-16,32.21950912475586
2022-11-17,32.04762649536133
2022-11-18,32.09536361694336
2022-11-21,31.980777740478516
2022-11-22,32.400943756103516
2022-11-23,32.57283401489258
2022-11-25,32.630126953125
2022-11-28,32.200401306152344
2022-11-29,31.980777740478516
2022-11-30,33.07894515991211
2022-12-01,33.203086853027344
2022-12-02,33.327232360839844
2022-12-05,32.57283401489258
2022-12-06,32.23860549926758
2022-12-07,32.343650817871094
2022-12-08,32.50598907470703
2022-12-09,32.15266036987305
2022-12-12,32.48689270019531
2022-12-13,32.83067321777344
2022-12-14,32.67787551879883
2022-12-15,31.990325927734375
2022-12-16,31.598796844482422
2022-12-19,31.216827392578125
2022-12-20,31.178625106811523
2022-12-21,31.73248863220215
2022-12-22,31.178625106811523
2022-12-23,31.257226943969727
2022-12-27,31.075111389160156
2022-12-28,30.595849990844727
2022-12-29,31.257226943969727
2022-12-30,31.103864669799805
2023-01-03,31.09427833557129
2023-01-04,31.39141273498535
2023-01-05,31.075111389160156
2023-01-06,31.861099243164062
2023-01-09,31.899429321289062
2023-01-10,31.928190231323242
2023-01-11,32.369110107421875
2023-01-12,32.493717193603516
2023-01-13,32.79085159301758
2023-01-17,32.52247619628906
2023-01-18,32.359519958496094
2023-01-19,32.13905715942383
2023-01-20,32.647071838378906
2023-01-23,32.829193115234375
2023-01-24,32.915462493896484
2023-01-25,32.9633903503418
2023-01-26,33.174259185791016
2023-01-27,33.308448791503906
2023-01-30,32.78126907348633
2023-01-31,33.27010726928711
2023-02-01,33.787715911865234
2023-02-02,34.18070983886719
2023-02-03,33.806880950927734
2023-02-06,33.365962982177734
2023-02-07,33.8452262878418
2023-02-08,33.43306350708008
2023-02-09,33.05923843383789
2023-02-10,33.01130294799805
2023-02-13,33.519325256347656
2023-02-14,33.461814880371094
2023-02-15,33.48098373413086
2023-02-16,32.982547760009766
2023-02-17,32.934627532958984
2023-02-21,32.11988830566406
2023-02-22,32.11988830566406
2023-02-23,32.359519958496094
2023-02-24,32.024044036865234
2023-02-27,32.19657516479492
2023-02-28,32.01445770263672
2023-03-01,31.832340240478516
2023-03-02,31.861099243164062
2023-03-03,32.484127044677734
2023-03-06,32.53205871582031
2023-03-07,32.052791595458984
2023-03-08,32.0623779296875
2023-03-09,31.621469497680664
2023-03-10,31.487268447875977
2023-03-13,31.659805297851562
2023-03-14,32.167823791503906
2023-03-15,32.15823745727539
2023-03-16,32.54164123535156
2023-03-17,32.31159591674805
2023-03-20,32.58956527709961
2023-03-21,32.819610595703125
2023-03-22,32.41703414916992
2023-03-23,32.647071838378906
2023-03-24,32.89628601074219
2023-03-27,32.61750793457031
2023-03-28,32.57905197143555
2023-03-29,32.92512512207031
2023-03-30,33.242366790771484
2023-03-31,33.70379638671875
2023-04-03,33.88645553588867
2023-04-04,33.83838653564453
2023-04-05,33.819149017333984
2023-04-06,33.934513092041016
2023-04-10,33.80953598022461
2023-04-11,33.70379638671875
2023-04-12,33.636512756347656
2023-04-13,34.376712799072266
2023-04-14,33.88645553588867
2023-04-17,33.83838653564453
2023-04-18,33.96335220336914
2023-04-19,33.84799575805664
2023-04-20,33.75187301635742
2023-04-21,33.742252349853516
2023-04-24,33.88645553588867
2023-04-25,33.559600830078125
2023-04-26,33.34810256958008
2023-04-27,33.79993438720703
2023-04-28,34.14600372314453
2023-05-01,33.934513092041016
2023-05-02,33.88645553588867
2023-05-03,33.6845817565918
2023-05-04,33.57881546020508
2023-05-05,34.01141357421875
2023-05-08,33.88645553588867
2023-05-09,33.79993438720703
2023-05-10,33.982582092285156
2023-05-11,34.078712463378906
2023-05-12,33.85760498046875
2023-05-15,33.90567398071289
2023-05-16,33.665340423583984
2023-05-17,33.96335220336914
2023-05-18,34.1844596862793
2023-05-19,34.078712463378906
2023-05-22,34.078712463378906
2023-05-23,33.75187301635742
2023-05-24,33.50191879272461
2023-05-25,33.665340423583984
2023-05-26,34.069091796875
2023-05-30,34.19406509399414
2023-05-31,34.088321685791016
2023-06-01,34.51131057739258
2023-06-02,34.799705505371094
2023-06-05,34.76124572753906
2023-06-06,34.82853317260742
2023-06-07,34.49207305908203
2023-06-08,34.85737991333008
2023-06-09,34.79008483886719
2023-06-12,35.088096618652344
2023-06-13,35.09770584106445
2023-06-14,35.09770584106445
2023-06-15,35.693729400634766
2023-06-16,35.626434326171875
2023-06-20,35.41494369506836
2023-06-21,35.31881332397461
2023-06-22,35.35725784301758
2023-06-23,35.107322692871094
2023-06-26,35.059120178222656
2023-06-27,35.39658737182617
2023-06-28,35.42551803588867
2023-06-29,35.280879974365234
2023-06-30,35.743709564208984
2023-07-03,35.70513916015625
2023-07-05,35.714778900146484
2023-07-06,35.165184020996094
2023-07-07,35.1362419128418
2023-07-10,35.2615966796875
2023-07-11,35.473731994628906
2023-07-12,35.917274475097656
2023-07-13,36.39937973022461
2023-07-14,36.28367614746094
2023-07-17,36.40901565551758
2023-07-18,36.61150360107422
2023-07-19,36.823631286621094
2023-07-20,36.428306579589844
2023-07-21,36.41865921020508
2023-07-24,36.437950134277344
2023-07-25,36.544010162353516
2023-07-26,36.572940826416016
2023-07-27,36.264381408691406
2023-07-28,36.61150360107422
2023-07-31,36.630794525146484
2023-08-01,36.544010162353516
2023-08-02,35.888343811035156
2023-08-03,35.83049392700195
2023-08-04,35.66657257080078
2023-08-07,36.01368713378906
2023-08-08,35.95583724975586
2023-08-09,35.685855865478516
2023-08-10,35.493011474609375
2023-08-11,35.52193069458008
2023-08-14,35.56050109863281
2023-08-15,35.280879974365234
2023-08-16,34.856624603271484
2023-08-17,34.673423767089844
2023-08-18,34.70235061645508
2023-08-21,34.81805419921875
2023-08-22,34.81805419921875
2023-08-23,35.2423095703125
2023-08-24,34.81805419921875
2023-08-25,35.059120178222656
2023-08-28,35.18445587158203
2023-08-29,35.762996673583984
2023-08-30,35.917274475097656
2023-08-31,35.917274475097656
2023-09-01,35.89798355102539
2023-09-05,35.676212310791016
2023-09-06,35.40623474121094
2023-09-07,35.37730026245117
2023-09-08,35.42551803588867
2023-09-11,35.550865173339844
2023-09-12,35.38694381713867
2023-09-13,35.300167083740234
2023-09-14,35.714778900146484
2023-09-15,35.2905158996582
2023-09-18,35.232669830322266
2023-09-19,35.116966247558594
2023-09-20,34.76985549926758
2023-09-21,34.18167495727539
2023-09-22,34.13345718383789
2023-09-25,34.15764617919922
2023-09-26,33.528690338134766
2023-09-27,33.63511657714844
2023-09-28,33.86735916137695
2023-09-29,33.82865524291992
2023-10-02,33.65447998046875
2023-10-03,33.04486846923828
2023-10-04,33.36418151855469
2023-10-05,33.422245025634766
2023-10-06,33.71253967285156
2023-10-09,34.031856536865234
2023-10-10,34.22538375854492
2023-10-11,34.66082000732422
2023-10-12,34.10926818847656
2023-10-13,34.12861633300781
2023-10-16,34.3221549987793
2023-10-17,33.8867073059082
2023-10-18,33.49966049194336
2023-10-19,33.141624450683594
2023-10-20,32.90939712524414
2023-10-23,32.94809341430664
2023-10-24,33.24806594848633
2023-10-25,32.648128509521484
2023-10-26,32.40622329711914
2023-10-27,32.19334030151367
2023-10-30,32.5610466003418
2023-10-31,32.71586990356445
2023-11-01,33.18033981323242
2023-11-02,33.91573715209961
2023-11-03,34.36084747314453
2023-11-06,34.399559020996094
2023-11-07,34.55438232421875
2023-11-08,34.65114212036133
2023-11-09,34.21571731567383
2023-11-10,34.747901916503906
2023-11-13,34.62211227416992
2023-11-14,35.522010803222656
2023-11-15,35.49299240112305
2023-11-16,35.57040023803711
2023-11-17,35.66716766357422
2023-11-20,35.928428649902344
2023-11-21,35.821990966796875
2023-11-22,36.00584030151367
2023-11-24,35.96712875366211
2023-11-27,35.96712875366211
2023-11-28,36.04454803466797
2023-11-29,36.17033767700195
2023-11-30,36.20904541015625
2023-12-01,36.53803634643555
2023-12-04,36.29612731933594
2023-12-05,36.44127655029297
2023-12-06,36.42192459106445
2023-12-07,36.567073822021484
2023-12-08,36.6251220703125
2023-12-11,36.77027893066406
2023-12-12,36.93477249145508
2023-12-13,37.592769622802734
2023-12-14,37.97982406616211
2023-12-15,37.87338638305664
2023-12-18,38.04756164550781
2023-12-19,38.27011489868164
2023-12-20,37.737911224365234
2023-12-21,38.105613708496094
2023-12-22,38.163883209228516
2023-12-26,38.396942138671875
2023-12-27,38.47462844848633
2023-12-28,38.58145523071289
2023-12-29,38.163883209228516
2024-01-02,37.872554779052734
2024-01-03,37.84341812133789
2024-01-04,37.649208068847656
2024-01-05,37.58122253417969
2024-01-08,38.13475036621094
2024-01-09,38.057064056396484
2024-01-10,38.25128173828125
2024-01-11,38.32897186279297
2024-01-12,38.406654357910156
2024-01-16,38.14445495605469
2024-01-17,37.853126525878906
2024-01-18,38.057064056396484
2024-01-19,38.53289794921875
2024-01-22,38.66884994506836
2024-01-23,38.69797897338867
2024-01-24,38.73682403564453
2024-01-25,38.84364318847656
2024-01-26,38.88249206542969
2024-01-29,39.27092361450195
2024-01-30,39.27092361450195
2024-01-31,38.82421875
2024-02-01,39.39716720581055
2024-02-02,39.58167266845703
2024-02-05,39.154396057128906
2024-02-06,39.38745880126953
2024-02-07,39.7564697265625
2024-02-08,39.659366607666016
2024-02-09,39.82444381713867
2024-02-12,39.81473159790039
2024-02-13,39.183528900146484
2024-02-14,39.60109329223633
2024-02-15,39.82444381713867
2024-02-16,39.60109329223633
2024-02-20,39.329185485839844
2024-02-21,39.41659164428711
2024-02-22,40.13520050048828
2024-02-23,40.115779876708984
2024-02-26,39.96040344238281
2024-02-27,40.00895309448242
2024-02-28,39.97011184692383
2024-02-29,40.30028533935547
2024-03-01,40.679012298583984
2024-03-04,40.61103439331055
2024-03-05,40.30028533935547
2024-03-06,40.679012298583984
2024-03-07,40.98975372314453
2024-03-08,40.74698257446289
2024-03-11,40.60132598876953
2024-03-12,40.87321853637695
2024-03-13,40.81495666503906
2024-03-14,40.591609954833984
2024-03-15,40.261436462402344
2024-03-18,40.51392364501953
2024-03-19,40.78582763671875
2024-03-20,41.125709533691406
2024-03-21,41.290794372558594
2024-03-22,41.36381149291992
2024-03-25,41.14963912963867
2024-03-26,41.18857955932617
2024-03-27,41.470890045166016
2024-03-28,41.11069869995117
2024-04-01,41.1399040222168
2024-04-02,40.95494079589844
2024-04-03,40.96467208862305
2024-04-04,40.69209671020508
2024-04-05,41.06201934814453
2024-04-08,40.84785461425781
2024-04-09,41.1399040222168
2024-04-10,40.39031982421875
2024-04-11,40.59474563598633
2024-04-12,40.059326171875
2024-04-15,39.66019821166992
2024-04-16,39.41682434082031
2024-04-17,39.212379455566406
2024-04-18,39.14423751831055
2024-04-19,38.99821090698242
2024-04-22,39.11503219604492
2024-04-23,39.611515045166016
2024-04-24,39.54336929321289
2024-04-25,39.37787628173828
2024-04-26,39.55310821533203
2024-04-29,39.89382553100586
2024-04-30,39.24159240722656
2024-05-01,39.212379455566406
2024-05-02,39.572574615478516
2024-05-03,40.156673431396484
2024-05-06,40.61421585083008
2024-05-07,40.61421585083008
2024-05-08,40.59474563598633
2024-05-09,40.77971267700195
2024-05-10,40.69209671020508
2024-05-13,40.80890655517578
2024-05-14,41.01335144042969
2024-05-15,41.66558837890625
2024-05-16,41.597442626953125
2024-05-17,41.53902816772461
2024-05-20,41.626651763916016
2024-05-21,41.646121978759766
2024-05-22,41.626651763916016
2024-05-23,41.23725128173828
2024-05-24,41.51957321166992
2024-05-28,41.500099182128906
2024-05-29,41.26646041870117
2024-05-30,40.82838439941406
2024-05-31,41.15937042236328
2024-06-03,41.32486343383789
2024-06-04,41.61691665649414
2024-06-05,42.13287353515625
2024-06-06,42.103660583496094
2024-06-07,41.93817138671875
2024-06-10,41.967376708984375
2024-06-11,42.035518646240234
2024-06-12,42.59040832519531
2024-06-13,42.75590515136719
2024-06-14,43.047950744628906
2024-06-17,43.22317886352539
2024-06-18,43.34000015258789
2024-06-20,43.086891174316406
2024-06-21,42.96034240722656
2024-06-24,42.88246154785156
2024-06-25,43.111881256103516
2024-06-26,43.02402114868164
2024-06-27,43.15092849731445
2024-06-28,42.86781692504883
2024-07-01,42.66279602050781
2024-07-02,43.04354476928711
2024-07-03,43.424285888671875
2024-07-05,43.814796447753906
2024-07-08,43.75621795654297
2024-07-09,43.77574157714844
2024-07-10,44.17600631713867
2024-07-11,43.68788146972656
2024-07-12,44.26387405395508
2024-07-15,44.341976165771484
2024-07-16,44.644615173339844
2024-07-17,44.00028610229492
2024-07-18,43.6781120300293
2024-07-19,43.3754768371582
2024-07-22,43.62930679321289
2024-07-23,43.68788146972656
2024-07-24,42.9166259765625
2024-07-25,42.56517028808594
2024-07-26,43.09235382080078
2024-07-29,43.10212707519531
2024-07-30,42.66279602050781
2024-07-31,43.6976432800293
2024-08-01,43.18021774291992
2024-08-02,42.9166259765625
2024-08-05,41.706058502197266
2024-08-06,41.979408264160156
2024-08-07,41.82320785522461
2024-08-08,42.418739318847656
2024-08-09,42.71160888671875
2024-08-12,42.73114013671875
2024-08-13,43.46333694458008
2024-08-14,43.62930679321289
2024-08-15,44.097904205322266
2024-08-16,44.215065002441406
2024-08-19,44.712955474853516
2024-08-20,44.664146423339844
2024-08-21,45.005836486816406
2024-08-22,44.39078903198242
2024-08-23,44.9472541809082
2024-08-26,44.86915588378906
2024-08-27,44.81058883666992
2024-08-28,44.20529556274414
2024-08-29,44.48841094970703
2024-08-30,44.90821075439453
2024-09-03,44.078392028808594
2024-09-04,44.17600631713867
2024-09-05,44.20529556274414
2024-09-06,43.40475845336914
2024-09-09,43.99052810668945
2024-09-10,44.449363708496094
2024-09-11,44.4981803894043
2024-09-12,44.722721099853516
2024-09-13,45.19132614135742
2024-09-16,45.3182373046875
2024-09-17,45.28895568847656
2024-09-18,45.035125732421875
2024-09-19,45.75756072998047
2024-09-20,45.513492584228516
2024-09-23,45.77708053588867
2024-09-24,45.88447952270508
2024-09-25,45.806156158447266
2024-09-26,45.93342208862305
2024-09-27,45.904048919677734
2024-09-30,46.001953125
2024-10-01,45.88447570800781
2024-10-02,45.6005744934082
2024-10-03,45.49288558959961
2024-10-04,45.50267028808594
2024-10-07,45.071922302246094
2024-10-08,45.41456985473633
2024-10-09,45.74742126464844
2024-10-10,45.6103630065918
2024-10-11,45.88447570800781
2024-10-14,46.1977424621582
2024-10-15,46.001953125
2024-10-16,46.15858840942383
2024-10-17,46.001953125
2024-10-18,46.2564811706543
2024-10-21,45.992156982421875
2024-10-22,46.050899505615234
2024-10-23,45.541831970214844
2024-10-24,45.75720977783203
2024-10-25,45.620147705078125
2024-10-28,45.620147705078125
2024-10-29,45.806156158447266
2024-10-30,45.688682556152344
2024-10-31,44.97402572631836
2024-11-01,44.94466018676758
2024-11-04,44.885921478271484
2024-11-05,45.41456985473633
2024-11-06,46.34458923339844
2024-11-07,46.83407974243164
2024-11-08,47.08860778808594
2024-11-11,47.08860778808594
2024-11-12,46.804710388183594
2024-11-13,46.892818450927734
2024-11-14,46.54039001464844
2024-11-15,45.943214416503906
2024-11-18,46.187957763671875
2024-11-19,46.48164749145508
2024-11-20,46.325008392333984
2024-11-21,46.65786361694336
2024-11-22,46.76555252075195
2024-11-25,47.09840774536133
2024-11-26,47.38230514526367
2024-11-27,47.19629669189453
2024-11-29,47.59768295288086
2024-12-02,47.7836799621582
2024-12-03,47.75431442260742
2024-12-04,48.057796478271484
2024-12-05,48.06758117675781
2024-12-06,48.243797302246094
2024-12-09,47.8815803527832
2024-12-10,47.705360412597656
2024-12-11,47.773887634277344
2024-12-12,47.59768295288086
2024-12-13,47.450836181640625
2024-12-16,47.773887634277344
2024-12-17,47.60747146606445
2024-12-18,46.129215240478516
2024-12-19,45.992156982421875
2024-12-20,46.4522819519043
2024-12-23,46.55996322631836
2024-12-24,47.1473503112793
2024-12-26,47.12179946899414
2024-12-27,46.4635124206543
2024-12-30,46.28666305541992
2024-12-31,45.874000549316406
2025-01-02,45.962425231933594
2025-01-03,46.48316955566406
2025-01-06,46.69931411743164
2025-01-07,46.09016036987305
2025-01-08,46.139278411865234
2025-01-10,45.25501251220703
2025-01-13,45.37290954589844
2025-01-14,45.17640686035156
2025-01-15,46.32596206665039
2025-01-16,46.36526107788086
2025-01-17,46.77791976928711
2025-01-21,47.25935363769531
2025-01-22,47.524635314941406
2025-01-23,47.58359146118164
2025-01-24,47.53446578979492
2025-01-27,47.03337478637695
2025-01-28,47.563934326171875
2025-01-29,47.239707946777344
2025-01-30,47.53446578979492
2025-01-31,47.33795928955078
2025-02-03,47.092323303222656
2025-02-04,47.49516296386719
2025-02-05,47.750614166259766
2025-02-06,47.87834167480469
2025-02-07,47.43620681762695
2025-02-10,47.573760986328125
2025-02-11,47.652366638183594
2025-02-12,47.161102294921875
2025-02-13,48.015899658203125
2025-02-14,48.14362716674805
2025-02-18,47.93729782104492
2025-02-19,48.192752838134766
2025-02-20,48.015899658203125
2025-02-21,47.42638397216797
2025-02-24,47.161102294921875
2025-02-25,46.99407958984375
2025-02-26,47.15127944946289
2025-02-27,46.44386291503906
2025-02-28,47.19057846069336
2025-03-03,46.60106658935547
2025-03-04,45.99190139770508
2025-03-05,46.22770690917969
2025-03-06,45.500640869140625
2025-03-07,45.54976272583008
2025-03-10,44.498470306396484
2025-03-11,44.28231430053711
2025-03-12,44.449337005615234
2025-03-13,43.91877746582031
2025-03-14,44.67531967163086
2025-03-17,45.00938034057617
2025-03-18,44.51811981201172
2025-03-19,44.96025466918945
2025-03-20,45.02903366088867
2025-03-21,44.99955368041992
2025-03-24,45.687320709228516
2025-03-25,45.75609588623047
2025-03-26,45.23390197753906
2025-03-27,45.02699279785156
2025-03-28,44.4161262512207
2025-03-31,44.642738342285156
2025-04-01,44.90876388549805
2025-04-02,45.155086517333984
2025-04-03,43.430850982666016
2025-04-04,40.20901107788086
2025-04-07,40.84943771362305
2025-04-08,40.13018798828125
2025-04-09,43.55894088745117
2025-04-10,41.94308853149414
2025-04-11,42.60322189331055
2025-04-14,43.08600997924805
2025-04-15,43.10570526123047
2025-04-16,42.24852752685547
2025-04-17,42.287933349609375
2025-04-21,41.273101806640625
2025-04-22,42.12043762207031
2025-04-23,42.849544525146484
2025-04-24,43.7559928894043
2025-04-25,44.189510345458984
2025-04-28,44.268333435058594
2025-04-29,44.662445068359375
2025-04-30,44.72156524658203
2025-05-01,44.82994079589844
2025-05-02,45.19449234008789
2025-05-05,44.928466796875
2025-05-06,44.731414794921875
2025-05-07,44.8594970703125
2025-05-08,44.96788024902344
2025-05-09,44.918617248535156
2025-05-12,46.0615348815918
2025-05-13,46.56402587890625
2025-05-14,46.435935974121094
2025-05-15,46.741371154785156
2025-05-16,47.174896240234375
2025-05-19,47.086212158203125
2025-05-20,46.81033706665039
2025-05-21,45.894039154052734
2025-05-22,46.199466705322266
2025-05-23,45.97285461425781
2025-05-27,46.889163970947266
2025-05-28,46.3078498840332
2025-05-29,46.86945343017578
2025-05-30,46.94827651977539
2025-06-02,47.05665588378906
2025-06-03,47.26356506347656
2025-06-04,47.50003433227539
2025-06-05,47.12562942504883
2025-06-06,47.44091796875
2025-06-09,47.5098876953125
2025-06-10,47.66752624511719
2025-06-11,47.76605224609375
2025-06-12,47.894142150878906
2025-06-13,47.411354064941406
2025-06-16,47.697086334228516
2025-06-17,47.52959060668945
2025-06-18,47.48031997680664
2025-06-20,47.46061706542969
2025-06-23,47.864585876464844
2025-06-24,48.54441833496094
2025-06-25,48.55924987792969
2025-06-26,48.9546012878418
2025-06-27,49.11274337768555
2025-06-30,49.47844314575195
2025-07-01,49.369720458984375
2025-07-02,49.527862548828125
2025-07-03,49.686004638671875
2025-07-07,49.38949203491211
2025-07-08,49.18193054199219
2025-07-09,49.616817474365234
2025-07-10,49.78483963012695
2025-07-11,48.835994720458984
2025-07-14,49.47844314575195
2025-07-15,49.32030487060547
2025-07-16,49.51797866821289
2025-07-17,49.686004638671875
2025-07-18,49.765071868896484
2025-07-21,49.9528694152832
2025-07-22,50.11101150512695
2025-07-23,50.26914596557617
2025-07-24,50.34821701049805
2025-07-25,50.57554626464844
2025-07-28,50.5360107421875
2025-07-29,50.59531021118164
2025-07-30,50.48659133911133
2025-07-31,50.2493782043457
2025-08-01,49.765071868896484
2025-08-04,50.57554626464844
2025-08-05,50.21973419189453
2025-08-06,50.67438507080078
2025-08-07,50.57554626464844
2025-08-08,50.74357223510742
2025-08-11,50.78310775756836
2025-08-12,51.484859466552734
2025-08-13,51.51450729370117
2025-08-14,51.4552116394043
2025-08-15,50.91159439086914
2025-08-18,51.247642517089844
2025-08-19,50.951133728027344
2025-08-20,50.88195037841797
2025-08-21,50.605201721191406
2025-08-22,51.42555618286133
2025-08-25,51.257530212402344
2025-08-26,51.484859466552734
2025-08-27,51.643001556396484
2025-08-28,51.87032699584961
2025-08-29,51.4749755859375
2025-09-02,51.09939193725586
2025-09-03,51.42555618286133
2025-09-04,51.94940185546875
2025-09-05,51.94940185546875
2025-09-08,52.18661117553711
2025-09-09,52.176727294921875
2025-09-10,52.483123779296875
2025-09-11,52.700565338134766
2025-09-12,52.7499885559082
2025-09-15,53.0267333984375
2025-09-16,53.184879302978516
2025-09-17,52.87847900390625
2025-09-18,53.184879302978516
2025-09-19,53.244178771972656
2025-09-22,53.451744079589844
2025-09-23,53.33313751220703
2025-09-24,53.095924377441406
2025-09-25,52.79846954345703
2025-09-26,53.05625915527344
2025-09-29,53.28430938720703
2025-09-30,53.46278381347656
2025-10-01,53.7205810546875
2025-10-02,53.59168243408203
2025-10-03,53.66108703613281
2025-10-06,53.809818267822266
2025-10-07,53.65117645263672
2025-10-08,53.79990005493164
2025-10-09,53.69083786010742
2025-10-10,52.540672302246094
2025-10-13,53.353721618652344
2025-10-14,53.433040618896484
2025-10-15,53.611515045166016
2025-10-16,53.42313003540039
2025-10-17,53.65117645263672
2025-10-20,54.1568489074707
2025-10-21,54.23617172241211
2025-10-22,53.92879867553711
2025-10-23,54.07752990722656
2025-10-24,54.52371597290039
2025-10-27,55.13845443725586
2025-10-28,55.31692886352539
2025-10-29,55.10871124267578
2025-10-30,54.543540954589844
2025-10-31,54.712100982666016
2025-11-03,54.76167678833008
2025-11-04,54.23617172241211
2025-11-05,54.10727310180664
2025-11-06,53.83956527709961
2025-11-07,53.730491638183594
2025-11-10,54.335323333740234
2025-11-11,54.95998001098633
2025-11-12,54.712100982666016
2025-11-13,53.85939025878906
2025-11-14,53.6809196472168
2025-11-17,53.34379959106445
2025-11-18,53.02651596069336
2025-11-19,53.105838775634766
2025-11-20,52.36219787597656
2025-11-21,52.85795974731445
2025-11-24,53.69083786010742
2025-11-25,54.325408935546875
2025-11-26,54.73193359375
2025-11-28,54.87074661254883
2025-12-01,54.47413635253906
2025-12-02,54.503883361816406
2025-12-03,54.91040802001953
2025-12-04,54.81125259399414
2025-12-05,54.86083221435547
2025-12-08,54.4642219543457
2025-12-09,54.39481735229492
2025-12-10,54.96989822387695
2025-12-11,54.87074661254883
2025-12-12,54.40473175048828
2025-12-15,54.36507034301758
2025-12-16,54.206424713134766
2025-12-17,53.730491638183594
2025-12-18,54.196510314941406
2025-12-19,54.30557632446289
2025-12-22,54.89057159423828
2025-12-23,54.98972702026367
2025-12-24,55.34667205810547
2025-12-26,55.324798583984375
2025-12-29,55.18556594848633
2025-12-30,55.115943908691406
2025-12-31,54.50929641723633
2026-01-02,54.5291862487793
2026-01-05,54.9269905090332
2026-01-06,55.324798583984375
2026-01-07,55.17561721801758
2026-01-08,55.17561721801758
2026-01-09,55.3944091796875
2026-01-12,55.563480377197266
2026-01-13,55.55353546142578
2026-01-14,55.38446807861328
2026-01-15,55.19550704956055
2026-01-16,55.19550704956055
2026-01-20,53.982200622558594
2026-01-21,54.55902099609375
2026-01-22,54.79770278930664
2026-01-23,54.84743118286133
2026-01-26,55.14578628540039
2026-01-27,55.4341926574707
2026-01-28,55.2651252746582
2026-01-29,55.0562744140625
2026-01-30,54.93693542480469
2026-02-02,55.28501510620117
2026-02-03,54.74797821044922
2026-02-04,54.469512939453125
2026-02-05,53.992149353027344
2026-02-06,54.9269905090332
2026-02-09,55.225341796875
2026-02-10,55.29495620727539
2026-02-11,55.21540069580078
2026-02-12,54.4197883605957
2026-02-13,54.568965911865234
2026-02-17,54.718143463134766
2026-02-18,54.79770278930664
2026-02-19,54.79770278930664
2026-02-20,55.125892639160156
2026-02-23,54.55902099609375
2026-02-24,55.00654983520508
2026-02-25,55.454078674316406
2026-02-26,55.2651252746582
2026-02-27,55.01649475097656
2026-03-02,54.996604919433594
2026-03-03,54.49934768676758
2026-03-04,54.74797821044922
2026-03-05,54.49934768676758
2026-03-06,53.8529167175293
2026-03-09,54.40983963012695
2026-03-10,54.1910514831543
2026-03-11,54.17116165161133
2026-03-12,52.98768615722656
2026-03-13,52.848453521728516
2026-03-16,53.305931091308594
2026-03-17,53.61423110961914
2026-03-18,52.758949279785156
2026-03-19,52.41086959838867
2026-03-20,51.118003845214844
2026-03-23,51.8241081237793
2026-03-24,51.8638916015625
2026-03-25,52.430763244628906
2026-03-26,51.39860153198242
2026-03-27,50.471153259277344
2026-03-30,50.60079574584961
2026-03-31,52.006927490234375
2026-04-01,52.20637893676758
2026-04-02,52.43574905395508
2026-04-06,52.59531021118164
2026-04-07,52.61525344848633
2026-04-08,53.75212860107422
2026-04-09,54.200889587402344
2026-04-10,54.09119415283203
2026-04-13,54.45020294189453
2026-04-14,55.377655029296875
2026-04-15,55.61699676513672
2026-04-16,55.67683410644531
2026-04-17,56.424774169921875
2026-04-20,56.44471740722656
2026-04-21,55.99595642089844
2026-04-22,56.4846076965332
2026-04-23,56.25524139404297
2026-04-24,56.684059143066406
2026-04-27,56.62422561645508
2026-04-28,56.384883880615234
2026-04-29,56.17546081542969
2026-04-30,56.86356735229492
2026-05-01,57.053043365478516
2026-05-04,56.72395324707031
2026-05-05,57.22257995605469
2026-05-06,58.06027603149414
2026-05-07,57.71123504638672
2026-05-08,58.249752044677734
2026-05-11,58.19989013671875
2026-05-12,58.15999984741211
2026-05-13,58.49906539916992
2026-05-14,58.87802505493164
2026-05-15,58.00043869018555
2026-05-18,57.960548400878906
2026-05-19,57.48186492919922
2026-05-20,58.18991470336914
2026-05-21,58.339508056640625
2026-05-22,58.53895950317383
2026-05-26,58.828163146972656
2026-05-27,58.94783401489258
2026-05-28,59.466407775878906
2026-05-29,59.62596893310547
2026-06-01,59.77555465698242
2026-06-02,59.835391998291016
2026-06-03,59.20711898803711
2026-06-04,59.6858024597168
2026-06-05,57.970523834228516
2026-06-08,58.19989013671875
2026-06-09,57.970523834228516
2026-06-10,56.983238220214844
2026-06-11,58.16997528076172
2026-06-12,58.479122161865234
2026-06-15,59.38662338256836
2026-06-16,59.187171936035156
2026-06-17,58.38936996459961
2026-06-18,59.0375862121582
2026-06-22,58.54893112182617
2026-06-23,58.03035354614258
2026-06-24,58.15999984741211
2026-06-25,58.0099983215332
2026-06-26,58.22999954223633
2026-06-29,58.84000015258789
2026-06-30,59.04999923706055
2026-07-01,58.91999816894531
2026-07-02,58.779998779296875
2026-07-06,59.380001068115234
2026-07-07,59.16999816894531
2026-07-08,58.7400016784668
2026-07-09,59.349998474121094
2026-07-10,59.2599983215332
2026-07-13,58.970001220703125
2026-07-14,59.130001068115234
2026-07-15,59.47999954223633
2026-07-16,59.18000030517578
2026-07-17,58.650001525878906
2026-07-20,58.470001220703125
2026-07-21,58.790000915527344
2026-07-22,58.79999923706055
2026-07-23,57.84000015258789
2026-07-24,57.810001373291016
2026-07-27,57.939998626708984
2026-07-28,58.33000183105469
2026-07-29,57.27000045776367
2026-07-30,58.06999969482422
2026-07-31,58.47999954223633
2026-08-03,59.40999984741211
2026-08-04,60.349998474121094
2026-08-05,60.470001220703125
2026-08-06,60.04999923706055
2026-08-07,60.599998474121094
2026-08-10,60.369998931884766
2026-08-11,60.22999954223633
2026-08-12,60.41999816894531
2026-08-13,60.88999938964844
2026-08-14,60.720001220703125
2026-08-17,60.380001068115234
2026-08-18,60.099998474121094
2026-08-19,60.08000183105469
2026-08-20,59.7400016784668
2026-08-21,59.810001373291016
2026-08-24,59.84000015258789
2026-08-25,60.060001373291016
2026-08-26,59.95000076293945
2026-08-27,60.4900016784668
2026-08-28,60.209999084472656
2026-08-31,60.040000915527344
2026-09-01,59.31999969482422
2026-09-02,59.790000915527344
2026-09-03,60.27000045776367
2026-09-04,60.20000076293945
2026-09-08,59.84000015258789
2026-09-09,59.349998474121094
2026-09-10,58.79999923706055
2026-09-11,59.439998626708984
2026-09-14,59.029998779296875
2026-09-15,58.900001525878906
2026-09-16,58.65999984741211
2026-09-17,59.400001525878906
2026-09-18,59.290000915527344
2026-09-21,60.2400016784668
2026-09-22,
