Date,DBMF
2019-05-08,16.375017166137695
2019-05-09,16.384183883666992
2019-05-10,16.386804580688477
2019-05-13,16.266963958740234
2019-05-14,16.359954833984375
2019-05-15,16.56427764892578
2019-05-16,16.742403030395508
2019-05-17,16.7947940826416
2019-05-20,16.686735153198242
2019-05-21,16.705074310302734
2019-05-22,16.715551376342773
2019-05-23,16.62386703491211
2019-05-24,16.6585750579834
2019-05-28,16.7627010345459
2019-05-29,16.69524574279785
2019-05-30,16.72995948791504
2019-05-31,16.59832763671875
2019-06-03,16.54004669189453
2019-06-04,16.567548751831055
2019-06-05,16.63041877746582
2019-06-06,16.607498168945312
2019-06-07,16.735849380493164
2019-06-10,16.65137481689453
2019-06-11,16.617324829101562
2019-06-12,16.690011978149414
2019-06-13,16.788894653320312
2019-06-14,16.868135452270508
2019-06-17,16.862895965576172
2019-06-18,16.991249084472656
2019-06-19,17.051502227783203
2019-06-20,17.022029876708984
2019-06-21,16.748292922973633
2019-06-24,16.79151725769043
2019-06-25,16.81771469116211
2019-06-26,16.640239715576172
2019-06-27,16.741865158081055
2019-06-28,16.820545196533203
2019-07-01,16.889385223388672
2019-07-02,17.043466567993164
2019-07-03,17.199504852294922
2019-07-05,17.029691696166992
2019-07-08,16.993633270263672
2019-07-09,16.974620819091797
2019-07-10,16.948392868041992
2019-07-11,16.806774139404297
2019-07-12,16.850048065185547
2019-07-15,16.938562393188477
2019-07-16,16.9320068359375
2019-07-17,16.99756622314453
2019-07-18,16.99756622314453
2019-07-19,16.987079620361328
2019-07-22,17.023792266845703
2019-07-23,17.129352569580078
2019-07-24,17.274904251098633
2019-07-25,17.12278938293457
2019-07-26,17.244089126586914
2019-07-29,17.219829559326172
2019-07-30,17.110992431640625
2019-07-31,17.188358306884766
2019-08-01,17.32604217529297
2019-08-02,17.195573806762695
2019-08-05,16.942489624023438
2019-08-06,17.208026885986328
2019-08-07,17.263105392456055
2019-08-08,17.43619155883789
2019-08-09,17.285398483276367
2019-08-12,17.531919479370117
2019-08-13,17.618465423583984
2019-08-14,17.868261337280273
2019-08-15,18.17706871032715
2019-08-16,18.125926971435547
2019-08-19,17.97579002380371
2019-08-20,18.056434631347656
2019-08-21,18.026926040649414
2019-08-22,17.929235458374023
2019-08-23,17.981687545776367
2019-08-26,18.082658767700195
2019-08-27,18.32000160217285
2019-08-28,18.38687515258789
2019-08-29,18.382287979125977
2019-08-30,18.474733352661133
2019-09-03,18.561279296875
2019-09-04,18.59799575805664
2019-09-05,18.240665435791016
2019-09-06,18.32590675354004
2019-09-09,18.007259368896484
2019-09-10,17.749588012695312
2019-09-11,17.82433319091797
2019-09-12,17.687963485717773
2019-09-13,17.345714569091797
2019-09-16,17.590925216674805
2019-09-17,17.609281539916992
2019-09-18,17.710250854492188
2019-09-19,17.72270965576172
2019-09-20,17.910221099853516
2019-09-23,17.965951919555664
2019-09-24,18.09511375427246
2019-09-25,18.013811111450195
2019-09-26,18.120025634765625
2019-09-27,18.099016189575195
2019-09-30,18.192276000976562
2019-10-01,18.18439292907715
2019-10-02,18.210660934448242
2019-10-03,18.31705665588379
2019-10-04,18.38536262512207
2019-10-07,18.300636291503906
2019-10-08,18.293413162231445
2019-10-09,18.25204086303711
2019-10-10,18.081281661987305
2019-10-11,17.974885940551758
2019-10-14,18.057636260986328
2019-10-15,17.976200103759766
2019-10-16,17.94270133972168
2019-10-17,17.871774673461914
2019-10-18,17.81463623046875
2019-10-21,17.765377044677734
2019-10-22,17.81332015991211
2019-10-23,17.838279724121094
2019-10-24,17.892133712768555
2019-10-25,17.878341674804688
2019-10-28,17.788366317749023
2019-10-29,17.788366317749023
2019-10-30,17.877683639526367
2019-10-31,17.986709594726562
2019-11-01,17.952550888061523
2019-11-04,17.932851791381836
2019-11-05,17.88031005859375
2019-11-06,17.939420700073242
2019-11-07,17.815948486328125
2019-11-08,17.804784774780273
2019-11-11,17.7982177734375
2019-11-12,17.857324600219727
2019-11-13,17.88425064086914
2019-11-14,17.909870147705078
2019-11-15,17.90329933166504
2019-11-18,17.909870147705078
2019-11-19,17.94270133972168
2019-11-20,17.96569061279297
2019-11-21,17.93219566345215
2019-11-22,18.005754470825195
2019-11-25,18.123310089111328
2019-11-26,18.1627197265625
2019-11-27,18.185707092285156
2019-11-29,18.117399215698242
2019-12-02,17.86060905456543
2019-12-03,17.953866958618164
2019-12-04,17.972257614135742
2019-12-05,17.89344596862793
2019-12-06,17.99196434020996
2019-12-09,17.968975067138672
2019-12-10,17.88687515258789
2019-12-11,17.942047119140625
2019-12-12,17.942047119140625
2019-12-13,18.115432739257812
2019-12-16,18.129880905151367
2019-12-17,18.096389770507812
2019-12-18,18.06749153137207
2019-12-19,18.097043991088867
2019-12-20,18.2178897857666
2019-12-23,18.205406188964844
2019-12-24,18.222482681274414
2019-12-26,18.30588722229004
2019-12-27,18.27655601501465
2019-12-30,18.11054801940918
2019-12-31,18.121997833251953
2020-01-02,18.360990524291992
2020-01-03,18.320920944213867
2020-01-06,18.357412338256836
2020-01-07,18.32878875732422
2020-01-08,18.334516525268555
2020-01-09,18.401777267456055
2020-01-10,18.40034294128418
2020-01-13,18.464744567871094
2020-01-14,18.4711856842041
2020-01-15,18.501237869262695
2020-01-16,18.602130889892578
2020-01-17,18.678695678710938
2020-01-21,18.622879028320312
2020-01-22,18.651500701904297
2020-01-23,18.70088005065918
2020-01-24,18.605709075927734
2020-01-27,18.367429733276367
2020-01-28,18.447572708129883
2020-01-29,18.559913635253906
2020-01-30,18.53630256652832
2020-01-31,18.303747177124023
2020-02-03,18.393905639648438
2020-02-04,18.461881637573242
2020-02-05,18.50052261352539
2020-02-06,18.60785675048828
2020-02-07,18.643630981445312
2020-02-10,18.819660186767578
2020-02-11,18.826810836791992
2020-02-12,18.89049530029297
2020-02-13,18.861160278320312
2020-02-14,18.92984962463379
2020-02-18,19.015718460083008
2020-02-19,19.15167236328125
2020-02-20,19.186019897460938
2020-02-21,19.169557571411133
2020-02-24,18.84469985961914
2020-02-25,18.50481414794922
2020-02-26,18.494083404541016
2020-02-27,18.01251792907715
2020-02-28,17.916635513305664
2020-03-02,18.282995223999023
2020-03-03,18.410364151000977
2020-03-04,18.67082405090332
2020-03-05,18.58853530883789
2020-03-06,18.750965118408203
2020-03-09,18.184968948364258
2020-03-10,18.365997314453125
2020-03-11,18.08693504333496
2020-03-12,17.380687713623047
2020-03-13,17.84937286376953
2020-03-16,17.802860260009766
2020-03-17,17.39499855041504
2020-03-18,17.185340881347656
2020-03-19,17.41718101501465
2020-03-20,17.68050193786621
2020-03-23,17.887300491333008
2020-03-24,18.114126205444336
2020-03-25,17.998207092285156
2020-03-26,18.090511322021484
2020-03-27,18.156389236450195
2020-03-30,18.25806427001953
2020-03-31,18.149940490722656
2020-04-01,18.171422958374023
2020-04-02,18.193626403808594
2020-04-03,18.081920623779297
2020-04-06,18.319639205932617
2020-04-07,18.1893253326416
2020-04-08,18.174287796020508
2020-04-09,18.250904083251953
2020-04-13,18.257349014282227
2020-04-14,18.316062927246094
2020-04-15,18.38265037536621
2020-04-16,18.441368103027344
2020-04-17,18.412012100219727
2020-04-20,18.507959365844727
2020-04-21,18.576698303222656
2020-04-22,18.671215057373047
2020-04-23,18.671215057373047
2020-04-24,18.742097854614258
2020-04-27,18.72062110900879
2020-04-28,18.777902603149414
2020-04-29,18.717039108276367
2020-04-30,18.552352905273438
2020-05-01,18.491491317749023
2020-05-04,18.491491317749023
2020-05-05,18.468576431274414
2020-05-06,18.409147262573242
2020-05-07,18.409147262573242
2020-05-08,18.409147262573242
2020-05-11,18.419889450073242
2020-05-12,18.41630744934082
2020-05-13,18.502229690551758
2020-05-14,18.495067596435547
2020-05-15,18.491491317749023
2020-05-18,18.17357063293457
2020-05-19,18.16068458557129
2020-05-20,18.079771041870117
2020-05-21,18.133474349975586
2020-05-22,18.20149803161621
2020-05-26,17.97952651977539
2020-05-27,18.063302993774414
2020-05-28,17.947303771972656
2020-05-29,17.97952651977539
2020-06-01,17.90792465209961
2020-06-02,17.779037475585938
2020-06-03,17.56279945373535
2020-06-04,17.492626190185547
2020-06-05,17.492626190185547
2020-06-08,17.592872619628906
2020-06-09,17.57855224609375
2020-06-10,17.62150764465332
2020-06-11,17.571393966674805
2020-06-12,17.592872619628906
2020-06-15,17.592872619628906
2020-06-16,17.557069778442383
2020-06-17,17.48618507385254
2020-06-18,17.42818260192871
2020-06-19,17.523414611816406
2020-06-22,17.57855224609375
2020-06-23,17.535587310791016
2020-06-24,17.47329330444336
2020-06-25,17.52484893798828
2020-06-26,17.549909591674805
2020-06-29,17.5649471282959
2020-06-30,17.642993927001953
2020-07-01,17.529146194458008
2020-07-02,17.53917121887207
2020-07-06,17.656599044799805
2020-07-07,17.71674346923828
2020-07-08,17.74681854248047
2020-07-09,17.811262130737305
2020-07-10,17.779037475585938
2020-07-13,17.714595794677734
2020-07-14,17.74681854248047
2020-07-15,17.82200050354004
2020-07-16,17.753978729248047
2020-07-17,17.761138916015625
2020-07-20,17.805532455444336
2020-07-21,17.9387149810791
2020-07-22,17.997426986694336
2020-07-23,18.061161041259766
2020-07-24,18.06903076171875
2020-07-27,18.162111282348633
2020-07-28,18.205078125
2020-07-29,18.255916595458984
2020-07-30,18.263078689575195
2020-07-31,18.271665573120117
2020-08-03,18.374059677124023
2020-08-04,18.558794021606445
2020-08-05,18.584575653076172
2020-08-06,18.584575653076172
2020-08-07,18.387662887573242
2020-08-10,18.355445861816406
2020-08-11,18.019624710083008
2020-08-12,17.983827590942383
2020-08-13,17.95589828491211
2020-08-14,17.943723678588867
2020-08-17,18.079771041870117
2020-08-18,18.192907333374023
2020-08-19,17.972368240356445
2020-08-20,18.03824234008789
2020-08-21,18.03322982788086
2020-08-24,18.053279876708984
2020-08-25,18.04397201538086
2020-08-26,18.108409881591797
2020-08-27,17.990983963012695
2020-08-28,18.112709045410156
2020-08-31,18.15495491027832
2020-09-01,18.215816497802734
2020-09-02,18.312484741210938
2020-09-03,18.183597564697266
2020-09-04,18.031082153320312
2020-09-08,17.965208053588867
2020-09-09,18.022493362426758
2020-09-10,17.990983963012695
2020-09-11,17.997426986694336
2020-09-14,18.13060760498047
2020-09-15,18.079771041870117
2020-09-16,17.9115047454834
2020-09-17,17.85494041442871
2020-09-18,17.826297760009766
2020-09-21,17.663755416870117
2020-09-22,17.637266159057617
2020-09-23,17.479021072387695
2020-09-24,17.426040649414062
2020-09-25,17.41314697265625
2020-09-28,17.657312393188477
2020-09-29,17.683090209960938
2020-09-30,17.60934066772461
2020-10-01,17.71245002746582
2020-10-02,17.714595794677734
2020-10-05,17.647289276123047
2020-10-06,17.560649871826172
2020-10-07,17.563514709472656
2020-10-08,17.56422996520996
2020-10-09,17.7303466796875
2020-10-12,17.850645065307617
2020-10-13,17.7675838470459
2020-10-14,17.667339324951172
2020-10-15,17.5649471282959
2020-10-16,17.678794860839844
2020-10-19,17.542034149169922
2020-10-20,17.617931365966797
2020-10-21,17.7890625
2020-10-22,17.786197662353516
2020-10-23,17.852794647216797
2020-10-26,17.714595794677734
2020-10-27,17.706003189086914
2020-10-28,17.650869369506836
2020-10-29,17.677364349365234
2020-10-30,17.60791015625
2020-11-02,17.61077117919922
2020-11-03,17.649436950683594
2020-11-04,17.60003089904785
2020-11-05,17.87498664855957
2020-11-06,18.02177619934082
2020-11-09,17.722471237182617
2020-11-10,17.658029556274414
2020-11-11,17.647289276123047
2020-11-12,17.653730392456055
2020-11-13,17.841333389282227
2020-11-16,17.847780227661133
2020-11-17,17.90792465209961
2020-11-18,17.893600463867188
2020-11-19,17.886444091796875
2020-11-20,17.890026092529297
2020-11-23,17.798370361328125
2020-11-24,17.900049209594727
2020-11-25,17.85422134399414
2020-11-27,17.98024559020996
2020-11-30,17.7360782623291
2020-12-01,17.951601028442383
2020-12-02,17.91508674621582
2020-12-03,18.033946990966797
2020-12-04,18.054710388183594
2020-12-07,18.01747703552246
2020-12-08,18.006023406982422
2020-12-09,17.961627960205078
2020-12-10,18.142780303955078
2020-12-11,18.036094665527344
2020-12-14,18.027502059936523
2020-12-15,18.229421615600586
2020-12-16,18.328950881958008
2020-12-17,18.456401824951172
2020-12-18,18.407712936401367
2020-12-21,18.19934844970703
2020-12-22,18.034664154052734
2020-12-23,18.20794105529785
2020-12-24,18.139202117919922
2020-12-28,18.194337844848633
2020-12-29,18.337968826293945
2020-12-30,18.535011291503906
2020-12-31,18.44839859008789
2021-01-04,18.47654914855957
2021-01-05,18.94425392150879
2021-01-06,18.820112228393555
2021-01-07,18.752986907958984
2021-01-08,18.949308395385742
2021-01-11,18.679363250732422
2021-01-12,18.842485427856445
2021-01-13,18.771751403808594
2021-01-14,18.90311622619629
2021-01-15,18.560274124145508
2021-01-19,18.789798736572266
2021-01-20,19.04530143737793
2021-01-21,19.092939376831055
2021-01-22,18.919713973999023
2021-01-25,18.958690643310547
2021-01-26,18.859806060791016
2021-01-27,18.59275245666504
2021-01-28,18.701017379760742
2021-01-29,18.426748275756836
2021-02-01,18.641834259033203
2021-02-02,18.761646270751953
2021-02-03,18.916828155517578
2021-02-04,18.891565322875977
2021-02-05,19.09726905822754
2021-02-08,19.1954288482666
2021-02-09,19.326793670654297
2021-02-10,19.328235626220703
2021-02-11,19.401132583618164
2021-02-12,19.60683822631836
2021-02-16,19.740365982055664
2021-02-17,19.660247802734375
2021-02-18,19.53105354309082
2021-02-19,19.64653778076172
2021-02-22,19.740365982055664
2021-02-23,19.807491302490234
2021-02-24,19.91503143310547
2021-02-25,19.863067626953125
2021-02-26,19.2452335357666
2021-03-01,19.49063491821289
2021-03-02,19.393918991088867
2021-03-03,19.52744483947754
2021-03-04,19.592405319213867
2021-03-05,19.783672332763672
2021-03-08,19.562089920043945
2021-03-09,19.629209518432617
2021-03-10,19.69561767578125
2021-03-11,20.030517578125
2021-03-12,20.13228416442871
2021-03-15,20.0882568359375
2021-03-16,20.078155517578125
2021-03-17,20.23189353942871
2021-03-18,19.835636138916016
2021-03-19,19.95111846923828
2021-03-22,19.87677574157715
2021-03-23,19.450937271118164
2021-03-24,19.416290283203125
2021-03-25,19.469703674316406
2021-03-26,19.774288177490234
2021-03-29,19.827699661254883
2021-03-30,19.68406867980957
2021-03-31,19.8067684173584
2021-04-01,19.834197998046875
2021-04-05,20.014636993408203
2021-04-06,19.956892013549805
2021-04-07,19.93596839904785
2021-04-08,19.950401306152344
2021-04-09,20.00092124938965
2021-04-12,19.995147705078125
2021-04-13,20.00741958618164
2021-04-14,20.106304168701172
2021-04-15,20.086091995239258
2021-04-16,20.195077896118164
2021-04-19,20.473682403564453
2021-04-20,19.9727725982666
2021-04-21,20.06083106994629
2021-04-22,19.958337783813477
2021-04-23,20.22539710998535
2021-04-26,20.179920196533203
2021-04-27,20.310562133789062
2021-04-28,20.315614700317383
2021-04-29,20.434707641601562
2021-04-30,20.25137710571289
2021-05-03,20.341598510742188
2021-05-04,20.184974670410156
2021-05-05,20.411609649658203
2021-05-06,20.33221435546875
2021-05-07,20.613706588745117
2021-05-10,20.592052459716797
2021-05-11,20.408723831176758
2021-05-12,20.115684509277344
2021-05-13,20.13011932373047
2021-05-14,20.620920181274414
2021-05-17,20.64979362487793
2021-05-18,20.628141403198242
2021-05-19,20.312728881835938
2021-05-20,20.40439224243164
2021-05-21,20.459247589111328
2021-05-24,20.662065505981445
2021-05-25,20.6837158203125
2021-05-26,20.685882568359375
2021-05-27,20.84467124938965
2021-05-28,20.83673095703125
2021-06-01,20.625253677368164
2021-06-02,20.79775619506836
2021-06-03,20.71042251586914
2021-06-04,20.83024024963379
2021-06-07,20.779712677001953
2021-06-08,20.81940460205078
2021-06-09,20.982526779174805
2021-06-10,20.911794662475586
2021-06-11,20.86488151550293
2021-06-14,20.859106063842773
2021-06-15,21.015729904174805
2021-06-16,20.73207664489746
2021-06-17,20.449865341186523
2021-06-18,20.284576416015625
2021-06-21,20.50543785095215
2021-06-22,20.588443756103516
2021-06-23,20.548744201660156
2021-06-24,20.725582122802734
2021-06-25,20.693098068237305
2021-06-28,20.553077697753906
2021-06-29,20.56390380859375
2021-06-30,20.56534767150879
2021-07-01,20.718360900878906
2021-07-02,20.877151489257812
2021-07-06,20.646907806396484
2021-07-07,20.591331481933594
2021-07-08,20.426767349243164
2021-07-09,20.610097885131836
2021-07-12,20.750843048095703
2021-07-13,20.644020080566406
2021-07-14,20.67072296142578
2021-07-15,20.551631927490234
2021-07-16,20.512659072875977
2021-07-19,19.956892013549805
2021-07-20,20.133007049560547
2021-07-21,20.494613647460938
2021-07-22,20.584835052490234
2021-07-23,20.696706771850586
2021-07-26,20.714752197265625
2021-07-27,20.581226348876953
2021-07-28,20.682273864746094
2021-07-29,20.703927993774414
2021-07-30,20.717641830444336
2021-08-02,20.685882568359375
2021-08-03,20.678665161132812
2021-08-04,20.444808959960938
2021-08-05,20.50615882873535
2021-08-06,20.32355499267578
2021-08-09,20.036291122436523
2021-08-10,20.17775535583496
2021-08-11,20.177034378051758
2021-08-12,20.244884490966797
2021-08-13,20.268699645996094
2021-08-16,20.408723831176758
2021-08-17,20.136615753173828
2021-08-18,19.860902786254883
2021-08-19,19.97494125366211
2021-08-20,20.078874588012695
2021-08-23,20.28746795654297
2021-08-24,20.238388061523438
2021-08-25,20.293964385986328
2021-08-26,20.213123321533203
2021-08-27,20.33221435546875
2021-08-30,20.361083984375
2021-08-31,20.16982078552246
2021-09-01,20.65412139892578
2021-09-02,20.34737205505371
2021-09-03,20.418827056884766
2021-09-07,20.441200256347656
2021-09-08,20.37552261352539
2021-09-09,20.44336700439453
2021-09-10,20.139501571655273
2021-09-13,20.29107666015625
2021-09-14,20.271589279174805
2021-09-15,20.395009994506836
2021-09-16,20.473682403564453
2021-09-17,20.182085037231445
2021-09-20,20.03412628173828
2021-09-21,20.00381088256836
2021-09-22,20.176311492919922
2021-09-23,20.20229721069336
2021-09-24,20.20446014404297
2021-09-27,20.105579376220703
2021-09-28,19.90998077392578
2021-09-29,20.06515884399414
2021-09-30,20.14238929748535
2021-10-01,20.086814880371094
2021-10-04,19.959781646728516
2021-10-05,20.080318450927734
2021-10-06,20.07238006591797
2021-10-07,20.05361557006836
2021-10-08,20.187862396240234
2021-10-11,20.256433486938477
2021-10-12,20.167652130126953
2021-10-13,20.223947525024414
2021-10-14,20.388513565063477
2021-10-15,20.55596351623535
2021-10-18,20.42604637145996
2021-10-19,20.583389282226562
2021-10-20,20.65484619140625
2021-10-21,20.72991180419922
2021-10-22,20.701038360595703
2021-10-25,20.779712677001953
2021-10-26,20.789817810058594
2021-10-27,20.672168731689453
2021-10-28,20.664228439331055
2021-10-29,20.981809616088867
2021-11-01,21.014286041259766
2021-11-02,20.937780380249023
2021-11-03,20.783321380615234
2021-11-04,20.613706588745117
2021-11-05,20.913240432739258
2021-11-08,20.867769241333008
2021-11-09,21.017894744873047
2021-11-10,20.956544876098633
2021-11-11,20.952938079833984
2021-11-12,20.98902702331543
2021-11-15,21.06842041015625
2021-11-16,21.173072814941406
2021-11-17,20.876428604125977
2021-11-18,21.003461837768555
2021-11-19,20.70753288269043
2021-11-22,20.892311096191406
2021-11-23,21.12255096435547
2021-11-24,21.06481170654297
2021-11-26,20.195077896118164
2021-11-29,20.12651252746582
2021-11-30,20.483787536621094
2021-12-01,19.86667251586914
2021-12-02,19.8652286529541
2021-12-03,19.96050453186035
2021-12-06,19.97494125366211
2021-12-07,20.274473190307617
2021-12-08,20.33582305908203
2021-12-09,20.238388061523438
2021-12-10,20.241994857788086
2021-12-13,20.24560546875
2021-12-14,20.28169059753418
2021-12-15,20.38995933532715
2021-12-16,20.397174835205078
2021-12-17,20.26942253112793
2021-12-20,20.21168327331543
2021-12-21,20.343040466308594
2021-12-22,20.170541763305664
2021-12-23,20.326438903808594
2021-12-27,20.513376235961914
2021-12-28,20.823017120361328
2021-12-29,20.38995933532715
2021-12-30,20.602846145629883
2021-12-31,20.568559646606445
2022-01-03,20.754331588745117
2022-01-04,20.596464157104492
2022-01-05,20.555004119873047
2022-01-06,20.64270782470703
2022-01-07,20.770278930664062
2022-01-10,20.46012306213379
2022-01-11,20.45693016052246
2022-01-12,20.360456466674805
2022-01-13,20.21135711669922
2022-01-14,20.49440574645996
2022-01-18,20.81014633178711
2022-01-19,20.754331588745117
2022-01-20,20.81014633178711
2022-01-21,20.53905487060547
2022-01-24,20.444177627563477
2022-01-25,20.650680541992188
2022-01-26,20.77825164794922
2022-01-27,20.770278930664062
2022-01-28,20.929746627807617
2022-01-31,20.650680541992188
2022-02-01,20.658653259277344
2022-02-02,20.684968948364258
2022-02-03,20.706493377685547
2022-02-04,20.93771743774414
2022-02-07,20.698522567749023
2022-02-08,20.62676239013672
2022-02-09,20.802173614501953
2022-02-10,20.850011825561523
2022-02-11,21.30448341369629
2022-02-14,21.360300064086914
2022-02-15,21.033395767211914
2022-02-16,21.009479522705078
2022-02-17,20.794198989868164
2022-02-18,20.81014633178711
2022-02-22,20.961637496948242
2022-02-23,21.08921241760254
2022-02-24,21.40016746520996
2022-02-25,21.36827278137207
2022-02-28,21.29252815246582
2022-03-01,21.73504066467285
2022-03-02,21.927993774414062
2022-03-03,21.87856101989746
2022-03-04,21.75098991394043
2022-03-07,22.413564682006836
2022-03-08,22.667909622192383
2022-03-09,22.17357063293457
2022-03-10,22.352964401245117
2022-03-11,22.484527587890625
2022-03-14,22.380876541137695
2022-03-15,22.14965057373047
2022-03-16,21.862613677978516
2022-03-17,22.03244400024414
2022-03-18,22.03802490234375
2022-03-21,22.7061824798584
2022-03-22,23.218063354492188
2022-03-23,23.441316604614258
2022-03-24,23.162250518798828
2022-03-25,23.438922882080078
2022-03-28,23.302579879760742
2022-03-29,23.171024322509766
2022-03-30,23.058603286743164
2022-03-31,22.797876358032227
2022-04-01,23.002784729003906
2022-04-04,23.271482467651367
2022-04-05,23.5369930267334
2022-04-06,23.513071060180664
2022-04-07,23.60955047607422
2022-04-08,23.800111770629883
2022-04-11,23.951601028442383
2022-04-12,24.085552215576172
2022-04-13,24.27850341796875
2022-04-14,24.47783851623535
2022-04-18,24.73297691345215
2022-04-19,24.98174285888672
2022-04-20,24.557565689086914
2022-04-21,24.892440795898438
2022-04-22,24.828659057617188
2022-04-25,24.54959487915039
2022-04-26,24.565542221069336
2022-04-27,24.79676628112793
2022-04-28,25.287120819091797
2022-04-29,25.21137237548828
2022-05-02,25.76152801513672
2022-05-03,25.29907989501953
2022-05-04,25.02480125427246
2022-05-05,25.4505672454834
2022-05-06,25.8253116607666
2022-05-09,25.490436553955078
2022-05-10,25.259212493896484
2022-05-11,25.400341033935547
2022-05-12,25.28951072692871
2022-05-13,25.618009567260742
2022-05-16,25.777475357055664
2022-05-17,25.434621810913086
2022-05-18,25.434621810913086
2022-05-19,25.21137237548828
2022-05-20,25.171504974365234
2022-05-23,25.067853927612305
2022-05-24,24.844606399536133
2022-05-25,24.90839195251465
2022-05-26,24.932308197021484
2022-05-27,24.820688247680664
2022-05-31,24.964202880859375
2022-06-01,25.394756317138672
2022-06-02,25.307050704956055
2022-06-03,25.625980377197266
2022-06-06,25.817338943481445
2022-06-07,25.737606048583984
2022-06-08,26.07248306274414
2022-06-09,26.168167114257812
2022-06-10,26.22397232055664
2022-06-13,26.574800491333008
2022-06-14,26.558849334716797
2022-06-15,26.080455780029297
2022-06-16,26.016672134399414
2022-06-17,26.03261947631836
2022-06-21,26.28775978088379
2022-06-22,25.84922981262207
2022-06-23,25.570167541503906
2022-06-24,25.514360427856445
2022-06-27,25.689769744873047
2022-06-28,25.920989990234375
2022-06-29,26.040590286254883
2022-06-30,25.83328628540039
2022-07-01,25.64192771911621
2022-07-05,25.578144073486328
2022-07-06,25.60206413269043
2022-07-07,25.681795120239258
2022-07-08,25.76152801513672
2022-07-11,25.936941146850586
2022-07-12,25.673824310302734
2022-07-13,25.8253116607666
2022-07-14,26.016672134399414
2022-07-15,25.817338943481445
2022-07-18,25.98477554321289
2022-07-19,25.76152801513672
2022-07-20,25.881122589111328
2022-07-21,25.50638198852539
2022-07-22,25.251235961914062
2022-07-25,25.370840072631836
2022-07-26,25.60206413269043
2022-07-27,25.330968856811523
2022-07-28,25.051908493041992
2022-07-29,24.90839195251465
2022-08-01,24.613380432128906
2022-08-02,24.90839195251465
2022-08-03,25.051908493041992
2022-08-04,24.669193267822266
2022-08-05,24.95623016357422
2022-08-08,25.09177589416504
2022-08-09,25.09177589416504
2022-08-10,24.693113327026367
2022-08-11,24.860551834106445
2022-08-12,24.73297691345215
2022-08-15,24.83662986755371
2022-08-16,24.860551834106445
2022-08-17,24.932308197021484
2022-08-18,25.1475887298584
2022-08-19,25.378812789916992
2022-08-22,25.434621810913086
2022-08-23,25.458547592163086
2022-08-24,25.434621810913086
2022-08-25,25.21934700012207
2022-08-26,25.338943481445312
2022-08-29,25.4505672454834
2022-08-30,25.56219482421875
2022-08-31,25.58611488342285
2022-09-01,25.992746353149414
2022-09-02,25.96883201599121
2022-09-06,26.3037052154541
2022-09-07,26.120323181152344
2022-09-08,26.22397232055664
2022-09-09,26.136268615722656
2022-09-12,25.88909912109375
2022-09-13,26.28775978088379
2022-09-14,26.255868911743164
2022-09-15,26.319652557373047
2022-09-16,26.23992156982422
2022-09-19,26.3037052154541
2022-09-20,26.487096786499023
2022-09-21,26.6306095123291
2022-09-22,26.686424255371094
2022-09-23,26.981430053710938
2022-09-26,27.364147186279297
2022-09-27,27.555509567260742
2022-09-28,26.965482711791992
2022-09-29,26.997379302978516
2022-09-30,27.061161041259766
2022-10-03,26.742233276367188
2022-10-04,26.247892379760742
2022-10-05,26.50303840637207
2022-10-06,26.806020736694336
2022-10-07,27.085084915161133
2022-10-10,27.30036735534668
2022-10-11,27.364147186279297
2022-10-12,27.30036735534668
2022-10-13,27.276439666748047
2022-10-14,27.555509567260742
2022-10-17,27.212656021118164
2022-10-18,27.1090030670166
2022-10-19,27.5873966217041
2022-10-20,27.738889694213867
2022-10-21,27.451852798461914
2022-10-24,27.603343963623047
2022-10-25,27.2604923248291
2022-10-26,26.88575553894043
2022-10-27,26.957509994506836
2022-10-28,27.124950408935547
2022-10-31,27.324281692504883
2022-11-01,27.156843185424805
2022-11-02,27.396041870117188
2022-11-03,27.563474655151367
2022-11-04,27.244544982910156
2022-11-07,27.276439666748047
2022-11-08,26.869808197021484
2022-11-09,26.965482711791992
2022-11-10,25.91301918029785
2022-11-11,25.52233123779297
2022-11-14,25.618009567260742
2022-11-15,25.362863540649414
2022-11-16,25.179481506347656
2022-11-17,25.370840072631836
2022-11-18,25.498411178588867
2022-11-21,25.633955001831055
2022-11-22,25.46651840209961
2022-11-23,25.171504974365234
2022-11-25,25.1475887298584
2022-11-28,25.24326515197754
2022-11-29,25.29907989501953
2022-11-30,24.90839195251465
2022-12-01,24.645273208618164
2022-12-02,24.565542221069336
2022-12-05,24.812713623046875
2022-12-06,24.79676628112793
2022-12-07,24.589462280273438
2022-12-08,24.565542221069336
2022-12-09,24.748926162719727
2022-12-12,24.717031478881836
2022-12-13,24.517698287963867
2022-12-14,24.469865798950195
2022-12-15,24.461889266967773
2022-12-16,24.637300491333008
2022-12-19,24.62932777404785
2022-12-20,24.788793563842773
2022-12-21,24.685138702392578
2022-12-22,24.852577209472656
2022-12-23,24.828659057617188
2022-12-27,24.86852264404297
2022-12-28,25.08075523376465
2022-12-29,24.943279266357422
2022-12-30,25.012012481689453
2023-01-03,24.95186996459961
2023-01-04,24.76283836364746
2023-01-05,24.805801391601562
2023-01-06,24.48788833618164
2023-01-09,24.46211051940918
2023-01-10,24.573808670043945
2023-01-11,24.419151306152344
2023-01-12,24.367597579956055
2023-01-13,24.401962280273438
2023-01-17,24.470703125
2023-01-18,24.30745506286621
2023-01-19,24.470703125
2023-01-20,24.453519821166992
2023-01-23,24.453519821166992
2023-01-24,24.444929122924805
2023-01-25,24.427743911743164
2023-01-26,24.470703125
2023-01-27,24.419151306152344
2023-01-30,24.419151306152344
2023-01-31,24.204347610473633
2023-02-01,24.298860549926758
2023-02-02,24.16138458251953
2023-02-03,24.178565979003906
2023-02-06,24.264490127563477
2023-02-07,24.427743911743164
2023-02-08,24.238710403442383
2023-02-09,24.384780883789062
2023-02-10,24.290266036987305
2023-02-13,24.401962280273438
2023-02-14,24.573808670043945
2023-02-15,24.53084945678711
2023-02-16,24.59099578857422
2023-02-17,24.522260665893555
2023-02-21,24.548032760620117
2023-02-22,24.46211051940918
2023-02-23,24.341821670532227
2023-02-24,24.479297637939453
2023-02-27,24.608179092407227
2023-02-28,24.384780883789062
2023-03-01,24.5824031829834
2023-03-02,24.67691421508789
2023-03-03,24.53084945678711
2023-03-06,24.685510635375977
2023-03-07,24.3590030670166
2023-03-08,24.427743911743164
2023-03-09,24.21293830871582
2023-03-10,23.4740047454834
2023-03-13,22.760848999023438
2023-03-14,23.250606536865234
2023-03-15,22.417160034179688
2023-03-16,22.692106246948242
2023-03-17,22.253902435302734
2023-03-20,22.528858184814453
2023-03-21,22.769441604614258
2023-03-22,22.417160034179688
2023-03-23,22.305458068847656
2023-03-24,22.082061767578125
2023-03-27,22.640560150146484
2023-03-28,22.63196563720703
2023-03-29,22.769441604614258
2023-03-30,22.7866268157959
2023-03-31,22.59759521484375
2023-04-03,22.46870994567871
2023-04-04,22.348421096801758
2023-04-05,22.21094512939453
2023-04-06,22.20235252380371
2023-04-10,22.442934036254883
2023-04-11,22.46870994567871
2023-04-12,22.571821212768555
2023-04-13,22.640560150146484
2023-04-14,22.769441604614258
2023-04-17,22.898324966430664
2023-04-18,22.924100875854492
2023-04-19,22.889734268188477
2023-04-20,22.855361938476562
2023-04-21,22.855361938476562
2023-04-24,22.889734268188477
2023-04-25,22.614776611328125
2023-04-26,22.65774154663086
2023-04-27,22.825292587280273
2023-04-28,22.820993423461914
2023-05-01,23.044391632080078
2023-05-02,22.872549057006836
2023-05-03,22.7866268157959
2023-05-04,22.71788787841797
2023-05-05,22.838172912597656
2023-05-08,22.855361938476562
2023-05-09,22.95846939086914
2023-05-10,22.760848999023438
2023-05-11,22.70929527282715
2023-05-12,22.838172912597656
2023-05-15,22.9842472076416
2023-05-16,22.86395263671875
2023-05-17,22.9412841796875
2023-05-18,22.949874877929688
2023-05-19,23.001432418823242
2023-05-22,23.052982330322266
2023-05-23,23.001432418823242
2023-05-24,22.855361938476562
2023-05-25,22.949874877929688
2023-05-26,23.044391632080078
2023-05-30,23.07876205444336
2023-05-31,22.949874877929688
2023-06-01,22.915508270263672
2023-06-02,22.975650787353516
2023-06-05,22.889734268188477
2023-06-06,22.9412841796875
2023-06-07,23.01861572265625
2023-06-08,22.95846939086914
2023-06-09,23.06157684326172
2023-06-12,23.199052810668945
2023-06-13,23.267789840698242
2023-06-14,23.18186378479004
2023-06-15,23.259197235107422
2023-06-16,23.48259925842285
2023-06-20,23.405263900756836
2023-06-21,23.44822883605957
2023-06-22,23.628664016723633
2023-06-23,23.628664016723633
2023-06-26,23.654443740844727
2023-06-27,23.731775283813477
2023-06-28,23.80051040649414
2023-06-29,23.809101104736328
2023-06-30,23.740360260009766
2023-07-03,23.774734497070312
2023-07-05,23.7833251953125
2023-07-06,23.80051040649414
2023-07-07,23.611478805541992
2023-07-10,23.559926986694336
2023-07-11,23.542743682861328
2023-07-12,23.32793426513672
2023-07-13,23.259197235107422
2023-07-14,23.43104362487793
2023-07-17,23.491186141967773
2023-07-18,23.525556564331055
2023-07-19,23.499778747558594
2023-07-20,23.585702896118164
2023-07-21,23.611478805541992
2023-07-24,23.602886199951172
2023-07-25,23.55133628845215
2023-07-26,23.585702896118164
2023-07-27,23.585702896118164
2023-07-28,23.697402954101562
2023-07-31,23.654443740844727
2023-08-01,23.817691802978516
2023-08-02,23.826284408569336
2023-08-03,23.90361785888672
2023-08-04,23.66303253173828
2023-08-07,23.7833251953125
2023-08-08,23.7833251953125
2023-08-09,23.774734497070312
2023-08-10,23.860658645629883
2023-08-11,24.006725311279297
2023-08-14,23.920799255371094
2023-08-15,23.90361785888672
2023-08-16,23.912206649780273
2023-08-17,23.912206649780273
2023-08-18,23.920799255371094
2023-08-21,24.05827522277832
2023-08-22,23.989540100097656
2023-08-23,23.731775283813477
2023-08-24,23.7833251953125
2023-08-25,23.87784194946289
2023-08-28,23.84347152709961
2023-08-29,23.714588165283203
2023-08-30,23.834877014160156
2023-08-31,23.731775283813477
2023-09-01,23.817691802978516
2023-09-05,24.04109001159668
2023-09-06,24.066865921020508
2023-09-07,23.90361785888672
2023-09-08,24.015317916870117
2023-09-11,24.084054946899414
2023-09-12,24.144197463989258
2023-09-13,24.118423461914062
2023-09-14,24.273080825805664
2023-09-15,24.324636459350586
2023-09-18,24.324636459350586
2023-09-19,24.401962280273438
2023-09-20,24.298860549926758
2023-09-21,24.453519821166992
2023-09-22,24.376192092895508
2023-09-25,24.539440155029297
2023-09-26,24.64255142211914
2023-09-27,24.857357025146484
2023-09-28,24.831579208374023
2023-09-29,24.831579208374023
2023-10-02,24.891721725463867
2023-10-03,25.029199600219727
2023-10-04,24.70269775390625
2023-10-05,24.67691421508789
2023-10-06,24.857357025146484
2023-10-09,24.625364303588867
2023-10-10,24.659732818603516
2023-10-11,24.48788833618164
2023-10-12,24.66832733154297
2023-10-13,24.573808670043945
2023-10-16,24.745655059814453
2023-10-17,25.054977416992188
2023-10-18,24.943279266357422
2023-10-19,25.02060890197754
2023-10-20,24.857357025146484
2023-10-23,24.67691421508789
2023-10-24,24.59099578857422
2023-10-25,24.82298469543457
2023-10-26,24.659732818603516
2023-10-27,24.659732818603516
2023-10-30,24.59099578857422
2023-10-31,24.737064361572266
2023-11-01,24.479297637939453
2023-11-02,24.290266036987305
2023-11-03,23.980947494506836
2023-11-06,24.101238250732422
2023-11-07,24.032499313354492
2023-11-08,23.980947494506836
2023-11-09,24.204347610473633
2023-11-10,24.238710403442383
2023-11-13,24.264490127563477
2023-11-14,23.705991744995117
2023-11-15,23.886430740356445
2023-11-16,23.680217742919922
2023-11-17,23.620071411132812
2023-11-20,23.542743682861328
2023-11-21,23.55133628845215
2023-11-22,23.74895477294922
2023-11-24,23.714588165283203
2023-11-27,23.559926986694336
2023-11-28,23.42245101928711
2023-11-29,23.302160263061523
2023-11-30,23.44822883605957
2023-12-01,23.121723175048828
2023-12-04,23.293567657470703
2023-12-05,23.104536056518555
2023-12-06,23.121723175048828
2023-12-07,22.915508270263672
2023-12-08,23.164682388305664
2023-12-11,23.276382446289062
2023-12-12,23.14750099182129
2023-12-13,22.9842472076416
2023-12-14,22.752254486083984
2023-12-15,22.889734268188477
2023-12-18,22.872549057006836
2023-12-19,22.872549057006836
2023-12-20,22.846769332885742
2023-12-21,22.7866268157959
2023-12-22,22.855361938476562
2023-12-26,22.812402725219727
2023-12-27,22.8300838470459
2023-12-28,22.803560256958008
2023-12-29,22.777034759521484
2024-01-02,22.8300838470459
2024-01-03,22.777034759521484
2024-01-04,22.953876495361328
2024-01-05,22.874296188354492
2024-01-08,23.01576805114746
2024-01-09,23.042295455932617
2024-01-10,23.254501342773438
2024-01-11,23.059980392456055
2024-01-12,23.06882095336914
2024-01-16,23.210290908813477
2024-01-17,23.254501342773438
2024-01-18,23.28986930847168
2024-01-19,23.325239181518555
2024-01-22,23.413660049438477
2024-01-23,23.413660049438477
2024-01-24,23.334083557128906
2024-01-25,23.351764678955078
2024-01-26,23.47555160522461
2024-01-29,23.5020809173584
2024-01-30,23.510923385620117
2024-01-31,23.334083557128906
2024-02-01,23.555131912231445
2024-02-02,23.696603775024414
2024-02-05,23.590497970581055
2024-02-06,23.59934425354004
2024-02-07,23.617029190063477
2024-02-08,23.7054443359375
2024-02-09,23.776180267333984
2024-02-12,23.731971740722656
2024-02-13,23.59934425354004
2024-02-14,23.731971740722656
2024-02-15,23.882286071777344
2024-02-16,23.82923698425293
2024-02-20,23.652393341064453
2024-02-21,23.78502082824707
2024-02-22,24.014915466308594
2024-02-23,24.076812744140625
2024-02-26,24.059125900268555
2024-02-27,24.138702392578125
2024-02-28,24.085651397705078
2024-02-29,24.18291473388672
2024-03-01,24.377439498901367
2024-03-04,24.43049430847168
2024-03-05,24.209440231323242
2024-03-06,24.306703567504883
2024-03-07,24.386280059814453
2024-03-08,24.094493865966797
2024-03-11,23.97954750061035
2024-03-12,24.059125900268555
2024-03-13,24.35975456237793
2024-03-14,24.44817543029785
2024-03-15,24.563121795654297
2024-03-18,24.713438034057617
2024-03-19,24.907960891723633
2024-03-20,25.09364128112793
2024-03-21,25.243953704833984
2024-03-22,25.146692276000977
2024-03-25,25.173221588134766
2024-03-26,25.108314514160156
2024-03-27,25.143878936767578
2024-03-28,25.499521255493164
2024-04-01,25.75735855102539
2024-04-02,25.668453216552734
2024-04-03,25.686233520507812
2024-04-04,25.383934020996094
2024-04-05,25.748470306396484
2024-04-08,25.890727996826172
2024-04-09,25.739580154418945
2024-04-10,26.228586196899414
2024-04-11,26.388626098632812
2024-04-12,26.024093627929688
2024-04-15,26.353059768676758
2024-04-16,26.290822982788086
2024-04-17,25.890727996826172
2024-04-18,25.979639053344727
2024-04-19,26.015201568603516
2024-04-22,25.988529205322266
2024-04-23,26.193021774291992
2024-04-24,26.210803985595703
2024-04-25,26.219696044921875
2024-04-26,26.85984992980957
2024-04-29,26.48642921447754
2024-04-30,26.610904693603516
2024-05-01,26.361953735351562
2024-05-02,25.846271514892578
2024-05-03,25.766252517700195
2024-05-06,25.92629051208496
2024-05-07,26.07744026184082
2024-05-08,26.184133529663086
2024-05-09,26.31749725341797
2024-05-10,26.29971694946289
2024-05-13,26.406408309936523
2024-05-14,26.34417152404785
2024-05-15,26.10411262512207
2024-05-16,26.175241470336914
2024-05-17,26.415298461914062
2024-05-20,26.584230422973633
2024-05-21,26.530879974365234
2024-05-22,26.397518157958984
2024-05-23,26.335281372070312
2024-05-24,26.388626098632812
2024-05-28,26.673137664794922
2024-05-29,26.593120574951172
2024-05-30,26.397518157958984
2024-05-31,26.353059768676758
2024-06-03,26.11300277709961
2024-06-04,25.686233520507812
2024-06-05,25.970748901367188
2024-06-06,26.03298568725586
2024-06-07,26.246370315551758
2024-06-10,26.477537155151367
2024-06-11,26.406408309936523
2024-06-12,26.31749725341797
2024-06-13,26.13967514038086
2024-06-14,26.13967514038086
2024-06-17,26.388626098632812
2024-06-18,26.388626098632812
2024-06-20,26.71759605407715
2024-06-21,26.637575149536133
2024-06-24,26.7442684173584
2024-06-25,26.682031631469727
2024-06-26,26.833179473876953
2024-06-27,26.863664627075195
2024-06-28,26.953330993652344
2024-07-01,27.392688751220703
2024-07-02,27.303024291992188
2024-07-03,27.311986923217773
2024-07-05,27.276124954223633
2024-07-08,27.141630172729492
2024-07-09,27.258190155029297
2024-07-10,27.419591903686523
2024-07-11,27.04299545288086
2024-07-12,26.989192962646484
2024-07-15,27.007129669189453
2024-07-16,27.16852569580078
2024-07-17,26.693300247192383
2024-07-18,26.711233139038086
2024-07-19,26.603635787963867
2024-07-22,26.75606346130371
2024-07-23,26.531906127929688
2024-07-24,26.209108352661133
2024-07-25,26.047710418701172
2024-07-26,26.119443893432617
2024-07-29,26.038745880126953
2024-07-30,25.931148529052734
2024-07-31,25.949079513549805
2024-08-01,25.482818603515625
2024-08-02,24.639968872070312
2024-08-05,24.048179626464844
2024-08-06,24.110944747924805
2024-08-07,24.173709869384766
2024-08-08,24.478574752807617
2024-08-09,24.496505737304688
2024-08-12,24.63100242614746
2024-08-13,24.74756622314453
2024-08-14,24.7655029296875
2024-08-15,25.025529861450195
2024-08-16,25.11519432067871
2024-08-19,25.195892333984375
2024-08-20,25.0613956451416
2024-08-21,25.04346466064453
2024-08-22,25.070363998413086
2024-08-23,25.03449821472168
2024-08-26,25.0613956451416
2024-08-27,25.00759506225586
2024-08-28,24.99863052368164
2024-08-29,25.079328536987305
2024-08-30,25.151060104370117
2024-09-03,24.97173309326172
2024-09-04,24.917932510375977
2024-09-05,24.9448299407959
2024-09-06,24.738605499267578
2024-09-09,24.84619903564453
2024-09-10,24.935863494873047
2024-09-11,24.96276092529297
2024-09-12,25.025529861450195
2024-09-13,25.09726333618164
2024-09-16,25.177961349487305
2024-09-17,25.133129119873047
2024-09-18,25.016563415527344
2024-09-19,25.267623901367188
2024-09-20,25.3572940826416
2024-09-23,25.3572940826416
2024-09-24,25.50075340270996
2024-09-25,25.464889526367188
2024-09-26,25.581451416015625
2024-09-27,25.482851028442383
2024-09-30,25.446666717529297
2024-10-01,25.473804473876953
2024-10-02,25.500944137573242
2024-10-03,25.22051429748535
2024-10-04,25.130054473876953
2024-10-07,24.940086364746094
2024-10-08,24.931039810180664
2024-10-09,24.931039810180664
2024-10-10,24.858671188354492
2024-10-11,24.985315322875977
2024-10-14,24.99436378479004
2024-10-15,24.921993255615234
2024-10-16,25.003408432006836
2024-10-17,24.89485740661621
2024-10-18,25.012454986572266
2024-10-21,24.813440322875977
2024-10-22,24.804393768310547
2024-10-23,24.569196701049805
2024-10-24,24.659658432006836
2024-10-25,24.614425659179688
2024-10-28,24.70488739013672
2024-10-29,24.77725601196289
2024-10-30,24.59633445739746
2024-10-31,24.36113739013672
2024-11-01,24.397319793701172
2024-11-04,24.30685806274414
2024-11-05,24.379228591918945
2024-11-06,24.460643768310547
2024-11-07,24.69584083557129
2024-11-08,24.62346839904785
2024-11-11,24.551101684570312
2024-11-12,24.514921188354492
2024-11-13,24.52396583557129
2024-11-14,24.397319793701172
2024-11-15,24.379228591918945
2024-11-18,24.38827133178711
2024-11-19,24.379228591918945
2024-11-20,24.478731155395508
2024-11-21,24.542057037353516
2024-11-22,24.65061378479004
2024-11-25,24.542057037353516
2024-11-26,24.62346839904785
2024-11-27,24.469688415527344
2024-11-29,24.614425659179688
2024-12-02,24.71393394470215
2024-12-03,24.69584083557129
2024-12-04,24.77725601196289
2024-12-05,24.614425659179688
2024-12-06,24.741069793701172
2024-12-09,24.750118255615234
2024-12-10,24.732027053833008
2024-12-11,24.87676239013672
2024-12-12,24.768207550048828
2024-12-13,24.560150146484375
2024-12-16,24.551101684570312
2024-12-17,24.560150146484375
2024-12-18,24.343042373657227
2024-12-19,24.279722213745117
2024-12-20,24.297813415527344
2024-12-23,24.36113739013672
2024-12-24,24.451597213745117
2024-12-26,24.38827133178711
2024-12-27,24.361196517944336
2024-12-30,24.286497116088867
2024-12-31,24.426557540893555
2025-01-02,24.603967666625977
2025-01-03,24.59463119506836
2025-01-06,24.510595321655273
2025-01-07,24.58529281616211
2025-01-08,24.734689712524414
2025-01-10,24.996137619018555
2025-01-13,25.07083511352539
2025-01-14,24.8747501373291
2025-01-15,24.90276336669922
2025-01-16,24.8747501373291
2025-01-17,24.958786010742188
2025-01-21,24.697341918945312
2025-01-22,24.75336456298828
2025-01-23,24.818727493286133
2025-01-24,24.63197898864746
2025-01-27,24.46390724182129
2025-01-28,24.641315460205078
2025-01-29,24.62264633178711
2025-01-30,24.688003540039062
2025-01-31,24.71601676940918
2025-02-03,24.762704849243164
2025-02-04,24.65065574645996
2025-02-05,24.58529281616211
2025-02-06,24.62264633178711
2025-02-07,24.71601676940918
2025-02-10,24.94011116027832
2025-02-11,24.94944953918457
2025-02-12,25.005475997924805
2025-02-13,24.930774688720703
2025-02-14,24.678667068481445
2025-02-18,25.052162170410156
2025-02-19,24.930774688720703
2025-02-20,24.79071617126465
2025-02-21,24.529264450073242
2025-02-24,24.482582092285156
2025-02-25,24.230472564697266
2025-02-26,24.239809036254883
2025-02-27,24.211795806884766
2025-02-28,24.14643669128418
2025-03-03,23.987701416015625
2025-03-04,23.800952911376953
2025-03-05,23.772939682006836
2025-03-06,23.65155601501465
2025-03-07,23.688905715942383
2025-03-10,23.240711212158203
2025-03-11,23.23137092590332
2025-03-12,23.427457809448242
2025-03-13,23.446134567260742
2025-03-14,23.67023277282715
2025-03-17,23.763607025146484
2025-03-18,23.828964233398438
2025-03-19,23.83830451965332
2025-03-20,23.772939682006836
2025-03-21,23.763607025146484
2025-03-24,23.79161834716797
2025-03-25,23.828964233398438
2025-03-26,23.83830451965332
2025-03-27,23.912588119506836
2025-03-28,23.818557739257812
2025-03-31,23.75273323059082
2025-04-01,23.79974937438965
2025-04-02,23.73392677307129
2025-04-03,23.508249282836914
2025-04-04,23.226150512695312
2025-04-07,23.17913246154785
2025-04-08,23.141521453857422
2025-04-09,23.602279663085938
2025-04-10,23.47063446044922
2025-04-11,23.55526351928711
2025-04-14,23.451828002929688
2025-04-15,23.564666748046875
2025-04-16,23.649295806884766
2025-04-17,23.630491256713867
2025-04-21,23.61168670654297
2025-04-22,23.77153968811035
2025-04-23,23.743331909179688
2025-04-24,23.818557739257812
2025-04-25,23.931398391723633
2025-04-28,23.809152603149414
2025-04-29,23.743331909179688
2025-04-30,23.75273323059082
2025-05-01,23.592876434326172
2025-05-02,23.564666748046875
2025-05-05,23.621089935302734
2025-05-06,23.86557388305664
2025-05-07,23.780942916870117
2025-05-08,23.696313858032227
2025-05-09,23.79974937438965
2025-05-12,23.677507400512695
2025-05-13,23.696313858032227
2025-05-14,23.630491256713867
2025-05-15,23.724523544311523
2025-05-16,23.68691062927246
2025-05-19,23.715118408203125
2025-05-20,23.76213836669922
2025-05-21,23.73392677307129
2025-05-22,23.68691062927246
2025-05-23,23.818557739257812
2025-05-27,23.75273323059082
2025-05-28,23.715118408203125
2025-05-29,23.75273323059082
2025-05-30,23.715118408203125
2025-06-02,23.856168746948242
2025-06-03,23.790342330932617
2025-06-04,23.912588119506836
2025-06-05,23.86557388305664
2025-06-06,23.79974937438965
2025-06-09,23.809152603149414
2025-06-10,23.818557739257812
2025-06-11,23.959606170654297
2025-06-12,24.08184814453125
2025-06-13,24.15707778930664
2025-06-16,24.10065460205078
2025-06-17,24.11945915222168
2025-06-18,24.11945915222168
2025-06-20,24.13827133178711
2025-06-23,24.11945915222168
2025-06-24,24.204092025756836
2025-06-25,24.222898483276367
2025-06-26,24.345142364501953
2025-06-27,24.32715606689453
2025-06-30,24.355552673339844
2025-07-01,24.37448501586914
2025-07-02,24.440746307373047
2025-07-03,24.393417358398438
2025-07-07,24.317691802978516
2025-07-08,24.336620330810547
2025-07-09,24.38395118713379
2025-07-10,24.346084594726562
2025-07-11,24.37448501586914
2025-07-14,24.336620330810547
2025-07-15,24.232498168945312
2025-07-16,24.336620330810547
2025-07-17,24.336620330810547
2025-07-18,24.402881622314453
2025-07-21,24.497539520263672
2025-07-22,24.554336547851562
2025-07-23,24.611129760742188
2025-07-24,24.56380271911621
2025-07-25,24.54486846923828
2025-07-28,24.440746307373047
2025-07-29,24.42181396484375
2025-07-30,24.260894775390625
2025-07-31,24.24196434020996
2025-08-01,24.071578979492188
2025-08-04,24.25143051147461
2025-08-05,24.24196434020996
2025-08-06,24.27035903930664
2025-08-07,24.37448501586914
2025-08-08,24.37448501586914
2025-08-11,24.346084594726562
2025-08-12,24.535402297973633
2025-08-13,24.667922973632812
2025-08-14,24.582733154296875
2025-08-15,24.535402297973633
2025-08-18,24.573266983032227
2025-08-19,24.440746307373047
2025-08-20,24.4123477935791
2025-08-21,24.4123477935791
2025-08-22,24.762584686279297
2025-08-25,24.64899444580078
2025-08-26,24.620595932006836
2025-08-27,24.611129760742188
2025-08-28,24.69632339477539
2025-08-29,24.56380271911621
2025-09-02,24.630064010620117
2025-09-03,24.724720001220703
2025-09-04,24.87617301940918
2025-09-05,24.961366653442383
2025-09-08,25.169614791870117
2025-09-09,25.19801139831543
2025-09-10,25.321067810058594
2025-09-11,25.51038360595703
2025-09-12,25.500917434692383
2025-09-15,25.709165573120117
2025-09-16,25.66183853149414
2025-09-17,25.623973846435547
2025-09-18,25.69969940185547
2025-09-19,25.709165573120117
2025-09-22,25.81328773498535
2025-09-23,25.841686248779297
2025-09-24,25.803821563720703
2025-09-25,25.794357299804688
2025-09-26,25.851152420043945
2025-09-29,25.956769943237305
2025-09-30,25.985313415527344
2025-10-01,26.080461502075195
2025-10-02,26.11852264404297
2025-10-03,26.223186492919922
2025-10-06,26.73699378967285
2025-10-07,26.794084548950195
2025-10-08,27.136621475219727
2025-10-09,26.822629928588867
2025-10-10,25.861621856689453
2025-10-13,26.613298416137695
2025-10-14,26.65135955810547
2025-10-15,26.832143783569336
2025-10-16,27.00341033935547
2025-10-17,26.851173400878906
2025-10-20,27.307891845703125
2025-10-21,27.050987243652344
2025-10-22,26.974868774414062
2025-10-23,27.00341033935547
2025-10-24,27.117591857910156
2025-10-27,27.18419647216797
2025-10-28,27.098562240600586
2025-10-29,27.00341033935547
2025-10-30,27.031957626342773
2025-10-31,26.993900299072266
2025-11-03,27.041473388671875
2025-11-04,26.67990493774414
2025-11-05,26.822629928588867
2025-11-06,26.70844841003418
2025-11-07,26.784568786621094
2025-11-10,27.08904457092285
2025-11-11,27.260316848754883
2025-11-12,27.50770378112793
2025-11-13,27.212739944458008
2025-11-14,27.031957626342773
2025-11-17,26.974868774414062
2025-11-18,26.955839157104492
2025-11-19,27.117591857910156
2025-11-20,27.127107620239258
2025-11-21,27.08904457092285
2025-11-24,27.307891845703125
2025-11-25,27.374496459960938
2025-11-26,27.526737213134766
2025-11-28,27.50770378112793
2025-12-01,27.27934455871582
2025-12-02,27.355464935302734
2025-12-03,27.374496459960938
2025-12-04,27.26983070373535
2025-12-05,27.288860321044922
2025-12-08,27.26983070373535
2025-12-09,27.43158531188965
2025-12-10,27.5362491607666
2025-12-11,27.621883392333984
2025-12-12,27.564794540405273
2025-12-15,27.526737213134766
2025-12-16,27.44110107421875
2025-12-17,27.49818992614746
2025-12-18,27.5362491607666
2025-12-19,27.878786087036133
2025-12-22,27.98345184326172
2025-12-23,28.04054069519043
2025-12-24,28.011995315551758
2025-12-26,28.192781448364258
2025-12-29,27.859760284423828
2025-12-30,27.88750457763672
2025-12-31,27.808223724365234
2026-01-02,27.897417068481445
2026-01-05,28.105531692504883
2026-01-06,28.184814453125
2026-01-07,28.075801849365234
2026-01-08,28.0262508392334
2026-01-09,28.24427604675293
2026-01-12,28.591135025024414
2026-01-13,28.55149269104004
2026-01-14,28.650596618652344
2026-01-15,28.60104751586914
2026-01-16,28.452390670776367
2026-01-20,28.501943588256836
2026-01-21,28.928085327148438
2026-01-22,29.225393295288086
2026-01-23,29.096559524536133
2026-01-26,29.03709602355957
2026-01-27,29.60198402404785
2026-01-28,29.800188064575195
2026-01-29,29.919113159179688
2026-01-30,28.928085327148438
2026-02-02,28.809160232543945
2026-02-03,29.33440589904785
2026-02-04,29.41368865966797
2026-02-05,28.93799591064453
2026-02-06,29.889381408691406
2026-02-09,30.34525489807129
2026-02-10,30.246150970458984
2026-02-11,30.35516357421875
2026-02-12,29.889381408691406
2026-02-13,30.107404708862305
2026-02-17,29.909202575683594
2026-02-18,30.275880813598633
2026-02-19,30.335344314575195
2026-02-20,30.69211196899414
2026-02-23,30.672292709350586
2026-02-24,30.830856323242188
2026-02-25,31.038972854614258
2026-02-26,30.959692001342773
2026-02-27,31.187625885009766
2026-03-02,31.00924301147461
2026-03-03,30.04794692993164
2026-03-04,30.335344314575195
2026-03-05,29.978572845458984
2026-03-06,30.53354835510254
2026-03-09,30.5930118560791
2026-03-10,30.6524715423584
2026-03-11,30.612831115722656
2026-03-12,30.62274169921875
2026-03-13,30.3848934173584
2026-03-16,30.543458938598633
2026-03-17,30.791215896606445
2026-03-18,30.53354835510254
2026-03-19,29.968664169311523
2026-03-20,29.54252052307129
2026-03-23,29.284854888916016
2026-03-24,29.443418502807617
2026-03-25,29.641624450683594
2026-03-26,29.592073440551758
2026-03-27,29.958751678466797
2026-03-30,30.0572509765625
2026-03-31,29.997554779052734
2026-04-01,30.0572509765625
2026-04-02,30.15674591064453
2026-04-06,30.286088943481445
2026-04-07,30.276140213012695
2026-04-08,30.02740478515625
2026-04-09,30.1169490814209
2026-04-10,30.176645278930664
2026-04-13,30.286088943481445
2026-04-14,30.14679718017578
2026-04-15,30.10700035095215
2026-04-16,30.266189575195312
2026-04-17,29.818464279174805
2026-04-20,30.017454147338867
2026-04-21,30.176645278930664
2026-04-22,30.256240844726562
2026-04-23,30.315937042236328
2026-04-24,30.355735778808594
2026-04-27,30.465179443359375
2026-04-28,30.564672470092773
2026-04-29,30.9626522064209
2026-04-30,30.405481338500977
2026-05-01,30.375635147094727
2026-05-04,30.544775009155273
2026-05-05,30.584571838378906
2026-05-06,30.296039581298828
2026-05-07,30.395532608032227
2026-05-08,30.534826278686523
2026-05-11,30.863157272338867
2026-05-12,30.863157272338867
2026-05-13,30.9626522064209
2026-05-14,31.08204460144043
2026-05-15,31.072093963623047
2026-05-18,31.151689529418945
2026-05-19,31.161640167236328
2026-05-20,30.952701568603516
2026-05-21,30.952701568603516
2026-05-22,30.932802200317383
2026-05-26,31.01239776611328
2026-05-27,30.853206634521484
2026-05-28,30.883056640625
2026-05-29,30.843257904052734
2026-06-01,31.131792068481445
2026-06-02,31.251184463500977
2026-06-03,31.26113510131836
2026-06-04,31.131792068481445
2026-06-05,30.504976272583008
2026-06-08,30.713916778564453
2026-06-09,30.624370574951172
2026-06-10,30.644268035888672
2026-06-11,30.584571838378906
2026-06-12,30.664167404174805
2026-06-15,30.72386360168457
2026-06-16,30.475128173828125
2026-06-17,30.51492691040039
2026-06-18,30.763662338256836
2026-06-22,30.80345916748047
2026-06-23,30.41543197631836
2026-06-24,30.286088943481445
2026-06-25,30.365684509277344
2026-06-26,30.10700035095215
2026-06-29,30.3700008392334
2026-06-30,30.610000610351562
2026-07-01,30.520000457763672
2026-07-02,30.329999923706055
2026-07-06,30.649999618530273
2026-07-07,30.68000030517578
2026-07-08,30.799999237060547
2026-07-09,30.760000228881836
2026-07-10,30.799999237060547
2026-07-13,30.989999771118164
2026-07-14,31.020000457763672
2026-07-15,30.989999771118164
2026-07-16,30.8799991607666
2026-07-17,30.8700008392334
2026-07-20,30.940000534057617
2026-07-21,31.31999969482422
2026-07-22,31.389999389648438
2026-07-23,31.489999771118164
2026-07-24,31.40999984741211
2026-07-27,31.270000457763672
2026-07-28,31.040000915527344
2026-07-29,31.030000686645508
2026-07-30,30.84000015258789
2026-07-31,30.920000076293945
2026-08-03,30.6299991607666
2026-08-04,30.690000534057617
2026-08-05,30.700000762939453
2026-08-06,30.940000534057617
2026-08-07,30.93000030517578
2026-08-10,31.31999969482422
2026-08-11,31.329999923706055
2026-08-12,31.43000030517578
2026-08-13,31.31999969482422
2026-08-14,31.350000381469727
2026-08-17,31.540000915527344
2026-08-18,31.270000457763672
2026-08-19,30.940000534057617
2026-08-20,31.15999984741211
2026-08-21,31.3700008392334
2026-08-24,31.25
2026-08-25,31.010000228881836
2026-08-26,31.079999923706055
2026-08-27,31.219999313354492
2026-08-28,31.40999984741211
2026-08-31,31.3799991607666
2026-09-01,31.59000015258789
2026-09-02,31.5
2026-09-03,31.40999984741211
2026-09-04,31.440000534057617
2026-09-08,31.15999984741211
2026-09-09,31.329999923706055
2026-09-10,31.920000076293945
2026-09-11,31.989999771118164
2026-09-14,31.969999313354492
2026-09-15,32.2400016784668
2026-09-16,32.119998931884766
2026-09-17,32.02000045776367
2026-09-18,32.22999954223633
2026-09-21,32.060001373291016
2026-09-22,
