Date,NTSE
2021-05-20,34.607540130615234
2021-05-21,34.36915588378906
2021-05-24,34.678104400634766
2021-05-25,35.00166702270508
2021-05-26,35.226261138916016
2021-05-27,35.23917770385742
2021-05-28,35.4586181640625
2021-06-01,36.15565490722656
2021-06-02,36.214168548583984
2021-06-03,35.79939270019531
2021-06-04,36.231380462646484
2021-06-07,36.00505828857422
2021-06-08,35.87769317626953
2021-06-09,35.832088470458984
2021-06-10,36.16167068481445
2021-06-11,36.009361267089844
2021-06-14,36.04722595214844
2021-06-15,35.80025100708008
2021-06-16,35.38289260864258
2021-06-17,35.577369689941406
2021-06-18,35.363101959228516
2021-06-21,35.4586181640625
2021-06-22,35.35276412963867
2021-06-23,35.49734115600586
2021-06-24,35.83602523803711
2021-06-25,36.02388381958008
2021-06-28,36.10921859741211
2021-06-29,36.07732009887695
2021-06-30,35.927371978759766
2021-07-01,35.667972564697266
2021-07-02,35.67744827270508
2021-07-06,35.235355377197266
2021-07-07,35.22672653198242
2021-07-08,34.652774810791016
2021-07-09,35.065574645996094
2021-07-12,35.053504943847656
2021-07-13,35.073333740234375
2021-07-14,35.31550216674805
2021-07-15,35.45942687988281
2021-07-16,35.158653259277344
2021-07-19,34.734657287597656
2021-07-20,34.88804626464844
2021-07-21,34.9595832824707
2021-07-22,35.106937408447266
2021-07-23,34.62691879272461
2021-07-26,33.90473937988281
2021-07-27,33.43764877319336
2021-07-28,34.264102935791016
2021-07-29,34.33993911743164
2021-07-30,34.07710266113281
2021-08-02,34.34856033325195
2021-08-03,34.489898681640625
2021-08-04,34.71137619018555
2021-08-05,34.57004928588867
2021-08-06,34.1675910949707
2021-08-09,34.3261604309082
2021-08-10,34.27876281738281
2021-08-11,34.398563385009766
2021-08-12,34.07194137573242
2021-08-13,34.060726165771484
2021-08-16,33.825462341308594
2021-08-17,33.272178649902344
2021-08-18,33.311824798583984
2021-08-19,32.7568359375
2021-08-20,32.74562454223633
2021-08-23,33.17824935913086
2021-08-24,33.866825103759766
2021-08-25,33.88406753540039
2021-08-26,33.55571365356445
2021-08-27,33.95214080810547
2021-08-30,34.100372314453125
2021-08-31,34.59934997558594
2021-09-01,35.03368377685547
2021-09-02,34.8044548034668
2021-09-03,34.98973846435547
2021-09-07,35.192264556884766
2021-09-08,34.70879364013672
2021-09-09,34.618316650390625
2021-09-10,34.53557586669922
2021-09-13,34.68466567993164
2021-09-14,34.37010955810547
2021-09-15,34.35803985595703
2021-09-16,33.97627258300781
2021-09-17,33.825462341308594
2021-09-20,33.017948150634766
2021-09-21,33.2618408203125
2021-09-22,33.66257858276367
2021-09-23,33.76770782470703
2021-09-24,33.34998321533203
2021-09-27,33.59837341308594
2021-09-28,33.03300476074219
2021-09-29,32.88972091674805
2021-09-30,33.11117172241211
2021-10-01,33.145904541015625
2021-10-04,32.66826629638672
2021-10-05,32.88972091674805
2021-10-06,32.78550338745117
2021-10-07,33.29527282714844
2021-10-08,33.40122985839844
2021-10-11,33.292667388916016
2021-10-12,33.21017837524414
2021-10-13,33.66697311401367
2021-10-14,33.81895446777344
2021-10-15,34.056907653808594
2021-10-18,34.0030632019043
2021-10-19,34.32959747314453
2021-10-20,34.31134796142578
2021-10-21,33.989173889160156
2021-10-22,33.94487380981445
2021-10-25,34.2010612487793
2021-10-26,34.04648208618164
2021-10-27,33.84848403930664
2021-10-28,33.82156753540039
2021-10-29,33.34565353393555
2021-11-01,33.63310623168945
2021-11-02,33.34305191040039
2021-11-03,33.52975845336914
2021-11-04,33.45073318481445
2021-11-05,33.506309509277344
2021-11-08,33.7060661315918
2021-11-09,33.68000411987305
2021-11-10,33.4090461730957
2021-11-11,33.86671829223633
2021-11-12,33.930118560791016
2021-11-15,33.81547546386719
2021-11-16,33.827640533447266
2021-11-17,33.7069206237793
2021-11-18,33.34218215942383
2021-11-19,33.292667388916016
2021-11-22,33.011295318603516
2021-11-23,32.94790267944336
2021-11-24,32.877567291259766
2021-11-26,32.07685470581055
2021-11-29,32.220157623291016
2021-11-30,32.20363998413086
2021-12-01,32.35475540161133
2021-12-02,32.710819244384766
2021-12-03,32.33565139770508
2021-12-06,32.48761749267578
2021-12-07,32.89956283569336
2021-12-08,32.989646911621094
2021-12-09,32.84095764160156
2021-12-10,32.83309555053711
2021-12-13,32.41416549682617
2021-12-14,32.32931900024414
2021-12-15,32.23661422729492
2021-12-16,32.31708908081055
2021-12-17,32.158775329589844
2021-12-20,31.710115432739258
2021-12-21,32.14303207397461
2021-12-22,32.284725189208984
2021-12-23,32.424659729003906
2021-12-27,32.54410934448242
2021-12-28,32.37810516357422
2021-12-29,32.2006950378418
2021-12-30,32.97799301147461
2021-12-31,32.65038299560547
2022-01-03,32.703956604003906
2022-01-04,32.65565490722656
2022-01-05,32.117244720458984
2022-01-06,32.18838882446289
2022-01-07,32.451011657714844
2022-01-10,32.47997283935547
2022-01-11,33.23797607421875
2022-01-12,33.75090789794922
2022-01-13,33.32931900024414
2022-01-14,33.198448181152344
2022-01-18,32.450130462646484
2022-01-19,32.70834732055664
2022-01-20,32.91035842895508
2022-01-21,32.620513916015625
2022-01-24,32.09353256225586
2022-01-25,32.155025482177734
2022-01-26,31.64999008178711
2022-01-27,31.400537490844727
2022-01-28,31.56039810180664
2022-01-31,32.58187484741211
2022-02-01,32.753150939941406
2022-02-02,32.782127380371094
2022-02-03,32.3227653503418
2022-02-04,32.29994201660156
2022-02-07,32.20156478881836
2022-02-08,32.48526382446289
2022-02-09,32.96393966674805
2022-02-10,32.57396697998047
2022-02-11,32.24197006225586
2022-02-14,32.00921630859375
2022-02-15,32.586273193359375
2022-02-16,32.800575256347656
2022-02-17,32.44837188720703
2022-02-18,32.147987365722656
2022-02-22,31.63153076171875
2022-02-23,31.1879825592041
2022-02-24,30.451091766357422
2022-02-25,30.908687591552734
2022-02-28,30.60743522644043
2022-03-01,30.27103614807129
2022-03-02,30.14982795715332
2022-03-03,29.777420043945312
2022-03-04,29.276784896850586
2022-03-07,28.350160598754883
2022-03-08,28.388811111450195
2022-03-09,29.001873016357422
2022-03-10,28.4423885345459
2022-03-11,27.749399185180664
2022-03-14,26.651506423950195
2022-03-15,26.70948028564453
2022-03-16,28.60487937927246
2022-03-17,28.531099319458008
2022-03-18,29.10726547241211
2022-03-21,28.408140182495117
2022-03-22,28.844654083251953
2022-03-23,28.834999084472656
2022-03-24,28.905261993408203
2022-03-25,28.545595169067383
2022-03-28,28.757165908813477
2022-03-29,29.28255271911621
2022-03-30,29.211151123046875
2022-03-31,28.876169204711914
2022-04-01,29.23230743408203
2022-04-04,29.71538734436035
2022-04-05,28.966968536376953
2022-04-06,28.60289764404297
2022-04-07,28.33491325378418
2022-04-08,28.267915725708008
2022-04-11,27.910017013549805
2022-04-12,27.876516342163086
2022-04-13,28.260860443115234
2022-04-14,27.707263946533203
2022-04-18,27.54153823852539
2022-04-19,27.33349609375
2022-04-20,27.292945861816406
2022-04-21,26.70585060119629
2022-04-22,26.523374557495117
2022-04-25,26.428171157836914
2022-04-26,26.00680160522461
2022-04-27,26.20514488220215
2022-04-28,26.465192794799805
2022-04-29,26.563922882080078
2022-05-02,26.47224235534668
2022-05-03,26.66442108154297
2022-05-04,27.011741638183594
2022-05-05,25.890439987182617
2022-05-06,25.4664249420166
2022-05-09,24.807926177978516
2022-05-10,25.011554718017578
2022-05-11,24.933984756469727
2022-05-12,24.87403678894043
2022-05-13,25.417055130004883
2022-05-16,25.36417007446289
2022-05-17,25.930110931396484
2022-05-18,25.3791561126709
2022-05-19,25.80316734313965
2022-05-20,25.967134475708008
2022-05-23,26.08613395690918
2022-05-24,25.744104385375977
2022-05-25,25.854293823242188
2022-05-26,26.30299186706543
2022-05-27,26.621225357055664
2022-05-31,26.832788467407227
2022-06-01,26.590368270874023
2022-06-02,26.99323081970215
2022-06-03,26.61329460144043
2022-06-06,26.637969970703125
2022-06-07,26.737586975097656
2022-06-08,26.967666625976562
2022-06-09,26.32503318786621
2022-06-10,25.936279296875
2022-06-13,24.854646682739258
2022-06-14,24.907533645629883
2022-06-15,25.391496658325195
2022-06-16,24.699493408203125
2022-06-17,24.878446578979492
2022-06-21,25.23458480834961
2022-06-22,24.964834213256836
2022-06-23,25.091781616210938
2022-06-24,25.61294937133789
2022-06-27,25.636886596679688
2022-06-28,25.440996170043945
2022-06-29,25.398454666137695
2022-06-30,25.220294952392578
2022-07-01,25.32666015625
2022-07-05,25.25043296813965
2022-07-06,25.056324005126953
2022-07-07,25.48886489868164
2022-07-08,25.318683624267578
2022-07-11,24.67430305480957
2022-07-12,24.693805694580078
2022-07-13,24.707983016967773
2022-07-14,24.431442260742188
2022-07-15,24.57325553894043
2022-07-18,24.69557762145996
2022-07-19,25.01289176940918
2022-07-20,24.87904930114746
2022-07-21,25.21497917175293
2022-07-22,25.089115142822266
2022-07-25,25.285003662109375
2022-07-26,25.05809211730957
2022-07-27,25.484426498413086
2022-07-28,25.688291549682617
2022-07-29,25.502155303955078
2022-08-01,25.518999099731445
2022-08-02,25.33020782470703
2022-08-03,25.511911392211914
2022-08-04,25.69183921813965
2022-08-05,25.545583724975586
2022-08-08,25.730838775634766
2022-08-09,25.57572364807129
2022-08-10,25.824787139892578
2022-08-11,25.879745483398438
2022-08-12,26.14033317565918
2022-08-15,26.059675216674805
2022-08-16,26.052579879760742
2022-08-17,25.918743133544922
2022-08-18,25.728178024291992
2022-08-19,25.33020782470703
2022-08-22,25.092662811279297
2022-08-23,25.186616897583008
2022-08-24,25.154706954956055
2022-08-25,25.773380279541016
2022-08-26,25.464929580688477
2022-08-29,25.219411849975586
2022-08-30,24.914505004882812
2022-08-31,25.088232040405273
2022-09-01,24.769142150878906
2022-09-02,24.66720962524414
2022-09-06,24.321535110473633
2022-09-07,24.569713592529297
2022-09-08,24.410171508789062
2022-09-09,24.73723793029785
2022-09-12,25.057205200195312
2022-09-13,24.259489059448242
2022-09-14,24.345468521118164
2022-09-15,24.119449615478516
2022-09-16,23.940401077270508
2022-09-19,24.037900924682617
2022-09-20,23.84290313720703
2022-09-21,23.262346267700195
2022-09-22,23.03632354736328
2022-09-23,22.539966583251953
2022-09-26,22.147846221923828
2022-09-27,21.98558807373047
2022-09-28,22.43630027770996
2022-09-29,21.83234977722168
2022-09-30,21.71065902709961
2022-10-03,22.219961166381836
2022-10-04,22.86897850036621
2022-10-05,22.796873092651367
2022-10-06,22.60757064819336
2022-10-07,22.084747314453125
2022-10-10,21.817026138305664
2022-10-11,21.469079971313477
2022-10-12,21.505136489868164
2022-10-13,21.566431045532227
2022-10-14,21.165300369262695
2022-10-17,21.660184860229492
2022-10-18,21.697139739990234
2022-10-19,21.183330535888672
2022-10-20,21.207670211791992
2022-10-21,21.604291915893555
2022-10-24,20.710086822509766
2022-10-25,21.036401748657227
2022-10-26,21.44203758239746
2022-10-27,21.390653610229492
2022-10-28,21.19144058227539
2022-10-31,21.08507537841797
2022-11-01,21.588966369628906
2022-11-02,21.31043243408203
2022-11-03,21.328460693359375
2022-11-04,22.164974212646484
2022-11-07,22.07032585144043
2022-11-08,22.341650009155273
2022-11-09,22.00632095336914
2022-11-10,23.01321029663086
2022-11-11,23.53512954711914
2022-11-14,23.403520584106445
2022-11-15,24.10211944580078
2022-11-16,23.802852630615234
2022-11-17,23.835304260253906
2022-11-18,23.613554000854492
2022-11-21,23.34313201904297
2022-11-22,23.44137954711914
2022-11-23,23.721725463867188
2022-11-25,23.646907806396484
2022-11-28,23.550453186035156
2022-11-29,23.966012954711914
2022-11-30,24.789907455444336
2022-12-01,24.789003372192383
2022-12-02,24.943140029907227
2022-12-05,24.5672550201416
2022-12-06,24.623144149780273
2022-12-07,24.64026641845703
2022-12-08,24.798919677734375
2022-12-09,24.618635177612305
2022-12-12,24.491535186767578
2022-12-13,24.79351043701172
2022-12-14,24.84849739074707
2022-12-15,24.302236557006836
2022-12-16,24.309450149536133
2022-12-19,24.276996612548828
2022-12-20,24.176942825317383
2022-12-21,24.356325149536133
2022-12-22,24.2391357421875
2022-12-23,24.14303970336914
2022-12-27,24.3705997467041
2022-12-28,23.959901809692383
2022-12-29,24.37694549560547
2022-12-30,24.05872344970703
2023-01-03,24.317106246948242
2023-01-04,25.11220359802246
2023-01-05,24.978933334350586
2023-01-06,25.607213973999023
2023-01-09,25.87557029724121
2023-01-10,25.984365463256836
2023-01-11,26.164779663085938
2023-01-12,26.401403427124023
2023-01-13,26.512008666992188
2023-01-17,26.406845092773438
2023-01-18,26.454898834228516
2023-01-19,26.609926223754883
2023-01-20,26.899133682250977
2023-01-23,27.05779266357422
2023-01-24,27.06413459777832
2023-01-25,27.134855270385742
2023-01-26,27.308013916015625
2023-01-27,27.172025680541992
2023-01-30,26.66522789001465
2023-01-31,26.583633422851562
2023-02-01,27.012460708618164
2023-02-02,26.88100242614746
2023-02-03,26.319808959960938
2023-02-06,25.87104034423828
2023-02-07,25.911834716796875
2023-02-08,25.938129425048828
2023-02-09,26.01700210571289
2023-02-10,25.74320411682129
2023-02-13,25.965322494506836
2023-02-14,25.883726119995117
2023-02-15,25.56369972229004
2023-02-16,25.551910400390625
2023-02-17,25.352455139160156
2023-02-21,24.891897201538086
2023-02-22,24.723268508911133
2023-02-23,24.965333938598633
2023-02-24,24.286285400390625
2023-02-27,24.45762825012207
2023-02-28,24.299884796142578
2023-03-01,24.786733627319336
2023-03-02,24.77132225036621
2023-03-03,25.061431884765625
2023-03-06,25.004316329956055
2023-03-07,24.60177993774414
2023-03-08,24.664339065551758
2023-03-09,24.221914291381836
2023-03-10,24.362436294555664
2023-03-13,24.569143295288086
2023-03-14,24.45762825012207
2023-03-15,24.244579315185547
2023-03-16,24.50205421447754
2023-03-17,24.468509674072266
2023-03-20,24.451282501220703
2023-03-21,24.54013442993164
2023-03-22,24.822996139526367
2023-03-23,25.13123893737793
2023-03-24,25.094980239868164
2023-03-27,24.819580078125
2023-03-28,25.17496681213379
2023-03-29,25.26858139038086
2023-03-30,25.481264114379883
2023-03-31,25.5067138671875
2023-04-03,25.58033561706543
2023-04-04,25.608510971069336
2023-04-05,25.4903564453125
2023-04-06,25.603971481323242
2023-04-10,25.49580955505371
2023-04-11,25.622148513793945
2023-04-12,25.400371551513672
2023-04-13,25.77665901184082
2023-04-14,25.515804290771484
2023-04-17,25.517621994018555
2023-04-18,25.55397605895996
2023-04-19,25.21768569946289
2023-04-20,25.254037857055664
2023-04-21,24.992273330688477
2023-04-24,24.98863983154297
2023-04-25,24.740503311157227
2023-04-26,24.796857833862305
2023-04-27,25.00772476196289
2023-04-28,25.19586753845215
2023-05-01,24.985910415649414
2023-05-02,24.926828384399414
2023-05-03,24.937734603881836
2023-05-04,25.20404815673828
2023-05-05,25.41309356689453
2023-05-08,25.313119888305664
2023-05-09,25.177690505981445
2023-05-10,25.274032592773438
2023-05-11,25.245859146118164
2023-05-12,24.94046401977539
2023-05-15,25.364015579223633
2023-05-16,25.06770896911621
2023-05-17,25.191326141357422
2023-05-18,24.95864486694336
2023-05-19,24.985910415649414
2023-05-22,25.121335983276367
2023-05-23,24.779586791992188
2023-05-24,24.570539474487305
2023-05-25,24.491466522216797
2023-05-26,24.913198471069336
2023-05-30,24.72414207458496
2023-05-31,24.606895446777344
2023-06-01,24.990455627441406
2023-06-02,25.31584358215332
2023-06-05,25.274032592773438
2023-06-06,25.54397964477539
2023-06-07,25.336748123168945
2023-06-08,25.558523178100586
2023-06-09,25.670320510864258
2023-06-12,25.77484130859375
2023-06-13,25.91027069091797
2023-06-14,26.113866806030273
2023-06-15,26.417442321777344
2023-06-16,26.285648345947266
2023-06-20,25.8593692779541
2023-06-21,25.77665901184082
2023-06-22,25.63123893737793
2023-06-23,25.3067569732666
2023-06-26,25.443086624145508
2023-06-27,25.67275047302246
2023-06-28,25.56935691833496
2023-06-29,25.28388023376465
2023-06-30,25.51262664794922
2023-07-03,25.74137306213379
2023-07-05,25.46413230895996
2023-07-06,24.857494354248047
2023-07-07,25.132909774780273
2023-07-10,25.167675018310547
2023-07-11,25.44400405883789
2023-07-12,26.06436538696289
2023-07-13,26.488004684448242
2023-07-14,26.299514770507812
2023-07-17,26.329710006713867
2023-07-18,26.19154930114746
2023-07-19,26.18148422241211
2023-07-20,25.867643356323242
2023-07-21,25.83836555480957
2023-07-24,26.165931701660156
2023-07-25,26.299514770507812
2023-07-26,26.47977066040039
2023-07-27,26.057960510253906
2023-07-28,26.719497680664062
2023-07-31,26.764331817626953
2023-08-01,26.379117965698242
2023-08-02,25.724905014038086
2023-08-03,25.706605911254883
2023-08-04,25.805423736572266
2023-08-07,25.767911911010742
2023-08-08,25.528182983398438
2023-08-09,25.61053466796875
2023-08-10,25.57393455505371
2023-08-11,25.12467384338379
2023-08-14,24.97003936767578
2023-08-15,24.710182189941406
2023-08-16,24.466796875
2023-08-17,24.48692512512207
2023-08-18,24.3707275390625
2023-08-21,24.33046531677246
2023-08-22,24.296611785888672
2023-08-23,24.813573837280273
2023-08-24,24.670839309692383
2023-08-25,24.656200408935547
2023-08-28,24.875797271728516
2023-08-29,25.293949127197266
2023-08-30,25.182313919067383
2023-08-31,24.950824737548828
2023-09-01,25.17591094970703
2023-09-05,24.941675186157227
2023-09-06,24.741296768188477
2023-09-07,24.530847549438477
2023-09-08,24.56012535095215
2023-09-11,24.823640823364258
2023-09-12,24.817235946655273
2023-09-13,24.818151473999023
2023-09-14,24.932525634765625
2023-09-15,24.796192169189453
2023-09-18,24.777891159057617
2023-09-19,24.628746032714844
2023-09-20,24.562868118286133
2023-09-21,24.01112937927246
2023-09-22,24.324974060058594
2023-09-25,24.1041316986084
2023-09-26,23.718124389648438
2023-09-27,23.695858001708984
2023-09-28,23.878652572631836
2023-09-29,23.9111270904541
2023-10-02,23.705135345458984
2023-10-03,23.256954193115234
2023-10-04,23.349750518798828
2023-10-05,23.42304801940918
2023-10-06,23.63461685180664
2023-10-09,23.614198684692383
2023-10-10,23.989072799682617
2023-10-11,24.228469848632812
2023-10-12,23.83318519592285
2023-10-13,23.853599548339844
2023-10-16,23.978862762451172
2023-10-17,23.771015167236328
2023-10-18,23.385007858276367
2023-10-19,23.2383975982666
2023-10-20,23.023122787475586
2023-10-23,22.947038650512695
2023-10-24,23.379436492919922
2023-10-25,22.946107864379883
2023-10-26,22.958173751831055
2023-10-27,22.91455841064453
2023-10-30,23.088077545166016
2023-10-31,22.922914505004883
2023-11-01,23.268089294433594
2023-11-02,23.670801162719727
2023-11-03,24.28321647644043
2023-11-06,24.31569480895996
2023-11-07,24.302703857421875
2023-11-08,24.22939682006836
2023-11-09,23.904632568359375
2023-11-10,24.107845306396484
2023-11-13,24.0994930267334
2023-11-14,24.8492374420166
2023-11-15,24.964298248291016
2023-11-16,24.807483673095703
2023-11-17,24.835317611694336
2023-11-20,25.174001693725586
2023-11-21,24.96800994873047
2023-11-22,24.94295883178711
2023-11-24,24.867795944213867
2023-11-27,24.895633697509766
2023-11-28,25.1146183013916
2023-11-29,25.00048828125
2023-11-30,24.97635841369629
2023-12-01,25.23895835876465
2023-12-04,24.8445987701416
2023-12-05,24.86223030090332
2023-12-06,24.8817138671875
2023-12-07,24.947595596313477
2023-12-08,24.779645919799805
2023-12-11,24.8863525390625
2023-12-12,24.95594596862793
2023-12-13,25.313190460205078
2023-12-14,25.796627044677734
2023-12-15,25.696413040161133
2023-12-18,25.624034881591797
2023-12-19,25.848590850830078
2023-12-20,25.547950744628906
2023-12-21,25.918182373046875
2023-12-22,25.74612045288086
2023-12-26,25.888418197631836
2023-12-27,26.2130126953125
2023-12-28,26.345083236694336
2023-12-29,26.336713790893555
2024-01-02,25.901443481445312
2024-01-03,25.848424911499023
2024-01-04,25.65590476989746
2024-01-05,25.626142501831055
2024-01-08,25.710777282714844
2024-01-09,25.351768493652344
2024-01-10,25.214122772216797
2024-01-11,25.443849563598633
2024-01-12,25.563825607299805
2024-01-16,24.849536895751953
2024-01-17,24.52308464050293
2024-01-18,24.712814331054688
2024-01-19,24.964862823486328
2024-01-22,24.753738403320312
2024-01-23,24.980676651000977
2024-01-24,25.174129486083984
2024-01-25,25.237375259399414
2024-01-26,25.233654022216797
2024-01-29,25.369443893432617
2024-01-30,25.157384872436523
2024-01-31,25.160179138183594
2024-02-01,25.505233764648438
2024-02-02,25.305269241333008
2024-02-05,25.229936599731445
2024-02-06,25.80006217956543
2024-02-07,25.753559112548828
2024-02-08,25.54243278503418
2024-02-09,25.680084228515625
2024-02-12,25.82703399658203
2024-02-13,25.19365882873535
2024-02-14,25.57312774658203
2024-02-15,25.683805465698242
2024-02-16,25.70426368713379
2024-02-20,25.790761947631836
2024-02-21,25.782392501831055
2024-02-22,26.02699851989746
2024-02-23,26.028860092163086
2024-02-26,25.948871612548828
2024-02-27,25.942363739013672
2024-02-28,25.65683364868164
2024-02-29,25.707056045532227
2024-03-01,26.069786071777344
2024-03-04,26.018625259399414
2024-03-05,25.874465942382812
2024-03-06,26.26788902282715
2024-03-07,26.450178146362305
2024-03-08,26.40646743774414
2024-03-11,26.421348571777344
2024-03-12,26.689207077026367
2024-03-13,26.609228134155273
2024-03-14,26.3618221282959
2024-03-15,26.153491973876953
2024-03-18,26.197202682495117
2024-03-19,26.1079158782959
2024-03-20,26.439950942993164
2024-03-21,26.465063095092773
2024-03-22,26.340103149414062
2024-03-25,26.34849739074707
2024-03-26,26.375537872314453
2024-03-27,26.213279724121094
2024-03-28,26.382999420166016
2024-04-01,26.3121280670166
2024-04-02,26.378337860107422
2024-04-03,26.390460968017578
2024-04-04,26.29627227783203
2024-04-05,26.222606658935547
2024-04-08,26.381134033203125
2024-04-09,26.63850975036621
2024-04-10,26.01744842529297
2024-04-11,26.211416244506836
2024-04-12,25.620195388793945
2024-04-15,25.391727447509766
2024-04-16,25.047622680664062
2024-04-17,25.064407348632812
2024-04-18,25.083995819091797
2024-04-19,25.005657196044922
2024-04-22,25.340435028076172
2024-04-23,25.579164505004883
2024-04-24,25.659360885620117
2024-04-25,25.759140014648438
2024-04-26,26.064075469970703
2024-04-29,26.284151077270508
2024-04-30,25.907411575317383
2024-05-01,26.026775360107422
2024-05-02,26.706584930419922
2024-05-03,27.00779151916504
2024-05-06,27.08985137939453
2024-05-07,26.972354888916016
2024-05-08,26.925729751586914
2024-05-09,27.047889709472656
2024-05-10,27.074934005737305
2024-05-13,27.29034423828125
2024-05-14,27.47964859008789
2024-05-15,27.857322692871094
2024-05-16,27.933786392211914
2024-05-17,27.93844985961914
2024-05-20,27.847997665405273
2024-05-21,27.705318450927734
2024-05-22,27.599945068359375
2024-05-23,27.363082885742188
2024-05-24,27.44234848022461
2024-05-28,27.35655403137207
2024-05-29,26.86138343811035
2024-05-30,26.795175552368164
2024-05-31,26.64410972595215
2024-06-03,26.985410690307617
2024-06-04,26.81009292602539
2024-06-05,27.25677490234375
2024-06-06,27.36774444580078
2024-06-07,26.94344711303711
2024-06-10,27.04882049560547
2024-06-11,26.959299087524414
2024-06-12,27.330446243286133
2024-06-13,27.382667541503906
2024-06-14,27.433021545410156
2024-06-17,27.52814292907715
2024-06-18,27.788312911987305
2024-06-20,27.7929744720459
2024-06-21,27.694129943847656
2024-06-24,27.67920684814453
2024-06-25,27.671722412109375
2024-06-26,27.55852699279785
2024-06-27,27.551042556762695
2024-06-28,27.56039810180664
2024-07-01,27.479007720947266
2024-07-02,27.635238647460938
2024-07-03,28.081483840942383
2024-07-05,28.324718475341797
2024-07-08,28.43043327331543
2024-07-09,28.49591636657715
2024-07-10,28.700796127319336
2024-07-11,28.88883399963379
2024-07-12,29.04787254333496
2024-07-15,28.69611930847168
2024-07-16,28.899127960205078
2024-07-17,28.40236473083496
2024-07-18,28.149776458740234
2024-07-19,27.814857482910156
2024-07-22,27.962671279907227
2024-07-23,27.870988845825195
2024-07-24,27.45094108581543
2024-07-25,27.353649139404297
2024-07-26,27.582849502563477
2024-07-29,27.53700828552246
2024-07-30,27.445329666137695
2024-07-31,28.117969512939453
2024-08-01,27.73253059387207
2024-08-02,27.513622283935547
2024-08-05,26.825077056884766
2024-08-06,26.798887252807617
2024-08-07,26.963537216186523
2024-08-08,27.478073120117188
2024-08-09,27.7128849029541
2024-08-12,27.873796463012695
2024-08-13,28.248004913330078
2024-08-14,28.10955047607422
2024-08-15,28.324718475341797
2024-08-16,28.623146057128906
2024-08-19,28.92438316345215
2024-08-20,28.731666564941406
2024-08-21,28.874801635742188
2024-08-22,28.404233932495117
2024-08-23,28.95432472229004
2024-08-26,28.67460060119629
2024-08-27,28.735408782958984
2024-08-28,28.592273712158203
2024-08-29,28.54737091064453
2024-08-30,28.5614013671875
2024-09-03,28.059965133666992
2024-09-04,28.11422348022461
2024-09-05,28.202163696289062
2024-09-06,27.750308990478516
2024-09-09,28.046865463256836
2024-09-10,28.03938102722168
2024-09-11,28.25922966003418
2024-09-12,28.4472713470459
2024-09-13,28.609115600585938
2024-09-16,28.771892547607422
2024-09-17,28.780315399169922
2024-09-18,28.668987274169922
2024-09-19,29.16200828552246
2024-09-20,29.064716339111328
2024-09-23,29.314496994018555
2024-09-24,30.355731964111328
2024-09-25,29.9621524810791
2024-09-26,31.103055953979492
2024-09-27,31.069860458374023
2024-09-30,30.523595809936523
2024-10-01,30.659210205078125
2024-10-02,31.16849136352539
2024-10-03,30.7587890625
2024-10-04,30.895355224609375
2024-10-07,31.08977508544922
2024-10-08,30.219165802001953
2024-10-09,30.093029022216797
2024-10-10,30.15277862548828
2024-10-11,30.327280044555664
2024-10-14,30.229595184326172
2024-10-15,29.671947479248047
2024-10-16,29.927059173583984
2024-10-17,29.855934143066406
2024-10-18,30.101564407348633
2024-10-21,29.774372100830078
2024-10-22,29.77532196044922
2024-10-23,29.545812606811523
2024-10-24,29.51357078552246
2024-10-25,29.47089385986328
2024-10-28,29.528743743896484
2024-10-29,29.460458755493164
2024-10-30,29.143701553344727
2024-10-31,28.941696166992188
2024-11-01,28.88384437561035
2024-11-04,29.15887451171875
2024-11-05,29.511672973632812
2024-11-06,28.980579376220703
2024-11-07,29.745922088623047
2024-11-08,29.09722900390625
2024-11-11,28.784263610839844
2024-11-12,28.18488883972168
2024-11-13,27.994264602661133
2024-11-14,27.8833065032959
2024-11-15,27.919342041015625
2024-11-18,28.245590209960938
2024-11-19,28.26360321044922
2024-11-20,28.191526412963867
2024-11-21,28.091001510620117
2024-11-22,28.030303955078125
2024-11-25,28.265501022338867
2024-11-26,28.066341400146484
2024-11-27,28.110916137695312
2024-11-29,28.34326934814453
2024-12-02,28.484575271606445
2024-12-03,28.550960540771484
2024-12-04,28.779523849487305
2024-12-05,28.822202682495117
2024-12-06,28.83357810974121
2024-12-09,29.315357208251953
2024-12-10,28.81556510925293
2024-12-11,28.860136032104492
2024-12-12,28.649595260620117
2024-12-13,28.642005920410156
2024-12-16,28.46086883544922
2024-12-17,28.383098602294922
2024-12-18,27.613964080810547
2024-12-19,27.676559448242188
2024-12-20,27.860546112060547
2024-12-23,27.939258575439453
2024-12-24,27.99616050720215
2024-12-26,27.92426300048828
2024-12-27,27.744029998779297
2024-12-30,27.59160041809082
2024-12-31,27.49956703186035
2025-01-02,27.45834732055664
2025-01-03,27.59064483642578
2025-01-06,27.67788314819336
2025-01-07,27.415205001831055
2025-01-08,27.333717346191406
2025-01-10,26.85054588317871
2025-01-13,26.686613082885742
2025-01-14,26.92915916442871
2025-01-15,27.340429306030273
2025-01-16,27.36151885986328
2025-01-17,27.479434967041016
2025-01-21,27.89166831970215
2025-01-22,27.769914627075195
2025-01-23,27.8561954498291
2025-01-24,27.936725616455078
2025-01-27,27.543668746948242
2025-01-28,27.734447479248047
2025-01-29,27.73828125
2025-01-30,28.213781356811523
2025-01-31,27.853321075439453
2025-02-03,27.739234924316406
2025-02-04,28.23487091064453
2025-02-05,28.238706588745117
2025-02-06,28.322111129760742
2025-02-07,28.309648513793945
2025-02-10,28.58670425415039
2025-02-11,28.471664428710938
2025-02-12,28.575199127197266
2025-02-13,28.807201385498047
2025-02-14,29.13602638244629
2025-02-18,29.301876068115234
2025-02-19,29.137941360473633
2025-02-20,29.442800521850586
2025-02-21,29.506072998046875
2025-02-24,29.00468635559082
2025-02-25,29.14752769470215
2025-02-26,29.50511360168457
2025-02-27,28.973051071166992
2025-02-28,28.430444717407227
2025-03-03,28.331697463989258
2025-03-04,28.571367263793945
2025-03-05,29.317216873168945
2025-03-06,29.15328025817871
2025-03-07,29.232851028442383
2025-03-10,28.63368034362793
2025-03-11,28.790903091430664
2025-03-12,28.91361427307129
2025-03-13,28.8369197845459
2025-03-14,29.283662796020508
2025-03-17,29.74574089050293
2025-03-18,29.560718536376953
2025-03-19,29.708356857299805
2025-03-20,29.4523868560791
2025-03-21,29.322010040283203
2025-03-24,29.365148544311523
2025-03-25,29.359399795532227
2025-03-26,29.173736572265625
2025-03-27,29.318992614746094
2025-03-28,28.855323791503906
2025-03-31,28.8784122467041
2025-04-01,28.90342140197754
2025-04-02,28.900535583496094
2025-04-03,28.48689079284668
2025-04-04,27.00448989868164
2025-04-07,25.888601303100586
2025-04-08,25.330657958984375
2025-04-09,26.975629806518555
2025-04-10,26.39363670349121
2025-04-11,27.126657485961914
2025-04-14,27.513370513916016
2025-04-15,27.522993087768555
2025-04-16,27.278650283813477
2025-04-17,27.352720260620117
2025-04-21,27.22477912902832
2025-04-22,27.67306137084961
2025-04-23,28.058809280395508
2025-04-24,28.460914611816406
2025-04-25,28.53594970703125
2025-04-28,28.664854049682617
2025-04-29,28.77066993713379
2025-04-30,28.895727157592773
2025-05-01,28.831274032592773
2025-05-02,29.53158950805664
2025-05-05,29.725906372070312
2025-05-06,29.599889755249023
2025-05-07,29.33053970336914
2025-05-08,29.271860122680664
2025-05-09,29.4815673828125
2025-05-12,30.004880905151367
2025-05-13,30.08568572998047
2025-05-14,30.23671531677246
2025-05-15,30.24730110168457
2025-05-16,30.30213165283203
2025-05-19,30.386781692504883
2025-05-20,30.33194923400879
2025-05-21,30.119354248046875
2025-05-22,30.079914093017578
2025-05-23,30.23479461669922
2025-05-27,30.23863983154297
2025-05-28,30.067407608032227
2025-05-29,30.32810401916504
2025-05-30,30.002952575683594
2025-06-02,30.05778694152832
2025-06-03,30.157833099365234
2025-06-04,30.63593292236328
2025-06-05,30.76483917236328
2025-06-06,30.754257202148438
2025-06-09,31.00725555419922
2025-06-10,31.25351905822754
2025-06-11,31.426673889160156
2025-06-12,31.564237594604492
2025-06-13,30.998594284057617
2025-06-16,31.338172912597656
2025-06-17,31.137121200561523
2025-06-18,31.081327438354492
2025-06-20,30.8985538482666
2025-06-23,31.207347869873047
2025-06-24,32.04137420654297
2025-06-25,32.111106872558594
2025-06-26,32.342586517333984
2025-06-27,32.272850036621094
2025-06-30,32.14500427246094
2025-07-01,32.268009185791016
2025-07-02,32.36776351928711
2025-07-03,32.429752349853516
2025-07-07,31.922245025634766
2025-07-08,32.081085205078125
2025-07-09,32.028785705566406
2025-07-10,32.14888381958008
2025-07-11,31.99876594543457
2025-07-14,31.987138748168945
2025-07-15,32.338706970214844
2025-07-16,32.41328430175781
2025-07-17,32.60020446777344
2025-07-18,32.60892105102539
2025-07-21,32.81037902832031
2025-07-22,32.83943176269531
2025-07-23,33.215213775634766
2025-07-24,32.99439239501953
2025-07-25,32.974056243896484
2025-07-28,32.658321380615234
2025-07-29,32.79875564575195
2025-07-30,32.567283630371094
2025-07-31,32.32611846923828
2025-08-01,32.27672576904297
2025-08-04,32.60020446777344
2025-08-05,32.682533264160156
2025-08-06,32.75517272949219
2025-08-07,33.0379753112793
2025-08-08,32.93144226074219
2025-08-11,32.87236404418945
2025-08-12,33.379859924316406
2025-08-13,33.889305114746094
2025-08-14,33.389549255371094
2025-08-15,33.297542572021484
2025-08-18,33.48736572265625
2025-08-19,33.2588005065918
2025-08-20,33.22005844116211
2025-08-21,33.11545944213867
2025-08-22,33.7759895324707
2025-08-25,33.5106086730957
2025-08-26,33.46315383911133
2025-08-27,33.328529357910156
2025-08-28,33.48640060424805
2025-08-29,33.39826583862305
2025-09-02,33.212310791015625
2025-09-03,33.36824035644531
2025-09-04,33.37405014038086
2025-09-05,33.94450759887695
2025-09-08,34.217628479003906
2025-09-09,34.15951919555664
2025-09-10,34.479122161865234
2025-09-11,34.99437713623047
2025-09-12,35.01955795288086
2025-09-15,35.26846694946289
2025-09-16,35.548362731933594
2025-09-17,35.67233657836914
2025-09-18,35.43892288208008
2025-09-19,35.35853576660156
2025-09-22,35.418582916259766
2025-09-23,35.46410369873047
2025-09-24,35.32270050048828
2025-09-25,35.131004333496094
2025-09-26,35.08774948120117
2025-09-29,35.47901153564453
2025-09-30,35.616641998291016
2025-10-01,35.9017333984375
2025-10-02,36.10915756225586
2025-10-03,36.23204040527344
2025-10-06,36.36868667602539
2025-10-07,36.147499084472656
2025-10-08,36.442420959472656
2025-10-09,36.0511589050293
2025-10-10,34.943233489990234
2025-10-13,36.02854919433594
2025-10-14,35.759185791015625
2025-10-15,36.33231735229492
2025-10-16,36.69408416748047
2025-10-17,36.767818450927734
2025-10-20,37.25640106201172
2025-10-21,36.96639633178711
2025-10-22,36.8798828125
2025-10-23,37.149253845214844
2025-10-24,37.41172790527344
2025-10-27,37.83543014526367
2025-10-28,37.869834899902344
2025-10-29,37.94258499145508
2025-10-30,37.4884033203125
2025-10-31,37.464813232421875
2025-11-03,37.69091796875
2025-11-04,37.041114807128906
2025-11-05,37.33111572265625
2025-11-06,37.100093841552734
2025-11-07,36.882835388183594
2025-11-10,37.580814361572266
2025-11-11,37.66536331176758
2025-11-12,37.620140075683594
2025-11-13,37.19643783569336
2025-11-14,37.22887420654297
2025-11-17,36.79829025268555
2025-11-18,36.66950988769531
2025-11-19,36.479774475097656
2025-11-20,36.07081985473633
2025-11-21,35.99217224121094
2025-11-24,36.42472457885742
2025-11-25,36.5289306640625
2025-11-26,36.67442321777344
2025-11-28,36.689170837402344
2025-12-01,36.55547332763672
2025-12-02,36.59774398803711
2025-12-03,36.65869903564453
2025-12-04,36.54072189331055
2025-12-05,36.78550720214844
2025-12-08,36.71178436279297
2025-12-09,36.617408752441406
2025-12-10,37.03914260864258
2025-12-11,36.85728073120117
2025-12-12,36.42472457885742
2025-12-15,36.39719772338867
2025-12-16,36.206485748291016
2025-12-17,35.89189910888672
2025-12-18,36.504356384277344
2025-12-19,36.68425750732422
2025-12-22,36.8032112121582
2025-12-23,36.92412567138672
2025-12-24,37.16596221923828
2025-12-26,37.56033706665039
2025-12-29,37.45106506347656
2025-12-30,37.73915100097656
2025-12-31,37.480865478515625
2026-01-02,38.544795989990234
2026-01-05,39.11301803588867
2026-01-06,39.30275344848633
2026-01-07,39.160701751708984
2026-01-08,38.97096252441406
2026-01-09,39.21136474609375
2026-01-12,39.733890533447266
2026-01-13,39.46765899658203
2026-01-14,39.58686447143555
2026-01-15,39.917667388916016
2026-01-16,39.717002868652344
2026-01-20,39.36434555053711
2026-01-21,40.12032699584961
2026-01-22,40.52066421508789
2026-01-23,40.783912658691406
2026-01-26,40.79781723022461
2026-01-27,41.62233352661133
2026-01-28,41.941219329833984
2026-01-29,41.73061752319336
2026-01-30,40.851463317871094
2026-02-02,40.91802215576172
2026-02-03,41.07299041748047
2026-02-04,40.529598236083984
2026-02-05,40.39847183227539
2026-02-06,41.54286575317383
2026-02-09,41.91737365722656
2026-02-10,42.101158142089844
2026-02-11,42.76375198364258
2026-02-12,42.49156188964844
2026-02-13,42.729976654052734
2026-02-17,42.533287048339844
2026-02-18,42.5501708984375
2026-02-19,42.58494186401367
2026-02-20,43.48098373413086
2026-02-23,42.9892578125
2026-02-24,43.78098678588867
2026-02-25,44.37504196166992
2026-02-26,44.11576461791992
2026-02-27,44.11079788208008
2026-03-02,43.3280029296875
2026-03-03,41.225975036621094
2026-03-04,41.48028564453125
2026-03-05,40.649803161621094
2026-03-06,40.140193939208984
2026-03-09,41.00444793701172
2026-03-10,41.13557434082031
2026-03-11,41.20213317871094
2026-03-12,39.82826232910156
2026-03-13,39.660377502441406
2026-03-16,40.92695999145508
2026-03-17,41.23193359375
2026-03-18,40.33588790893555
2026-03-19,40.37264633178711
2026-03-20,38.918312072753906
2026-03-23,40.11436080932617
2026-03-24,39.548126220703125
2026-03-25,40.04184341430664
2026-03-26,38.64698028564453
2026-03-27,38.351280212402344
2026-03-30,38.07549285888672
2026-03-31,39.57589340209961
2026-04-01,39.68242263793945
2026-04-02,39.33296203613281
2026-04-06,39.64459228515625
2026-04-07,39.56394577026367
2026-04-08,42.00819396972656
2026-04-09,41.977325439453125
2026-04-10,42.06394958496094
2026-04-13,42.46816635131836
2026-04-14,43.26466751098633
2026-04-15,43.06852722167969
2026-04-16,43.13722610473633
2026-04-17,44.093021392822266
2026-04-20,43.858055114746094
2026-04-21,43.182029724121094
2026-04-22,43.889915466308594
2026-04-23,43.182029724121094
2026-04-24,44.14479446411133
2026-04-27,43.96856689453125
2026-04-28,43.66092300415039
2026-04-29,43.41400909423828
2026-04-30,44.35188293457031
2026-05-01,44.411617279052734
2026-05-04,44.45144271850586
2026-05-05,45.34650802612305
2026-05-06,46.99127197265625
2026-05-07,46.35506820678711
2026-05-08,47.396488189697266
2026-05-11,47.33475875854492
2026-05-12,45.75471115112305
2026-05-13,46.8548698425293
2026-05-14,46.83396530151367
2026-05-15,45.1891975402832
2026-05-18,45.16928482055664
2026-05-19,44.66351318359375
2026-05-20,45.56056594848633
2026-05-21,46.012577056884766
2026-05-22,45.96179962158203
2026-05-26,47.82858657836914
2026-05-27,47.94607162475586
2026-05-28,48.144195556640625
2026-05-29,48.34630584716797
2026-06-01,49.462398529052734
2026-06-02,50.06972885131836
2026-06-03,49.4823112487793
2026-06-04,48.83515930175781
2026-06-05,45.556583404541016
2026-06-08,46.415802001953125
2026-06-09,46.3371467590332
2026-06-10,45.59341812133789
2026-06-11,47.69218826293945
2026-06-12,47.78776931762695
2026-06-15,49.28318786621094
2026-06-16,48.534481048583984
2026-06-17,48.367218017578125
2026-06-18,50.0806770324707
2026-06-22,50.125484466552734
2026-06-23,47.545833587646484
2026-06-24,47.7349967956543
2026-06-25,48.31700134277344
2026-06-26,47.87300109863281
2026-06-29,48.15999984741211
2026-06-30,48.61000061035156
2026-07-01,46.8380012512207
2026-07-02,46.249000549316406
2026-07-06,47.547000885009766
2026-07-07,46.23500061035156
2026-07-08,46.57099914550781
2026-07-09,46.887001037597656
2026-07-10,46.96099853515625
2026-07-13,45.21699905395508
2026-07-14,46.16299819946289
2026-07-15,46.244998931884766
2026-07-16,45.29800033569336
2026-07-17,44.81700134277344
2026-07-20,44.77799987792969
2026-07-21,45.96200180053711
2026-07-22,45.53799819946289
2026-07-23,45.0620002746582
2026-07-24,44.35100173950195
2026-07-27,44.597999572753906
2026-07-28,43.637001037597656
2026-07-29,42.691001892089844
2026-07-30,44.34700012207031
2026-07-31,44.59000015258789
2026-08-03,44.917999267578125
2026-08-04,46.02299880981445
2026-08-05,45.9379997253418
2026-08-06,45.354000091552734
2026-08-07,45.7400016784668
2026-08-10,45.499000549316406
2026-08-11,45.75
2026-08-12,46.31399917602539
2026-08-13,46.60499954223633
2026-08-14,46.58399963378906
2026-08-17,46.99700164794922
2026-08-18,45.65299987792969
2026-08-19,46.369998931884766
2026-08-20,46.680999755859375
2026-08-21,46.987998962402344
2026-08-24,46.18899917602539
2026-08-25,47.143001556396484
2026-08-26,47.02000045776367
2026-08-27,47.141998291015625
2026-08-28,46.78799819946289
2026-08-31,46.9900016784668
2026-09-01,46.73400115966797
2026-09-02,46.86800003051758
2026-09-03,47.15299987792969
2026-09-04,47.957000732421875
2026-09-08,48.066001892089844
2026-09-09,47.85599899291992
2026-09-10,46.654998779296875
2026-09-11,47.16299819946289
2026-09-14,45.88999938964844
2026-09-15,45.74599838256836
2026-09-16,45.694000244140625
2026-09-17,46.53900146484375
2026-09-18,46.47999954223633
2026-09-21,47.875
2026-09-22,
