Date,NTSD,SPY,EFA,VEA
2026-01-02,,679.55859375,95.52831268310547,62.76227569580078
2026-01-05,,684.0845336914062,96.62102508544922,63.507080078125
2026-01-06,,688.1529541015625,96.76869201660156,63.695762634277344
2026-01-07,,685.9347534179688,96.40444946289062,63.437564849853516
2026-01-08,,685.8651123046875,96.41429901123047,63.49714660644531
2026-01-09,,690.4010009765625,97.27073669433594,64.08306121826172
2026-01-12,,691.4852294921875,97.86139678955078,64.4703598022461
2026-01-13,,690.1026000976562,97.3002700805664,64.11285400390625
2026-01-14,,686.7106323242188,97.75311279296875,64.42070770263672
2026-01-15,,688.5806884765625,97.71372985839844,64.51008605957031
2026-01-16,,688.0037231445312,97.97952270507812,64.68883514404297
2026-01-20,,673.9981689453125,96.4930419921875,63.824859619140625
2026-01-21,,681.77685546875,97.48731231689453,64.55973815917969
2026-01-22,,685.3379516601562,97.8712387084961,64.90731048583984
2026-01-23,,685.5865478515625,98.41267395019531,65.32440185546875
2026-01-26,,689.0680541992188,98.9048843383789,65.62232971191406
2026-01-27,,691.8134765625,100.49964141845703,66.69485473632812
2026-01-28,,691.7438354492188,99.43647003173828,66.25789642333984
2026-01-29,,690.3711547851562,100.10588073730469,66.60547637939453
2026-01-30,,688.3120727539062,99.17066955566406,65.74149322509766
2026-02-02,,691.7339477539062,99.82039642333984,65.99969482421875
2026-02-03,,685.885009765625,99.86961364746094,66.25789642333984
2026-02-04,,682.5626831054688,100.19447326660156,66.33734130859375
2026-02-05,,674.0379638671875,98.7670669555664,65.4435806274414
2026-02-06,,686.96923828125,101.01154327392578,66.90339660644531
2026-02-09,,690.2816772460938,102.37004089355469,67.89646911621094
2026-02-10,,688.4613037109375,102.61614990234375,68.06529235839844
2026-02-11,,688.3021850585938,103.30525207519531,68.57176208496094
2026-02-12,,677.668701171875,102.52755737304688,68.02556610107422
2026-02-13,,678.1461181640625,102.61614990234375,68.28376770019531
2026-02-17,,679.2402954101562,102.59646606445312,68.10501098632812
2026-02-18,,682.662109375,102.71459197998047,68.33341217041016
2026-02-19,,680.8616333007812,102.42911529541016,68.31356048583984
2026-02-20,,685.7855834960938,103.265869140625,69.03849792480469
2026-02-23,,678.7827758789062,102.84256744384766,68.70085144042969
2026-02-24,,683.7164916992188,103.02960968017578,68.97891235351562
2026-02-25,,689.4859008789062,104.0140380859375,69.77337646484375
2026-02-26,,685.6561889648438,103.92543029785156,69.82302856445312
2026-02-27,,682.3637084960938,103.73838806152344,69.75350952148438
2026-03-02,,682.751708984375,101.6907958984375,68.53203582763672
2026-03-03,,676.7337036132812,98.53079986572266,66.14865112304688
2026-03-04,,681.5082397460938,99.80070495605469,66.91332244873047
2026-03-05,,677.70849609375,97.61529541015625,65.33433532714844
2026-03-06,,668.82568359375,96.74899291992188,64.82786560058594
2026-03-09,,674.6845703125,97.44793701171875,65.4535140991211
2026-03-10,,673.6002807617188,97.67435455322266,65.5130844116211
2026-03-11,,672.7548217773438,97.4676284790039,65.40385437011719
2026-03-12,,662.5390625,95.9417724609375,64.1227798461914
2026-03-13,,658.7890014648438,94.79984283447266,63.37797927856445
2026-03-16,,665.493408203125,96.5718002319336,64.73849487304688
2026-03-17,,667.2440185546875,96.83760070800781,64.95697021484375
2026-03-18,,657.9335327148438,95.18376922607422,63.83479309082031
2026-03-19,38.95361328125,656.3121948242188,95.01641082763672,63.71562576293945
2026-03-20,37.72539138793945,646.9034423828125,92.1320571899414,61.715152740478516
2026-03-23,38.67401885986328,653.6959228515625,94.34700012207031,63.3266716003418
2026-03-24,38.49427795410156,651.5015869140625,93.78588104248047,62.81934356689453
2026-03-25,38.95361328125,655.1322021484375,95.15423583984375,63.635047912597656
2026-03-26,37.76533508300781,643.432373046875,93.18539428710938,62.15284729003906
2026-03-27,37.00643539428711,632.4606323242188,92.33879089355469,61.725101470947266
2026-03-30,36.92654800415039,630.3460693359375,92.60457611083984,61.705204010009766
2026-03-31,38.55419158935547,648.6688842773438,95.61690521240234,63.74447250366211
2026-04-01,39.273155212402344,653.5562744140625,97.07386016845703,64.79891967773438
2026-04-02,39.07344055175781,654.144775390625,96.47335815429688,64.3015365600586
2026-04-06,39.44290542602539,657.23681640625,96.95572662353516,64.7790298461914
2026-04-07,39.26316452026367,657.5260009765625,96.81790161132812,64.74917602539062
2026-04-08,40.9207649230957,674.27294921875,100.59809112548828,67.46488952636719
2026-04-09,41.040592193603516,678.162841796875,100.36182403564453,67.19630432128906
2026-04-10,41.270263671875,677.7140502929688,100.58824157714844,67.38530731201172
2026-04-13,41.809478759765625,684.3369750976562,101.20842742919922,67.85284423828125
2026-04-14,42.428585052490234,692.675537109375,102.02549743652344,68.52928161621094
2026-04-15,42.74812316894531,698.1414184570312,101.70063781738281,68.34027862548828
2026-04-16,42.718162536621094,699.8569946289062,101.40531158447266,68.27064514160156
2026-04-17,43.44710922241211,708.3152465820312,102.69490814208984,69.26541137695312
2026-04-20,43.317298889160156,706.8988037109375,102.29129791259766,68.96697998046875
2026-04-21,42.53842544555664,702.2708129882812,100.04680633544922,67.46488952636719
2026-04-22,42.93784713745117,709.3825073242188,100.38151550292969,67.99211120605469
2026-04-23,42.55839538574219,706.6295776367188,99.66288757324219,67.3355712890625
2026-04-24,43.03770065307617,712.10546875,100.18462371826172,67.78321075439453
2026-04-27,42.97779083251953,713.332275390625,99.80070495605469,67.71357727050781
2026-04-28,42.618309020996094,709.8612060546875,99.38724517822266,67.3753662109375
2026-04-29,42.388641357421875,709.7515258789062,98.373291015625,66.72876739501953
2026-04-30,43.467079162597656,716.8132934570312,100.72605895996094,68.43975830078125
2026-05-01,43.417152404785156,718.7982177734375,100.50949096679688,68.36017608642578
2026-05-04,42.867950439453125,716.1649780273438,99.13129425048828,67.5544204711914
2026-05-05,43.53697967529297,721.9102172851562,100.45042419433594,68.61882019042969
2026-05-06,44.855072021484375,731.9443359375,103.1772689819336,70.4989242553711
2026-05-07,44.15608596801758,729.7001342773438,101.28718566894531,69.3051986694336
2026-05-08,44.75521469116211,735.724609375,102.34051513671875,70.4591293334961
2026-05-11,44.67533493041992,737.4002685546875,102.12393951416016,70.44918060302734
2026-05-12,44.525550842285156,736.2831420898438,101.53328704833984,69.60363006591797
2026-05-13,44.96491241455078,740.4025268554688,102.21253967285156,70.26016998291016
2026-05-14,45.23452377319336,746.2474975585938,101.84830474853516,70.19053649902344
2026-05-15,44.5954475402832,737.2706298828125,100.13540649414062,68.71829223632812
2026-05-18,44.5954475402832,736.751953125,101.0607681274414,69.1559829711914
2026-05-19,44.11614227294922,731.8446044921875,100.33229064941406,68.6287612915039
2026-05-20,45.0447998046875,739.3452758789062,102.00581359863281,69.8324203491211
2026-05-21,45.194580078125,740.8114624023438,102.56693267822266,70.31986236572266
2026-05-22,45.32439041137695,743.7239990234375,102.3602066040039,70.091064453125
2026-05-26,45.87359619140625,748.6613159179688,103.4922866821289,71.4041519165039
2026-05-27,45.7537727355957,748.5316162109375,103.13789367675781,71.03609466552734
2026-05-28,46.063323974609375,752.6609497070312,103.05914306640625,71.28478240966797
2026-05-29,46.203121185302734,754.5361328125,103.16743469238281,71.39420318603516
2026-06-01,46.28300476074219,756.5908203125,102.81304168701172,71.49368286132812
2026-06-02,46.442771911621094,757.6182250976562,103.38399505615234,71.94132232666016
2026-06-03,45.933509826660156,752.3018798828125,102.4980239868164,71.29473114013672
2026-06-04,46.42280578613281,755.1445922851562,103.3150863647461,71.46383666992188
2026-06-05,44.715274810791016,735.65478515625,100.66699981689453,68.80781555175781
2026-06-08,44.91498565673828,737.3204345703125,101.27733612060547,69.49420928955078
2026-06-09,44.74523162841797,735.1560668945312,101.29702758789062,69.47430419921875
2026-06-10,43.85651397705078,723.56591796875,99.98774719238281,68.44969940185547
2026-06-11,45.244510650634766,735.8642578125,103.09852600097656,70.93661499023438
2026-06-12,45.534088134765625,739.843994140625,103.38399505615234,71.17536163330078
2026-06-15,46.342918395996094,752.890380859375,104.08000183105469,72.01095581054688
2026-06-16,46.203121185302734,748.4019775390625,104.30999755859375,71.94132232666016
2026-06-17,45.534088134765625,739.0560302734375,103.77999877929688,71.62300109863281
2026-06-18,46.17316436767578,746.739990234375,104.41000366210938,72.30999755859375
2026-06-22,46.033363342285156,744.3900146484375,104.58000183105469,72.38999938964844
2026-06-23,45.06476974487305,733.5800170898438,102.45999908447266,70.16999816894531
2026-06-24,44.90500259399414,733.239990234375,102.26000213623047,70.27999877929688
2026-06-25,45.06999969482422,734.2999877929688,103.1500015258789,71.16000366210938
2026-06-26,45.0,728.989990234375,102.54000091552734,70.55999755859375
2026-06-29,45.66999816894531,741.0,103.44999694824219,70.91999816894531
2026-06-30,46.11000061035156,746.77001953125,103.87999725341797,71.25
2026-07-01,45.959999084472656,745.760009765625,103.0199966430664,70.36000061035156
2026-07-02,46.349998474121094,744.780029296875,104.37000274658203,70.80999755859375
2026-07-06,46.7599983215332,751.280029296875,105.45999908447266,71.88999938964844
2026-07-07,46.29999923706055,747.7100219726562,104.16000366210938,70.77999877929688
2026-07-08,45.91999816894531,745.4000244140625,103.36000061035156,70.33999633789062
2026-07-09,46.349998474121094,751.7100219726562,103.91999816894531,70.7300033569336
2026-07-10,46.63999938964844,754.9500122070312,104.33000183105469,70.98999786376953
2026-07-13,46.11000061035156,749.1699829101562,103.23999786376953,69.76000213623047
2026-07-14,46.459999084472656,751.8300170898438,103.95999908447266,70.5999984741211
2026-07-15,46.68000030517578,754.8099975585938,104.6500015258789,70.81999969482422
2026-07-16,46.15999984741211,750.719970703125,103.80999755859375,70.02999877929688
2026-07-17,45.790000915527344,743.2899780273438,103.33000183105469,69.69999694824219
2026-07-20,45.40999984741211,742.0900268554688,102.56999969482422,69.2300033569336
2026-07-21,46.2400016784668,748.280029296875,104.05999755859375,70.47000122070312
2026-07-22,46.22999954223633,747.4099731445312,104.25,70.48999786376953
2026-07-23,45.25,738.1799926757812,102.9000015258789,69.77999877929688
2026-07-24,45.470001220703125,738.9299926757812,103.41000366210938,69.70999908447266
2026-07-27,45.68000030517578,739.0900268554688,103.91000366210938,70.0
2026-07-28,45.81999969482422,740.8599853515625,103.88999938964844,69.5999984741211
2026-07-29,45.0,729.4600219726562,103.37000274658203,68.94999694824219
2026-07-30,46.34000015258789,741.6900024414062,106.23999786376953,71.08999633789062
2026-07-31,46.40999984741211,747.030029296875,105.58000183105469,70.62000274658203
2026-08-03,47.08000183105469,757.6699829101562,106.0199966430664,71.04000091552734
2026-08-04,48.2599983215332,771.3300170898438,107.31999969482422,72.22000122070312
2026-08-05,48.20000076293945,769.7899780273438,107.43000030517578,72.3499984741211
2026-08-06,48.04999923706055,768.5599975585938,107.36000061035156,72.12000274658203
2026-08-07,48.54999923706055,773.260009765625,108.55000305175781,72.88999938964844
2026-08-10,48.470001220703125,773.030029296875,108.01000213623047,72.5
2026-08-11,48.33000183105469,770.5599975585938,108.08999633789062,72.69000244140625
2026-08-12,48.58000183105469,772.489990234375,108.5,73.30000305175781
2026-08-13,48.970001220703125,777.8800048828125,108.69000244140625,73.54000091552734
2026-08-14,48.79999923706055,776.3400268554688,108.63999938964844,73.58000183105469
2026-08-17,48.83000183105469,772.6699829101562,108.44999694824219,73.69000244140625
2026-08-18,48.0099983215332,767.4500122070312,107.2699966430664,72.38999938964844
2026-08-19,48.2599983215332,769.0599975585938,107.66000366210938,72.83000183105469
2026-08-20,47.54999923706055,762.5999755859375,107.3499984741211,72.83999633789062
2026-08-21,48.02000045776367,765.719970703125,108.23999786376953,73.41999816894531
2026-08-24,47.880001068115234,763.469970703125,108.02999877929688,73.05999755859375
2026-08-25,48.099998474121094,765.9099731445312,108.80999755859375,73.79000091552734
2026-08-26,48.09000015258789,766.0800170898438,108.2699966430664,73.44999694824219
2026-08-27,48.279998779296875,771.0999755859375,108.0199966430664,73.41999816894531
2026-08-28,48.150001525878906,769.3499755859375,107.72000122070312,73.05999755859375
2026-08-31,47.849998474121094,767.0499877929688,107.44999694824219,72.91999816894531
2026-09-01,47.2599983215332,761.780029296875,106.48999786376953,72.11000061035156
2026-09-02,47.599998474121094,765.1599731445312,107.05999755859375,72.58999633789062
2026-09-03,48.439998626708984,773.1699829101562,108.20999908447266,73.44000244140625
2026-09-04,48.18000030517578,770.1900024414062,108.3499984741211,73.76000213623047
2026-09-08,47.77000045776367,765.9600219726562,107.76000213623047,73.44999694824219
2026-09-09,47.27000045776367,762.4000244140625,106.55999755859375,72.81999969482422
2026-09-10,46.86000061035156,757.8300170898438,105.66000366210938,71.91999816894531
