Date,AVUV
2019-09-26,44.864837646484375
2019-09-27,44.67896270751953
2019-09-30,44.78352355957031
2019-10-01,43.84693908691406
2019-10-02,43.216888427734375
2019-10-03,43.1900749206543
2019-10-04,43.53593063354492
2019-10-07,43.48678970336914
2019-10-08,42.69228744506836
2019-10-09,43.066741943359375
2019-10-10,43.20883560180664
2019-10-11,44.15704345703125
2019-10-14,43.918426513671875
2019-10-15,44.36528015136719
2019-10-16,44.50558090209961
2019-10-17,44.91311264038086
2019-10-18,44.788883209228516
2019-10-21,45.21785354614258
2019-10-22,45.502037048339844
2019-10-23,45.75764465332031
2019-10-24,45.62179946899414
2019-10-25,46.15264129638672
2019-10-28,46.52531814575195
2019-10-29,46.71656036376953
2019-10-30,46.20180130004883
2019-10-31,45.735286712646484
2019-11-01,46.615577697753906
2019-11-04,47.53608322143555
2019-11-05,47.77647399902344
2019-11-06,47.3841438293457
2019-11-07,47.6513557434082
2019-11-08,47.671016693115234
2019-11-11,47.46814727783203
2019-11-12,47.505699157714844
2019-11-13,47.10442352294922
2019-11-14,47.00344467163086
2019-11-15,47.1366081237793
2019-11-18,46.79431915283203
2019-11-19,46.61289978027344
2019-11-20,46.18302917480469
2019-11-21,46.08205032348633
2019-11-22,46.27149963378906
2019-11-25,47.15089797973633
2019-11-26,46.98377990722656
2019-11-27,47.15984344482422
2019-11-29,46.83631896972656
2019-12-02,46.41539764404297
2019-12-03,45.979286193847656
2019-12-04,46.40467071533203
2019-12-05,46.5691032409668
2019-12-06,47.2867317199707
2019-12-09,47.35912322998047
2019-12-10,47.30729293823242
2019-12-11,47.44850158691406
2019-12-12,48.28587341308594
2019-12-13,47.76753616333008
2019-12-16,48.16432571411133
2019-12-17,48.57990264892578
2019-12-18,48.72378158569336
2019-12-19,48.72467803955078
2019-12-20,48.663909912109375
2019-12-23,48.664798736572266
2019-12-24,48.69799041748047
2019-12-26,48.697105407714844
2019-12-27,48.37953186035156
2019-12-30,48.41631317138672
2019-12-31,48.67646026611328
2020-01-02,48.39208984375
2020-01-03,48.23957824707031
2020-01-06,48.18217086791992
2020-01-07,48.0449104309082
2020-01-08,47.86101531982422
2020-01-09,47.67620086669922
2020-01-10,47.30839157104492
2020-01-13,47.61699676513672
2020-01-14,47.780269622802734
2020-01-15,47.61699676513672
2020-01-16,48.28264617919922
2020-01-17,48.06016540527344
2020-01-21,47.286865234375
2020-01-22,47.14601516723633
2020-01-23,47.25006866455078
2020-01-24,46.523441314697266
2020-01-27,45.637107849121094
2020-01-28,46.01119613647461
2020-01-29,45.663124084472656
2020-01-30,45.59315490722656
2020-01-31,44.416168212890625
2020-02-03,44.69695281982422
2020-02-04,45.27289581298828
2020-02-05,46.496524810791016
2020-02-06,46.202274322509766
2020-02-07,45.51958465576172
2020-02-10,45.422691345214844
2020-02-11,45.9627571105957
2020-02-12,46.394248962402344
2020-02-13,46.36375045776367
2020-02-14,46.03271484375
2020-02-18,45.6595344543457
2020-02-19,46.100006103515625
2020-02-20,46.36733627319336
2020-02-21,45.746551513671875
2020-02-24,44.05103302001953
2020-02-25,42.30708312988281
2020-02-26,41.40727996826172
2020-02-27,39.9181022644043
2020-02-28,39.409454345703125
2020-03-02,40.27964782714844
2020-03-03,39.117897033691406
2020-03-04,39.9871826171875
2020-03-05,37.94987869262695
2020-03-06,37.10750961303711
2020-03-09,32.726078033447266
2020-03-10,33.82951736450195
2020-03-11,31.658550262451172
2020-03-12,28.115013122558594
2020-03-13,30.60894012451172
2020-03-16,26.724512100219727
2020-03-17,28.03427505493164
2020-03-18,24.67015266418457
2020-03-19,26.21406364440918
2020-03-20,25.07564353942871
2020-03-23,24.643247604370117
2020-03-24,27.276325225830078
2020-03-25,27.726585388183594
2020-03-26,29.04132080078125
2020-03-27,27.680652618408203
2020-03-30,28.023744583129883
2020-03-31,28.03274917602539
2020-04-01,26.14168930053711
2020-04-02,26.376718521118164
2020-04-03,25.68243408203125
2020-04-06,27.888671875
2020-04-07,28.510019302368164
2020-04-08,29.896791458129883
2020-04-09,31.418655395507812
2020-04-13,30.437097549438477
2020-04-14,30.560468673706055
2020-04-15,28.964778900146484
2020-04-16,28.5550479888916
2020-04-17,30.177757263183594
2020-04-20,29.576215744018555
2020-04-21,29.07914161682129
2020-04-22,29.27364158630371
2020-04-23,29.824758529663086
2020-04-24,30.1939640045166
2020-04-27,31.797771453857422
2020-04-28,32.643348693847656
2020-04-29,34.984657287597656
2020-04-30,33.78699493408203
2020-05-01,32.03099822998047
2020-05-04,32.08502960205078
2020-05-05,31.841896057128906
2020-05-06,31.193531036376953
2020-05-07,31.760847091674805
2020-05-08,33.50423049926758
2020-05-11,32.81443786621094
2020-05-12,31.40064811706543
2020-05-13,29.977846145629883
2020-05-14,30.229984283447266
2020-05-15,30.590198516845703
2020-05-18,33.33672332763672
2020-05-19,32.517276763916016
2020-05-20,33.64290237426758
2020-05-21,33.86802673339844
2020-05-22,33.82300567626953
2020-05-26,35.55198669433594
2020-05-27,37.316959381103516
2020-05-28,35.91217803955078
2020-05-29,35.452919006347656
2020-06-01,35.894168853759766
2020-06-02,36.55154037475586
2020-06-03,38.07339859008789
2020-06-04,38.88385009765625
2020-06-05,40.90279006958008
2020-06-08,42.41382598876953
2020-06-09,40.939697265625
2020-06-10,39.000919342041016
2020-06-11,35.407894134521484
2020-06-12,36.668609619140625
2020-06-15,37.235923767089844
2020-06-16,38.37055969238281
2020-06-17,37.343994140625
2020-06-18,37.2125244140625
2020-06-19,36.75865173339844
2020-06-22,36.88472366333008
2020-06-23,36.96333694458008
2020-06-24,35.37311935424805
2020-06-25,35.833927154541016
2020-06-26,34.65571594238281
2020-06-29,36.07786560058594
2020-06-30,36.60192108154297
2020-07-01,35.716461181640625
2020-07-02,36.02366256713867
2020-07-06,36.54771041870117
2020-07-07,35.5628776550293
2020-07-08,35.91523742675781
2020-07-09,34.73974609375
2020-07-10,35.815860748291016
2020-07-13,35.472503662109375
2020-07-14,36.11402130126953
2020-07-15,37.74940490722656
2020-07-16,37.59580612182617
2020-07-17,37.261497497558594
2020-07-20,36.75551986694336
2020-07-21,38.02046203613281
2020-07-22,37.93010711669922
2020-07-23,38.34572982788086
2020-07-24,37.94094467163086
2020-07-27,38.074676513671875
2020-07-28,37.74940490722656
2020-07-29,38.616783142089844
2020-07-30,38.110809326171875
2020-07-31,37.586769104003906
2020-08-03,38.21019744873047
2020-08-04,38.57160186767578
2020-08-05,39.46611022949219
2020-08-06,39.32154083251953
2020-08-07,40.20699691772461
2020-08-10,41.155696868896484
2020-08-11,41.390625
2020-08-12,41.688785552978516
2020-08-13,41.19636535644531
2020-08-14,41.562278747558594
2020-08-17,41.41771697998047
2020-08-18,40.77621841430664
2020-08-19,40.75362777709961
2020-08-20,40.24314498901367
2020-08-21,39.89979553222656
2020-08-24,40.974998474121094
2020-08-25,41.029212951660156
2020-08-26,40.63616943359375
2020-08-27,41.04275131225586
2020-08-28,41.35448455810547
2020-08-31,40.712974548339844
2020-09-01,41.27315139770508
2020-09-02,41.57132339477539
2020-09-03,40.676822662353516
2020-09-04,40.85029983520508
2020-09-08,39.845584869384766
2020-09-09,40.234100341796875
2020-09-10,39.65042495727539
2020-09-11,39.592594146728516
2020-09-14,40.448238372802734
2020-09-15,40.27928924560547
2020-09-16,40.74007034301758
2020-09-17,40.62713623046875
2020-09-18,40.39673614501953
2020-09-21,38.680030822753906
2020-09-22,38.758018493652344
2020-09-23,37.64352798461914
2020-09-24,37.74326705932617
2020-09-25,37.92374038696289
2020-09-28,39.23863983154297
2020-09-29,38.67641830444336
2020-09-30,38.83056640625
2020-10-01,39.23863983154297
2020-10-02,40.16361999511719
2020-10-05,41.351566314697266
2020-10-06,41.08858108520508
2020-10-07,42.12236785888672
2020-10-08,42.902244567871094
2020-10-09,42.8931770324707
2020-10-12,43.14708709716797
2020-10-13,42.57579040527344
2020-10-14,42.439762115478516
2020-10-15,43.047332763671875
2020-10-16,42.684600830078125
2020-10-19,42.22212219238281
2020-10-20,42.684600830078125
2020-10-21,42.41255187988281
2020-10-22,43.14980697631836
2020-10-23,43.5914421081543
2020-10-26,42.430702209472656
2020-10-27,41.650821685791016
2020-10-28,40.26336669921875
2020-10-29,40.934410095214844
2020-10-30,40.65330505371094
2020-11-02,41.596405029296875
2020-11-03,42.621131896972656
2020-11-04,41.768707275390625
2020-11-05,43.065486907958984
2020-11-06,42.40349197387695
2020-11-09,45.015167236328125
2020-11-10,46.24845886230469
2020-11-11,45.78596115112305
2020-11-12,44.70683288574219
2020-11-13,46.01268768310547
2020-11-16,47.53616714477539
2020-11-17,47.92610549926758
2020-11-18,47.40013885498047
2020-11-19,47.799137115478516
2020-11-20,47.4636116027832
2020-11-23,48.94175720214844
2020-11-24,50.47429275512695
2020-11-25,49.884857177734375
2020-11-27,49.67628479003906
2020-11-30,48.1110954284668
2020-12-01,48.88734817504883
2020-12-02,49.32261276245117
2020-12-03,49.82137680053711
2020-12-04,51.259613037109375
2020-12-07,50.89144515991211
2020-12-08,51.163490295410156
2020-12-09,51.22697448730469
2020-12-10,51.57156753540039
2020-12-11,51.018394470214844
2020-12-14,50.483367919921875
2020-12-15,51.86175537109375
2020-12-16,51.57156753540039
2020-12-17,51.907894134521484
2020-12-18,51.56153869628906
2020-12-21,51.26075744628906
2020-12-22,51.11492919921875
2020-12-23,52.11753463745117
2020-12-24,51.97170639038086
2020-12-28,51.980812072753906
2020-12-29,51.24252700805664
2020-12-30,51.83498001098633
2020-12-31,51.80764389038086
2021-01-04,51.32455825805664
2021-01-05,52.69175720214844
2021-01-06,55.644901275634766
2021-01-07,56.26469802856445
2021-01-08,55.52641677856445
2021-01-11,55.96392059326172
2021-01-12,57.45870590209961
2021-01-13,56.67394256591797
2021-01-14,58.01470947265625
2021-01-15,56.97563934326172
2021-01-19,57.449607849121094
2021-01-20,57.713932037353516
2021-01-21,56.94829559326172
2021-01-22,57.4769401550293
2021-01-25,57.20350646972656
2021-01-26,56.69308090209961
2021-01-27,56.00037384033203
2021-01-28,55.754276275634766
2021-01-29,54.47822189331055
2021-02-01,55.772499084472656
2021-02-02,56.446990966796875
2021-02-03,57.194393157958984
2021-02-04,58.30638122558594
2021-02-05,58.74386978149414
2021-02-08,60.3845100402832
2021-02-09,60.338932037353516
2021-02-10,60.49387741088867
2021-02-11,60.275146484375
2021-02-12,60.758216857910156
2021-02-16,61.250404357910156
2021-02-17,60.94051742553711
2021-02-18,59.67357635498047
2021-02-19,61.068119049072266
2021-02-22,62.180110931396484
2021-02-23,62.262115478515625
2021-02-24,63.911895751953125
2021-02-25,62.262115478515625
2021-02-26,61.6696891784668
2021-03-01,63.702247619628906
2021-03-02,62.982200622558594
2021-03-03,63.79340744018555
2021-03-04,63.00041198730469
2021-03-05,64.86891174316406
2021-03-08,66.2178726196289
2021-03-09,66.01736450195312
2021-03-10,67.65800476074219
2021-03-11,68.48741149902344
2021-03-12,69.20748138427734
2021-03-15,69.27130889892578
2021-03-16,68.06816864013672
2021-03-17,68.66972351074219
2021-03-18,67.12937927246094
2021-03-19,67.46659088134766
2021-03-22,66.30903625488281
2021-03-23,63.51734924316406
2021-03-24,63.014259338378906
2021-03-25,64.81624603271484
2021-03-26,66.61820983886719
2021-03-29,64.78878784179688
2021-03-30,65.9687728881836
2021-03-31,66.05109405517578
2021-04-01,66.9566650390625
2021-04-05,67.22191619873047
2021-04-06,66.97493743896484
2021-04-07,66.51758575439453
2021-04-08,66.51758575439453
2021-04-09,66.72796630859375
2021-04-12,66.92005920410156
2021-04-13,66.11511993408203
2021-04-14,67.13043212890625
2021-04-15,67.19446563720703
2021-04-16,67.615234375
2021-04-19,67.20362091064453
2021-04-20,65.08150482177734
2021-04-21,66.3529281616211
2021-04-22,65.86814880371094
2021-04-23,67.35912322998047
2021-04-26,67.59695434570312
2021-04-27,68.06344604492188
2021-04-28,68.50251007080078
2021-04-29,68.70372772216797
2021-04-30,67.59695434570312
2021-05-03,69.03302764892578
2021-05-04,69.08792114257812
2021-05-05,69.75566101074219
2021-05-06,70.14897918701172
2021-05-07,71.08197784423828
2021-05-10,70.17642211914062
2021-05-11,69.60932159423828
2021-05-12,67.49633026123047
2021-05-13,68.84095001220703
2021-05-14,70.67037963867188
2021-05-17,71.34724426269531
2021-05-18,70.2130126953125
2021-05-19,69.380615234375
2021-05-20,69.15194702148438
2021-05-21,69.60014343261719
2021-05-24,69.70993041992188
2021-05-25,68.4384765625
2021-05-26,69.91114807128906
2021-05-27,70.99051666259766
2021-05-28,70.8716049194336
2021-06-01,72.20708465576172
2021-06-02,71.8411865234375
2021-06-03,71.62165069580078
2021-06-04,71.63994598388672
2021-06-07,71.83203887939453
2021-06-08,72.52722930908203
2021-06-09,71.7405776977539
2021-06-10,70.88988494873047
2021-06-11,71.71312713623047
2021-06-14,70.72525024414062
2021-06-15,71.20088195800781
2021-06-16,70.95392608642578
2021-06-17,68.64888000488281
2021-06-18,66.92921447753906
2021-06-21,68.98728942871094
2021-06-22,69.15876007080078
2021-06-23,69.39714050292969
2021-06-24,70.48821258544922
2021-06-25,70.72659301757812
2021-06-28,69.36048126220703
2021-06-29,69.1404037475586
2021-06-30,69.6813735961914
2021-07-01,70.4790267944336
2021-07-02,69.6813735961914
2021-07-06,68.0401840209961
2021-07-07,67.74678802490234
2021-07-08,66.90328216552734
2021-07-09,68.9570541381836
2021-07-12,69.20458221435547
2021-07-13,67.9485092163086
2021-07-14,67.21499633789062
2021-07-15,66.76575469970703
2021-07-16,65.32627868652344
2021-07-19,63.68509292602539
2021-07-20,65.49590301513672
2021-07-21,66.89410400390625
2021-07-22,65.73886108398438
2021-07-23,66.15145874023438
2021-07-26,66.92159271240234
2021-07-27,66.26148223876953
2021-07-28,66.89410400390625
2021-07-29,67.72845458984375
2021-07-30,67.2883529663086
2021-08-02,66.79325103759766
2021-08-03,67.5450668334961
2021-08-04,66.05059814453125
2021-08-05,67.11417388916016
2021-08-06,68.10436248779297
2021-08-09,67.62761688232422
2021-08-10,68.79200744628906
2021-08-11,69.69969940185547
2021-08-12,69.4429702758789
2021-08-13,68.74615478515625
2021-08-16,68.22354888916016
2021-08-17,67.16000366210938
2021-08-18,66.44486236572266
2021-08-19,65.52799224853516
2021-08-20,66.49070739746094
2021-08-23,67.45338439941406
2021-08-24,68.24188232421875
2021-08-25,68.72782135009766
2021-08-26,67.8568115234375
2021-08-27,69.8555908203125
2021-08-30,69.33297729492188
2021-08-31,69.22293853759766
2021-09-01,69.39714050292969
2021-09-02,69.77306365966797
2021-09-03,69.48790740966797
2021-09-07,68.91121673583984
2021-09-08,68.09519958496094
2021-09-09,68.25106811523438
2021-09-10,67.74678802490234
2021-09-13,68.4619369506836
2021-09-14,67.3525390625
2021-09-15,68.5994644165039
2021-09-16,68.25106811523438
2021-09-17,68.03102111816406
2021-09-20,66.63739776611328
2021-09-21,66.41885375976562
2021-09-22,67.50228881835938
2021-09-23,69.04475402832031
2021-09-24,69.22840118408203
2021-09-27,71.39523315429688
2021-09-28,70.55970764160156
2021-09-29,70.67908477783203
2021-09-30,69.42121124267578
2021-10-01,70.80762481689453
2021-10-04,71.17489624023438
2021-10-05,71.42279052734375
2021-10-06,70.65152740478516
2021-10-07,71.8359375
2021-10-08,71.7992172241211
2021-10-11,71.3585205078125
2021-10-12,71.46867370605469
2021-10-13,71.3585205078125
2021-10-14,72.16647338867188
2021-10-15,72.20321655273438
2021-10-18,72.58882141113281
2021-10-19,72.49700927734375
2021-10-20,73.3233642578125
2021-10-21,73.121337890625
2021-10-22,73.44269561767578
2021-10-25,74.37923431396484
2021-10-26,73.43353271484375
2021-10-27,71.4778823852539
2021-10-28,72.52456665039062
2021-10-29,72.22157287597656
2021-11-01,74.25984191894531
2021-11-02,74.03948974609375
2021-11-03,75.60953521728516
2021-11-04,75.32491302490234
2021-11-05,76.7388687133789
2021-11-08,77.005126953125
2021-11-09,76.85822296142578
2021-11-10,75.82989501953125
2021-11-11,76.7847671508789
2021-11-12,76.79395294189453
2021-11-15,76.74803161621094
2021-11-16,76.87659454345703
2021-11-17,75.7197036743164
2021-11-18,75.88499450683594
2021-11-19,74.74647521972656
2021-11-22,75.554443359375
2021-11-23,76.14205169677734
2021-11-24,75.81153106689453
2021-11-26,72.7173843383789
2021-11-29,72.59800720214844
2021-11-30,70.71580505371094
2021-12-01,69.44874572753906
2021-12-02,71.38607025146484
2021-12-03,70.5413589477539
2021-12-06,72.10221862792969
2021-12-07,73.30499267578125
2021-12-08,73.50696563720703
2021-12-09,72.70819854736328
2021-12-10,72.92854309082031
2021-12-13,71.3034439086914
2021-12-14,71.07389068603516
2021-12-15,71.76248931884766
2021-12-16,71.04466247558594
2021-12-17,70.63815307617188
2021-12-20,69.40019989013672
2021-12-21,71.55276489257812
2021-12-22,72.20870971679688
2021-12-23,72.4951171875
2021-12-27,73.8254623413086
2021-12-28,73.67764282226562
2021-12-29,74.03794860839844
2021-12-30,73.55755615234375
2021-12-31,73.66839599609375
2022-01-03,74.65694427490234
2022-01-04,75.96881103515625
2022-01-05,74.296630859375
2022-01-06,75.37754821777344
2022-01-07,75.02647399902344
2022-01-10,74.77703094482422
2022-01-11,75.58079528808594
2022-01-12,75.66395568847656
2022-01-13,75.75633239746094
2022-01-14,76.11663055419922
2022-01-18,74.43521118164062
2022-01-19,73.16954040527344
2022-01-20,71.34952545166016
2022-01-21,70.12081146240234
2022-01-24,71.89459991455078
2022-01-25,71.61743927001953
2022-01-26,70.58274841308594
2022-01-27,69.5849609375
2022-01-28,70.3147964477539
2022-01-31,71.34952545166016
2022-02-01,72.68911743164062
2022-02-02,72.51359558105469
2022-02-03,71.6821060180664
2022-02-04,71.70059967041016
2022-02-07,71.75604248046875
2022-02-08,72.90162658691406
2022-02-09,73.64070129394531
2022-02-10,72.84619140625
2022-02-11,72.64290618896484
2022-02-14,72.18099975585938
2022-02-15,73.69612884521484
2022-02-16,73.80699157714844
2022-02-17,72.40274047851562
2022-02-18,72.33805847167969
2022-02-22,71.17398071289062
2022-02-23,70.17622375488281
2022-02-24,70.72132110595703
2022-02-25,72.43968200683594
2022-02-28,72.7907485961914
2022-03-01,71.42343139648438
2022-03-02,73.90859985351562
2022-03-03,73.55755615234375
2022-03-04,72.80923461914062
2022-03-07,70.80445861816406
2022-03-08,71.21095275878906
2022-03-09,72.48587036132812
2022-03-10,73.13257598876953
2022-03-11,72.50435638427734
2022-03-14,71.74678039550781
2022-03-15,72.18099975585938
2022-03-16,73.95480346679688
2022-03-17,74.91560363769531
2022-03-18,75.22975158691406
2022-03-21,75.18354797363281
2022-03-22,75.45869445800781
2022-03-23,74.30064392089844
2022-03-24,75.03252410888672
2022-03-25,76.07939910888672
2022-03-28,75.21784210205078
2022-03-29,76.4963150024414
2022-03-30,75.13442993164062
2022-03-31,73.98564147949219
2022-04-01,74.40254974365234
2022-04-04,74.01344299316406
2022-04-05,72.43848419189453
2022-04-06,71.52130889892578
2022-04-07,71.4657211303711
2022-04-08,71.84558868408203
2022-04-11,71.53057861328125
2022-04-12,71.94747924804688
2022-04-13,73.49462127685547
2022-04-14,73.38346099853516
2022-04-18,73.83741760253906
2022-04-19,75.0881118774414
2022-04-20,75.72736358642578
2022-04-21,73.88373565673828
2022-04-22,71.57691192626953
2022-04-25,71.50279235839844
2022-04-26,69.6684341430664
2022-04-27,69.82592010498047
2022-04-28,71.4842529296875
2022-04-29,69.60356903076172
2022-05-02,70.1594467163086
2022-05-03,71.6788101196289
2022-05-04,73.865234375
2022-05-05,71.52130889892578
2022-05-06,70.79869842529297
2022-05-09,68.31580352783203
2022-05-10,67.91744995117188
2022-05-11,66.9354248046875
2022-05-12,67.19483184814453
2022-05-13,68.89022064208984
2022-05-16,68.89022064208984
2022-05-17,71.0673599243164
2022-05-18,68.3528823852539
2022-05-19,68.08422088623047
2022-05-20,67.88966369628906
2022-05-23,69.06624603271484
2022-05-24,68.29730224609375
2022-05-25,70.14091491699219
2022-05-26,71.90116119384766
2022-05-27,73.54094696044922
2022-05-31,72.72569274902344
2022-06-01,72.79981994628906
2022-06-02,74.09683227539062
2022-06-03,73.67066192626953
2022-06-06,74.50444793701172
2022-06-07,75.5791244506836
2022-06-08,74.1060791015625
2022-06-09,72.65157318115234
2022-06-10,70.53002166748047
2022-06-13,67.20408630371094
2022-06-14,67.45423126220703
2022-06-15,67.8248062133789
2022-06-16,64.14684295654297
2022-06-17,63.794803619384766
2022-06-21,64.89923095703125
2022-06-22,63.72686767578125
2022-06-23,63.205810546875
2022-06-24,65.19700622558594
2022-06-27,65.9227294921875
2022-06-28,65.47611999511719
2022-06-29,64.35956573486328
2022-06-30,63.605892181396484
2022-07-01,64.1734848022461
2022-07-05,63.605892181396484
2022-07-06,62.73128128051758
2022-07-07,64.34097290039062
2022-07-08,64.30375671386719
2022-07-11,63.65243911743164
2022-07-12,63.577999114990234
2022-07-13,63.53146743774414
2022-07-14,62.6661491394043
2022-07-15,64.08972930908203
2022-07-18,64.5084457397461
2022-07-19,66.97416687011719
2022-07-20,67.83016967773438
2022-07-21,67.45800018310547
2022-07-22,66.76014709472656
2022-07-25,67.77433013916016
2022-07-26,67.27191162109375
2022-07-27,68.94672393798828
2022-07-28,69.63526916503906
2022-07-29,70.47265625
2022-08-01,70.46336364746094
2022-08-02,69.61663818359375
2022-08-03,70.221435546875
2022-08-04,69.51429748535156
2022-08-05,69.9795150756836
2022-08-08,70.44474792480469
2022-08-09,69.8492431640625
2022-08-10,71.46825408935547
2022-08-11,72.62200927734375
2022-08-12,73.82231903076172
2022-08-15,73.57109832763672
2022-08-16,74.25032043457031
2022-08-17,73.34777069091797
2022-08-18,74.39918518066406
2022-08-19,73.20819854736328
2022-08-22,71.89627075195312
2022-08-23,72.24054718017578
2022-08-24,72.31497955322266
2022-08-25,73.56175994873047
2022-08-26,71.52407836914062
2022-08-29,70.97510528564453
2022-08-30,69.57942962646484
2022-08-31,68.89089965820312
2022-09-01,67.96974182128906
2022-09-02,67.77433013916016
2022-09-06,66.99275970458984
2022-09-07,67.70922088623047
2022-09-08,67.8766860961914
2022-09-09,69.41195678710938
2022-09-12,70.26795959472656
2022-09-13,67.59754943847656
2022-09-14,67.74642944335938
2022-09-15,67.36494445800781
2022-09-16,66.42520141601562
2022-09-19,67.32772827148438
2022-09-20,66.38615417480469
2022-09-21,65.46051025390625
2022-09-22,64.13276672363281
2022-09-23,62.1131477355957
2022-09-26,61.16877365112305
2022-09-27,61.5521354675293
2022-09-28,63.394107818603516
2022-09-29,62.25339889526367
2022-09-30,61.84199142456055
2022-10-03,63.983184814453125
2022-10-04,66.6292724609375
2022-10-05,66.52641296386719
2022-10-06,66.46096801757812
2022-10-07,65.01168823242188
2022-10-10,65.00232696533203
2022-10-11,64.97428131103516
2022-10-12,65.0490951538086
2022-10-13,66.928466796875
2022-10-14,65.33893585205078
2022-10-17,66.96588134765625
2022-10-18,67.66714477539062
2022-10-19,66.8817138671875
2022-10-20,65.87191772460938
2022-10-21,67.55493927001953
2022-10-24,68.18140411376953
2022-10-25,69.43431854248047
2022-10-26,69.82701873779297
2022-10-27,69.9859848022461
2022-10-28,71.32306671142578
2022-10-31,71.48200225830078
2022-11-01,71.77186584472656
2022-11-02,69.6680679321289
2022-11-03,69.51846313476562
2022-11-04,71.08930969238281
2022-11-07,72.00562286376953
2022-11-08,72.00562286376953
2022-11-09,69.74288177490234
2022-11-10,73.6231918334961
2022-11-11,74.36185455322266
2022-11-14,73.67929077148438
2022-11-15,74.73585510253906
2022-11-16,73.31464385986328
2022-11-17,73.12763214111328
2022-11-18,73.58578491210938
2022-11-21,73.24919128417969
2022-11-22,74.67040252685547
2022-11-23,74.60497283935547
2022-11-25,74.76390838623047
2022-11-28,73.28658294677734
2022-11-29,73.89436340332031
2022-11-30,75.30621337890625
2022-12-01,74.77326965332031
2022-12-02,75.02569580078125
2022-12-05,72.52922058105469
2022-12-06,72.08975982666016
2022-12-07,71.76251220703125
2022-12-08,71.73444366455078
2022-12-09,70.85555267333984
2022-12-12,71.74380493164062
2022-12-13,72.00562286376953
2022-12-14,71.54743957519531
2022-12-15,70.04225158691406
2022-12-16,69.41233825683594
2022-12-19,68.79183197021484
2022-12-20,69.16790008544922
2022-12-21,70.62516021728516
2022-12-22,69.44994354248047
2022-12-23,70.4371109008789
2022-12-27,70.44652557373047
2022-12-28,68.84825134277344
2022-12-29,70.31491088867188
2022-12-30,70.05164337158203
2023-01-03,69.38414764404297
2023-01-04,70.25849914550781
2023-01-05,69.88243103027344
2023-01-06,71.9131851196289
2023-01-09,71.83797454833984
2023-01-10,72.73111724853516
2023-01-11,73.45504760742188
2023-01-12,74.47982788085938
2023-01-13,74.83708953857422
2023-01-17,74.60205078125
2023-01-18,73.27642822265625
2023-01-19,73.06959533691406
2023-01-20,74.37641143798828
2023-01-23,75.28836822509766
2023-01-24,74.9969253540039
2023-01-25,75.39179992675781
2023-01-26,75.93708038330078
2023-01-27,75.95588684082031
2023-01-30,75.07212829589844
2023-01-31,76.99947357177734
2023-02-01,77.98664855957031
2023-02-02,79.03024291992188
2023-02-03,78.89578247070312
2023-02-06,77.8174057006836
2023-02-07,78.79518127441406
2023-02-08,77.47895812988281
2023-02-09,76.36016845703125
2023-02-10,76.98067474365234
2023-02-13,77.79861450195312
2023-02-14,77.78919982910156
2023-02-15,78.34391784667969
2023-02-16,77.8174057006836
2023-02-17,77.77041625976562
2023-02-21,75.42938995361328
2023-02-22,75.42938995361328
2023-02-23,76.00288391113281
2023-02-24,75.75847625732422
2023-02-27,76.20032501220703
2023-02-28,76.02169799804688
2023-03-01,76.47297668457031
2023-03-02,76.83024597167969
2023-03-03,77.72339630126953
2023-03-06,76.33195495605469
2023-03-07,75.38240051269531
2023-03-08,75.34477233886719
2023-03-09,73.00376892089844
2023-03-10,71.0482406616211
2023-03-13,68.31233978271484
2023-03-14,69.4593505859375
2023-03-15,67.54141235351562
2023-03-16,68.94226837158203
2023-03-17,66.7610855102539
2023-03-20,67.59782409667969
2023-03-21,69.3747329711914
2023-03-22,67.42860412597656
2023-03-23,66.68067169189453
2023-03-24,67.16230010986328
2023-03-27,68.19164276123047
2023-03-28,68.51271057128906
2023-03-29,68.99432373046875
2023-03-30,68.80545806884766
2023-03-31,69.93868255615234
2023-04-03,70.49583435058594
2023-04-04,68.78656768798828
2023-04-05,68.32383728027344
2023-04-06,68.11608123779297
2023-04-10,69.0887680053711
2023-04-11,69.90091705322266
2023-04-12,69.68370819091797
2023-04-13,70.28809356689453
2023-04-14,69.96701049804688
2023-04-17,70.32587432861328
2023-04-18,70.08979034423828
2023-04-19,70.29753875732422
2023-04-20,69.72148895263672
2023-04-21,69.27763366699219
2023-04-24,69.59872436523438
2023-04-25,67.54947662353516
2023-04-26,66.860107421875
2023-04-27,67.79500579833984
2023-04-28,68.86212158203125
2023-05-01,68.56936645507812
2023-05-02,67.00175476074219
2023-05-03,66.57678985595703
2023-05-04,65.47190856933594
2023-05-05,67.5116958618164
2023-05-08,67.20950317382812
2023-05-09,66.90730285644531
2023-05-10,66.86954498291016
2023-05-11,66.51067352294922
2023-05-12,66.444580078125
2023-05-15,67.34171295166016
2023-05-16,66.30291748046875
2023-05-17,68.28606414794922
2023-05-18,69.02266693115234
2023-05-19,68.15386199951172
2023-05-22,68.78656768798828
2023-05-23,68.63548278808594
2023-05-24,68.03108978271484
2023-05-25,67.70057678222656
2023-05-26,68.2955093383789
2023-05-30,67.8516845703125
2023-05-31,66.35015869140625
2023-06-01,67.17172241210938
2023-06-02,70.27865600585938
2023-06-05,69.06988525390625
2023-06-06,71.4402084350586
2023-06-07,73.38557434082031
2023-06-08,72.89451599121094
2023-06-09,72.23347473144531
2023-06-12,72.17679595947266
2023-06-13,73.12115478515625
2023-06-14,72.23347473144531
2023-06-15,73.1400375366211
2023-06-16,72.4506607055664
2023-06-20,72.05304718017578
2023-06-21,72.16693115234375
2023-06-22,71.3603286743164
2023-06-23,70.53475952148438
2023-06-26,71.00923919677734
2023-06-27,72.2998046875
2023-06-28,72.48008728027344
2023-06-29,73.54290008544922
2023-06-30,73.64727783203125
2023-07-03,74.2356185913086
2023-07-05,73.30565643310547
2023-07-06,72.02458953857422
2023-07-07,73.31514739990234
2023-07-10,74.18817901611328
2023-07-11,75.08967590332031
2023-07-12,75.89627075195312
2023-07-13,76.31379699707031
2023-07-14,75.41230010986328
2023-07-17,76.04808807373047
2023-07-18,77.51896667480469
2023-07-19,78.20219421386719
2023-07-20,77.6043701171875
2023-07-21,77.24375915527344
2023-07-24,78.15475463867188
2023-07-25,78.0408706665039
2023-07-26,78.866455078125
2023-07-27,78.23065948486328
2023-07-28,79.31245422363281
2023-07-31,79.92926788330078
2023-08-01,79.7015151977539
2023-08-02,78.866455078125
2023-08-03,78.71463012695312
2023-08-04,79.06572723388672
2023-08-07,79.5117416381836
2023-08-08,79.27449798583984
2023-08-09,78.9139175415039
2023-08-10,78.429931640625
2023-08-11,78.61973571777344
2023-08-14,78.27811431884766
2023-08-15,77.08245086669922
2023-08-16,76.25687408447266
2023-08-17,75.73493957519531
2023-08-18,76.19993591308594
2023-08-21,75.82984161376953
2023-08-22,75.0706787109375
2023-08-23,75.6875
2023-08-24,75.04222869873047
2023-08-25,74.96630859375
2023-08-28,75.82984161376953
2023-08-29,76.86418151855469
2023-08-30,77.0255126953125
2023-08-31,77.04448699951172
2023-09-01,78.46790313720703
2023-09-05,76.48462677001953
2023-09-06,76.02911376953125
2023-09-07,75.46923828125
2023-09-08,75.45026397705078
2023-09-11,75.08016967773438
2023-09-12,75.44076538085938
2023-09-13,74.8239517211914
2023-09-14,76.19043731689453
2023-09-15,75.30792236328125
2023-09-18,74.90936279296875
2023-09-19,74.66264343261719
2023-09-20,74.0932846069336
2023-09-21,73.242919921875
2023-09-22,73.10946655273438
2023-09-25,73.91024017333984
2023-09-26,72.94739532470703
2023-09-27,73.89118194580078
2023-09-28,74.73961639404297
2023-09-29,74.31061553955078
2023-10-02,73.09994506835938
2023-10-03,71.91781616210938
2023-10-04,71.59368896484375
2023-10-05,71.64136505126953
2023-10-06,72.07034301757812
2023-10-09,72.97600555419922
2023-10-10,73.74817657470703
2023-10-11,73.98651123046875
2023-10-12,72.78532409667969
2023-10-13,72.26101684570312
2023-10-16,73.28105926513672
2023-10-17,74.38688659667969
2023-10-18,72.99505615234375
2023-10-19,71.99407196044922
2023-10-20,71.0503158569336
2023-10-23,70.60224151611328
2023-10-24,70.72618103027344
2023-10-25,70.18278503417969
2023-10-26,70.5450439453125
2023-10-27,69.95399475097656
2023-10-30,70.37345123291016
2023-10-31,70.58318328857422
2023-11-01,71.16471099853516
2023-11-02,73.25244903564453
2023-11-03,74.95887756347656
2023-11-06,73.84349060058594
2023-11-07,72.9188003540039
2023-11-08,72.16567993164062
2023-11-09,71.48883056640625
2023-11-10,72.40400695800781
2023-11-13,72.36588287353516
2023-11-14,76.02659606933594
2023-11-15,76.38883209228516
2023-11-16,75.09235382080078
2023-11-17,76.4174575805664
2023-11-20,76.6557846069336
2023-11-21,75.71198272705078
2023-11-22,75.99800109863281
2023-11-24,76.42699432373047
2023-11-27,76.1600570678711
2023-11-28,75.7406005859375
2023-11-29,76.27445220947266
2023-11-30,76.60811614990234
2023-12-01,78.99139404296875
2023-12-04,79.54432678222656
2023-12-05,78.25732421875
2023-12-06,77.96182250976562
2023-12-07,78.95326232910156
2023-12-08,79.649169921875
2023-12-11,80.01142883300781
2023-12-12,79.27740478515625
2023-12-13,81.91805267333984
2023-12-14,84.66358947753906
2023-12-15,84.01533508300781
2023-12-18,84.09007263183594
2023-12-19,85.99663543701172
2023-12-20,84.6649169921875
2023-12-21,85.77628326416016
2023-12-22,86.35112762451172
2023-12-26,87.42417907714844
2023-12-27,87.37625885009766
2023-12-28,87.0313491821289
2023-12-29,86.03497314453125
2024-01-02,85.7092056274414
2024-01-03,83.78347778320312
2024-01-04,83.64935302734375
2024-01-05,83.80265808105469
2024-01-08,84.4637222290039
2024-01-09,83.381103515625
2024-01-10,83.48649597167969
2024-01-11,82.98829650878906
2024-01-12,82.85417175292969
2024-01-16,81.69489288330078
2024-01-17,81.3116683959961
2024-01-18,82.23141479492188
2024-01-19,83.10325622558594
2024-01-22,84.64576721191406
2024-01-23,84.02301025390625
2024-01-24,83.95594787597656
2024-01-25,84.75113677978516
2024-01-26,85.05773162841797
2024-01-29,85.82418823242188
2024-01-30,85.8912582397461
2024-01-31,83.54396057128906
2024-02-01,83.88888549804688
2024-02-02,83.46733093261719
2024-02-05,82.15476989746094
2024-02-06,82.37512969970703
2024-02-07,82.28889465332031
2024-02-08,83.34276580810547
2024-02-09,84.22420501708984
2024-02-12,85.78587341308594
2024-02-13,82.87332153320312
2024-02-14,83.91761779785156
2024-02-15,85.8912582397461
2024-02-16,84.81822204589844
2024-02-20,83.87930297851562
2024-02-21,83.9942626953125
2024-02-22,84.12838745117188
2024-02-23,84.54037475585938
2024-02-26,84.65533447265625
2024-02-27,85.29724884033203
2024-02-28,84.62659454345703
2024-02-29,85.3355712890625
2024-03-01,85.87207794189453
2024-03-04,85.4313735961914
2024-03-05,85.52718353271484
2024-03-06,85.49844360351562
2024-03-07,86.1211929321289
2024-03-08,85.96791076660156
2024-03-11,85.7667007446289
2024-03-12,85.61339569091797
2024-03-13,86.07328033447266
2024-03-14,84.83739471435547
2024-03-15,85.2397689819336
2024-03-18,84.9810791015625
2024-03-19,85.81460571289062
2024-03-20,87.53912353515625
2024-03-21,88.75711822509766
2024-03-22,87.57469177246094
2024-03-25,87.73812103271484
2024-03-26,87.36321258544922
2024-03-27,89.40116119384766
2024-03-28,90.08370208740234
2024-04-01,89.39156341552734
2024-04-02,88.02651977539062
2024-04-03,88.78594970703125
2024-04-04,87.69967651367188
2024-04-05,88.14189910888672
2024-04-08,88.53599548339844
2024-04-09,88.60330200195312
2024-04-10,86.35386657714844
2024-04-11,86.64225006103516
2024-04-12,85.42138671875
2024-04-15,84.75810241699219
2024-04-16,84.36395263671875
2024-04-17,83.5660629272461
2024-04-18,83.58529663085938
2024-04-19,84.65234375
2024-04-22,85.44061279296875
2024-04-23,86.91140747070312
2024-04-24,86.74797821044922
2024-04-25,86.41153717041016
2024-04-26,86.74797821044922
2024-04-29,87.1517333984375
2024-04-30,84.95995330810547
2024-05-01,84.96957397460938
2024-05-02,86.47882080078125
2024-05-03,87.34397888183594
2024-05-06,88.18994903564453
2024-05-07,88.06497192382812
2024-05-08,88.1034164428711
2024-05-09,89.29544067382812
2024-05-10,88.85323333740234
2024-05-13,88.95897674560547
2024-05-14,89.65111541748047
2024-05-15,90.14138793945312
2024-05-16,89.67996215820312
2024-05-17,89.8337631225586
2024-05-20,89.6895751953125
2024-05-21,89.73764038085938
2024-05-22,88.71867370605469
2024-05-23,87.66122436523438
2024-05-24,88.49755859375
2024-05-28,88.28607177734375
2024-05-29,87.13249969482422
2024-05-30,88.18032836914062
2024-05-31,89.44925689697266
2024-06-03,88.7378921508789
2024-06-04,86.69991302490234
2024-06-05,87.46896362304688
2024-06-06,87.09406280517578
2024-06-07,86.40191650390625
2024-06-10,86.43074798583984
2024-06-11,85.73861694335938
2024-06-12,87.11328125
2024-06-13,85.94049072265625
2024-06-14,84.33512115478516
2024-06-17,85.3060302734375
2024-06-18,85.4598388671875
2024-06-20,85.3733139038086
2024-06-21,85.24835205078125
2024-06-24,86.2413558959961
2024-06-25,85.51689147949219
2024-06-26,85.56520080566406
2024-06-27,85.72942352294922
2024-06-28,86.66639709472656
2024-07-01,86.17375946044922
2024-07-02,86.54082489013672
2024-07-03,86.54082489013672
2024-07-05,85.23675537109375
2024-07-08,85.67144775390625
2024-07-09,85.24642944335938
2024-07-10,86.23170471191406
2024-07-11,89.40974426269531
2024-07-12,89.98931884765625
2024-07-15,91.45757293701172
2024-07-16,94.74185943603516
2024-07-17,94.4424057006836
2024-07-18,93.09007263183594
2024-07-19,92.36558532714844
2024-07-22,93.57304382324219
2024-07-23,94.38444519042969
2024-07-24,92.57808685302734
2024-07-25,94.29753112792969
2024-07-26,95.71748352050781
2024-07-29,94.92539978027344
2024-07-30,95.6015625
2024-07-31,96.30671691894531
2024-08-01,92.77130126953125
2024-08-02,88.87845611572266
2024-08-05,85.85498046875
2024-08-06,86.67606353759766
2024-08-07,85.72942352294922
2024-08-08,87.56474304199219
2024-08-09,87.31358337402344
2024-08-12,86.61809539794922
2024-08-13,87.77725982666016
2024-08-14,87.19766998291016
2024-08-15,89.3131332397461
2024-08-16,89.8057861328125
2024-08-19,90.55923461914062
2024-08-20,89.12960052490234
2024-08-21,89.98931884765625
2024-08-22,89.46768951416016
2024-08-23,92.59740447998047
2024-08-26,92.55877685546875
2024-08-27,91.9405746459961
2024-08-28,91.5831527709961
2024-08-29,92.19172668457031
2024-08-30,92.64572143554688
2024-09-03,90.03761291503906
2024-09-04,89.4483642578125
2024-09-05,88.88810729980469
2024-09-06,87.40052032470703
2024-09-09,87.16869354248047
2024-09-10,86.68569946289062
2024-09-11,86.60845184326172
2024-09-12,87.67098999023438
2024-09-13,89.92169952392578
2024-09-16,90.70413970947266
2024-09-17,91.66043853759766
2024-09-18,91.64110565185547
2024-09-19,93.68896484375
2024-09-20,92.63607025146484
2024-09-23,92.56526947021484
2024-09-24,92.59434509277344
2024-09-25,91.22682189941406
2024-09-26,91.76025390625
2024-09-27,92.681640625
2024-09-30,93.05989837646484
2024-10-01,92.0415267944336
2024-10-02,91.70207977294922
2024-10-03,91.57598114013672
2024-10-04,92.9435043334961
2024-10-07,92.51676940917969
2024-10-08,92.080322265625
2024-10-09,92.32279205322266
2024-10-10,92.16761016845703
2024-10-11,94.0491714477539
2024-10-14,94.35953521728516
2024-10-15,94.14615631103516
2024-10-16,95.69795989990234
2024-10-17,95.75615692138672
2024-10-18,95.23242950439453
2024-10-21,93.31205749511719
2024-10-22,93.06959533691406
2024-10-23,92.2063980102539
2024-10-24,92.54586029052734
2024-10-25,92.06092071533203
2024-10-28,93.46725463867188
2024-10-29,92.78832244873047
2024-10-30,92.92411804199219
2024-10-31,91.89603424072266
2024-11-01,91.83784484863281
2024-11-04,92.11911010742188
2024-11-05,94.09766387939453
2024-11-06,101.04199981689453
2024-11-07,99.8005599975586
2024-11-08,99.97514343261719
2024-11-11,101.70152282714844
2024-11-12,100.36309814453125
2024-11-13,99.47078704833984
2024-11-14,98.8500747680664
2024-11-15,98.0353775024414
2024-11-18,98.18086242675781
2024-11-19,97.889892578125
2024-11-20,97.91899108886719
2024-11-21,99.67446899414062
2024-11-22,101.6239242553711
2024-11-25,103.204833984375
2024-11-26,102.09916687011719
2024-11-27,102.1088638305664
2024-11-29,102.31253814697266
2024-12-02,102.5453109741211
2024-12-03,101.8760986328125
2024-12-04,101.82760620117188
2024-12-05,100.72193908691406
2024-12-06,100.1788101196289
2024-12-09,99.89754486083984
2024-12-10,99.89754486083984
2024-12-11,100.63465881347656
2024-12-12,99.59688568115234
2024-12-13,98.93736267089844
2024-12-16,98.81127166748047
2024-12-17,97.4330062866211
2024-12-18,93.55634307861328
2024-12-19,93.18620300292969
2024-12-20,93.61478424072266
2024-12-23,93.59529876708984
2024-12-24,94.55960083007812
2024-12-26,95.0855941772461
2024-12-27,93.98491668701172
2024-12-30,93.66349029541016
2024-12-31,94.02388763427734
2025-01-02,93.87777709960938
2025-01-03,94.7154541015625
2025-01-06,94.5790786743164
2025-01-07,93.94596099853516
2025-01-08,93.62454223632812
2025-01-10,92.23165130615234
2025-01-13,93.01087188720703
2025-01-14,94.82259368896484
2025-01-15,96.39079284667969
2025-01-16,96.34208679199219
2025-01-17,96.74144744873047
2025-01-21,98.09535217285156
2025-01-22,97.24794006347656
2025-01-23,97.39405822753906
2025-01-24,97.22846984863281
2025-01-27,96.52714538574219
2025-01-28,96.20573425292969
2025-01-29,96.39079284667969
2025-01-30,97.02392578125
2025-01-31,95.75765991210938
2025-02-03,94.03361511230469
2025-02-04,95.43624114990234
2025-02-05,95.92325592041016
2025-02-06,95.86480712890625
2025-02-07,94.64726257324219
2025-02-10,94.95895385742188
2025-02-11,95.3291015625
2025-02-12,93.95569610595703
2025-02-13,94.7154541015625
2025-02-14,94.93948364257812
2025-02-18,95.67974090576172
2025-02-19,94.91024780273438
2025-02-20,93.96543884277344
2025-02-21,91.47190856933594
2025-02-24,91.12124633789062
2025-02-25,90.80956268310547
2025-02-26,90.5757827758789
2025-02-27,89.767333984375
2025-02-28,90.43942260742188
2025-03-03,88.0822525024414
2025-03-04,86.26079559326172
2025-03-05,86.66015625
2025-03-06,85.84195709228516
2025-03-07,86.377685546875
2025-03-10,84.42961883544922
2025-03-11,84.09843444824219
2025-03-12,83.87440490722656
2025-03-13,82.75426483154297
2025-03-14,84.76078033447266
2025-03-17,85.64715576171875
2025-03-18,85.28675842285156
2025-03-19,86.48483276367188
2025-03-20,86.17314910888672
2025-03-21,85.57897186279297
2025-03-24,87.76081848144531
2025-03-25,87.35897064208984
2025-03-26,87.28075408935547
2025-03-27,86.94833374023438
2025-03-28,85.17866516113281
2025-03-31,85.22755432128906
2025-04-01,85.55998229980469
2025-04-02,86.89945220947266
2025-04-03,79.81100463867188
2025-04-04,76.26188659667969
2025-04-07,75.33306121826172
2025-04-08,73.49494934082031
2025-04-09,80.1336441040039
2025-04-10,76.17390441894531
2025-04-11,77.22005462646484
2025-04-14,77.8458023071289
2025-04-15,77.767578125
2025-04-16,77.46448516845703
2025-04-17,78.65729522705078
2025-04-21,77.05384063720703
2025-04-22,78.94083404541016
2025-04-23,79.74256134033203
2025-04-24,81.16024780273438
2025-04-25,80.86693572998047
2025-04-28,81.24824523925781
2025-04-29,81.697998046875
2025-04-30,80.7691650390625
2025-05-01,81.52201843261719
2025-05-02,83.61431884765625
2025-05-05,82.94947052001953
2025-05-06,82.53884887695312
2025-05-07,82.63660430908203
2025-05-08,84.4942626953125
2025-05-09,84.58226776123047
2025-05-12,87.69140625
2025-05-13,88.55179595947266
2025-05-14,87.99449920654297
2025-05-15,88.27803802490234
2025-05-16,88.7179946899414
2025-05-19,88.12159729003906
2025-05-20,87.99449920654297
2025-05-21,85.5208740234375
2025-05-22,85.57952880859375
2025-05-23,85.16889190673828
2025-05-27,87.56430053710938
2025-05-28,86.4399185180664
2025-05-29,86.6843490600586
2025-05-30,86.1661605834961
2025-06-02,86.01950073242188
2025-06-03,87.31008911132812
2025-06-04,86.58657836914062
2025-06-05,86.50836181640625
2025-06-06,87.75984191894531
2025-06-09,88.3953628540039
2025-06-10,88.9624252319336
2025-06-11,88.68867492675781
2025-06-12,88.50289916992188
2025-06-13,87.23188018798828
2025-06-16,88.17047882080078
2025-06-17,87.44696807861328
2025-06-18,87.5936279296875
2025-06-20,87.37853240966797
2025-06-23,88.15093231201172
2025-06-24,88.6274185180664
2025-06-25,87.90039825439453
2025-06-26,89.30531311035156
2025-06-27,89.60987854003906
2025-06-30,89.50180053710938
2025-07-01,91.35865020751953
2025-07-02,92.9600601196289
2025-07-03,93.34320831298828
2025-07-07,92.0463638305664
2025-07-08,93.02881622314453
2025-07-09,93.16636657714844
2025-07-10,94.12916564941406
2025-07-11,93.2154769897461
2025-07-14,93.40216064453125
2025-07-15,91.25057220458984
2025-07-16,91.56495666503906
2025-07-17,92.87162780761719
2025-07-18,92.12495422363281
2025-07-21,92.0463638305664
2025-07-22,93.39232635498047
2025-07-23,94.89549255371094
2025-07-24,93.16636657714844
2025-07-25,93.48075103759766
2025-07-28,93.61829376220703
2025-07-29,93.00917053222656
2025-07-30,91.7811050415039
2025-07-31,90.78882598876953
2025-08-01,88.78461456298828
2025-08-04,90.18952941894531
2025-08-05,90.85759735107422
2025-08-06,91.02461242675781
2025-08-07,90.6414566040039
2025-08-08,90.84777069091797
2025-08-11,90.66110229492188
2025-08-12,93.74602508544922
2025-08-13,95.63233184814453
2025-08-14,94.56145477294922
2025-08-15,93.55935668945312
2025-08-18,93.8639144897461
2025-08-19,93.66741180419922
2025-08-20,93.2449722290039
2025-08-21,93.56917572021484
2025-08-22,97.28285217285156
2025-08-25,96.84075164794922
2025-08-26,97.43022918701172
2025-08-27,98.47164154052734
2025-08-28,98.2947998046875
2025-08-29,98.09829711914062
2025-09-02,97.73479461669922
2025-09-03,97.38111877441406
2025-09-04,99.1495361328125
2025-09-05,99.169189453125
2025-09-08,99.07093048095703
2025-09-09,98.04918670654297
2025-09-10,98.28497314453125
2025-09-11,99.88636779785156
2025-09-12,98.38320922851562
2025-09-15,98.76636505126953
2025-09-16,98.52075958251953
2025-09-17,98.6189956665039
2025-09-18,100.3284683227539
2025-09-19,98.94320678710938
2025-09-22,98.78601837158203
2025-09-23,99.06926727294922
2025-09-24,98.87188720703125
2025-09-25,98.14154815673828
2025-09-26,99.23705291748047
2025-09-29,98.4968490600586
2025-09-30,98.2303695678711
2025-10-01,98.61527252197266
2025-10-02,98.52645874023438
2025-10-03,99.34561920166016
2025-10-06,99.21731567382812
2025-10-07,98.02310180664062
2025-10-08,98.56593322753906
2025-10-09,97.36186218261719
2025-10-10,93.94703674316406
2025-10-13,96.266357421875
2025-10-14,97.86520385742188
2025-10-15,97.89480590820312
2025-10-16,95.82222747802734
2025-10-17,95.79261779785156
2025-10-20,97.26317596435547
2025-10-21,97.49015808105469
2025-10-22,96.89799499511719
2025-10-23,97.96390533447266
2025-10-24,98.60541534423828
2025-10-27,98.50670623779297
2025-10-28,98.0329818725586
2025-10-29,97.00656127929688
2025-10-30,96.04923248291016
2025-10-31,96.52296447753906
2025-11-03,96.54269409179688
2025-11-04,95.31889343261719
2025-11-05,96.53282165527344
2025-11-06,95.66432189941406
2025-11-07,96.46373748779297
2025-11-10,97.20394897460938
2025-11-11,97.69741821289062
2025-11-12,97.95403289794922
2025-11-13,96.43413543701172
2025-11-14,96.31570434570312
2025-11-17,93.89769744873047
2025-11-18,94.38128662109375
2025-11-19,94.1444320678711
2025-11-20,92.7034912109375
2025-11-21,95.56562805175781
2025-11-24,96.30583953857422
2025-11-25,98.88175201416016
2025-11-26,99.61209106445312
2025-11-28,99.8094711303711
2025-12-01,99.79960632324219
2025-12-02,99.73052978515625
2025-12-03,101.64519500732422
2025-12-04,101.6155776977539
2025-12-05,101.5563735961914
2025-12-08,101.12210845947266
2025-12-09,101.5267562866211
2025-12-10,103.94476318359375
2025-12-11,104.86262512207031
2025-12-12,103.73751068115234
2025-12-15,103.66841888427734
2025-12-16,102.55010986328125
2025-12-17,102.56000518798828
2025-12-18,102.79773712158203
2025-12-19,102.79773712158203
2025-12-22,103.24348449707031
2025-12-23,102.74821472167969
2025-12-24,102.83735656738281
2025-12-26,102.7085952758789
2025-12-29,102.21332550048828
2025-12-30,101.93597412109375
2025-12-31,101.01478576660156
2026-01-02,102.14398956298828
2026-01-05,103.6694107055664
2026-01-06,105.14530181884766
2026-01-07,104.1745834350586
2026-01-08,106.13584899902344
2026-01-09,106.31414031982422
2026-01-12,105.84858703613281
2026-01-13,106.02688598632812
2026-01-14,106.56177520751953
2026-01-15,107.86927795410156
2026-01-16,107.48297882080078
2026-01-20,105.8584976196289
2026-01-21,109.05791473388672
2026-01-22,109.2164077758789
2026-01-23,107.4631576538086
2026-01-26,107.4631576538086
2026-01-27,107.75041198730469
2026-01-28,107.26505279541016
2026-01-29,108.71123504638672
2026-01-30,108.23577880859375
2026-02-02,109.69185638427734
2026-02-03,110.76164245605469
2026-02-04,112.07905578613281
2026-02-05,110.90031433105469
2026-02-06,114.09974670410156
2026-02-09,114.11955261230469
2026-02-10,113.40636444091797
2026-02-11,114.16908264160156
2026-02-12,112.31678771972656
2026-02-13,113.81249237060547
2026-02-17,113.57476806640625
2026-02-18,114.08984375
2026-02-19,113.89173889160156
2026-02-20,114.4464340209961
2026-02-23,111.78189086914062
2026-02-24,112.81204986572266
2026-02-25,113.12901306152344
2026-02-26,113.50542449951172
2026-02-27,111.91067504882812
2026-03-02,112.56440734863281
2026-03-03,111.27671813964844
2026-03-04,111.96019744873047
2026-03-05,110.00882720947266
2026-03-06,107.62165069580078
2026-03-09,107.95842742919922
2026-03-10,107.5313949584961
2026-03-11,107.24340057373047
2026-03-12,105.77363586425781
2026-03-13,105.55516052246094
2026-03-16,106.1212158203125
2026-03-17,106.935546875
2026-03-18,105.76370239257812
2026-03-19,106.68727111816406
2026-03-20,105.34661102294922
2026-03-23,107.46188354492188
2026-03-24,109.16006469726562
2026-03-25,109.96446228027344
2026-03-26,109.57715606689453
2026-03-27,108.4748306274414
2026-03-30,107.5214614868164
2026-03-31,109.70626068115234
2026-04-01,109.90486907958984
2026-04-02,110.64968872070312
2026-04-06,111.38457489013672
2026-04-07,111.64277648925781
2026-04-08,113.94673156738281
2026-04-09,114.66175842285156
2026-04-10,113.93681335449219
2026-04-13,115.05899047851562
2026-04-14,114.66175842285156
2026-04-15,114.33403778076172
2026-04-16,114.91002655029297
2026-04-17,116.70751190185547
2026-04-20,117.39273834228516
2026-04-21,116.9657211303711
2026-04-22,117.35301971435547
2026-04-23,118.06804656982422
2026-04-24,118.13755798339844
2026-04-27,118.78306579589844
2026-04-28,118.61425018310547
2026-04-29,117.78004455566406
2026-04-30,119.30940246582031
2026-05-01,119.13064575195312
2026-05-04,117.74031829833984
2026-05-05,119.32926940917969
2026-05-06,119.55767822265625
2026-05-07,118.35604095458984
2026-05-08,119.011474609375
2026-05-11,118.15742492675781
2026-05-12,117.48212432861328
2026-05-13,116.99551391601562
2026-05-14,117.9488754272461
2026-05-15,116.43938446044922
2026-05-18,117.6012954711914
2026-05-19,116.36986541748047
2026-05-20,118.43548583984375
2026-05-21,118.4156265258789
2026-05-22,119.20015716552734
2026-05-26,120.51103973388672
2026-05-27,120.18331909179688
2026-05-28,120.2528305053711
2026-05-29,119.22003173828125
2026-06-01,119.23988342285156
2026-06-02,120.33228302001953
2026-06-03,119.16043853759766
2026-06-04,120.61034393310547
2026-06-05,118.87244415283203
2026-06-08,120.07408142089844
2026-06-09,120.64521026611328
2026-06-10,120.4657974243164
2026-06-11,122.79816436767578
2026-06-12,123.97431945800781
2026-06-15,122.77823638916016
2026-06-16,122.01074981689453
2026-06-17,120.38606262207031
2026-06-18,121.60208129882812
2026-06-22,121.98084259033203
2026-06-23,121.98084259033203
2026-06-24,122.76826477050781
2026-06-25,123.75504302978516
2026-06-26,124.5324935913086
2026-06-29,124.24343872070312
2026-06-30,124.35308074951172
2026-07-01,123.94441223144531
2026-07-02,123.10716247558594
2026-07-06,123.41614532470703
2026-07-07,122.74832916259766
2026-07-08,121.99080657958984
2026-07-09,122.81809997558594
2026-07-10,123.54571533203125
2026-07-13,123.56565856933594
2026-07-14,123.67530059814453
2026-07-15,124.26337432861328
2026-07-16,125.75847625732422
2026-07-17,124.94115447998047
2026-07-20,124.1636962890625
2026-07-21,125.64883422851562
2026-07-22,125.50929260253906
2026-07-23,124.4228515625
2026-07-24,124.87138366699219
2026-07-27,125.0208969116211
2026-07-28,125.7784194946289
2026-07-29,124.71190643310547
2026-07-30,124.83151245117188
2026-07-31,124.87138366699219
2026-08-03,126.62564086914062
2026-08-04,128.32009887695312
2026-08-05,126.82498931884766
2026-08-06,126.00765991210938
2026-08-07,126.4661636352539
2026-08-10,126.58577728271484
2026-08-11,126.8050537109375
2026-08-12,127.09410858154297
2026-08-13,127.59247589111328
2026-08-14,128.31011962890625
2026-08-17,127.81175994873047
2026-08-18,126.29671478271484
2026-08-19,126.05750274658203
2026-08-20,125.21027374267578
2026-08-21,126.03756713867188
2026-08-24,125.37972259521484
2026-08-25,125.0208969116211
2026-08-26,125.39965057373047
2026-08-27,125.60896301269531
2026-08-28,125.16043853759766
2026-08-31,124.56239318847656
2026-09-01,123.69522857666016
2026-09-02,125.50929260253906
2026-09-03,125.858154296875
2026-09-04,126.51599884033203
2026-09-08,125.31999969482422
2026-09-09,124.30999755859375
2026-09-10,123.77999877929688
2026-09-11,124.5
2026-09-14,124.0199966430664
2026-09-15,123.91999816894531
2026-09-16,122.72000122070312
2026-09-17,122.56999969482422
2026-09-18,121.95999908447266
2026-09-21,121.45999908447266
2026-09-22,
